source_file,row_id,qid,method,policy,policy_display,experiment_group,question,final_action,correct,answered,history_index,step,action,last_action,remaining_budget,num_evidence,best_answer,best_answer_weight,best_utility,delta_uncertainty,evidence_gain,answer_utility,continue_utility,service_utility,generation_entropy,utility_uncertainty,stability_score,total_uncertainty,retrieval_uncertainty,conflict_uncertainty,stability_uncertainty
decision_loop_predictions.json,0,0,decision_loop,default,Default,compare_small,What poet wrote a long poem describing Roman religious holidays?,ANSWER,1,1,1,1,RETRIEVE_MORE,,2,3,ovid,0.6484,0.1815,0.2627,0.1815,0.3977,0.6131,0.3977,0.8082,0.8185,0.4453,0.7373,0.8185,0.3516,0.5547
decision_loop_predictions.json,0,0,decision_loop,default,Default,compare_small,What poet wrote a long poem describing Roman religious holidays?,ANSWER,1,1,2,2,STOP,RETRIEVE_MORE,1,5,ovid,0.4733,0.1815,0.0,0.0,0.3315,0.3892,0.2315,0.8595,0.8185,0.4208,0.7549,0.8185,0.5267,0.5792
decision_loop_predictions.json,1,1,decision_loop,default,Default,compare_small,What is the form of hydrogen and carbon called?,ANSWER,0,1,1,1,RETRIEVE_MORE,,2,3,ortho-para,0.409,0.1404,0.0941,0.1404,0.2199,0.6232,0.2199,0.9822,0.8596,0.0678,0.9059,0.8596,0.591,0.9322
decision_loop_predictions.json,1,1,decision_loop,default,Default,compare_small,What is the form of hydrogen and carbon called?,ANSWER,0,1,2,2,RERANK,RETRIEVE_MORE,1,5,ortho-para,0.2859,0.1404,0.0404,0.0,0.2028,0.4441,0.1028,0.9746,0.8596,0.1974,0.8655,0.8596,0.7141,0.8026
decision_loop_predictions.json,1,1,decision_loop,default,Default,compare_small,What is the form of hydrogen and carbon called?,ANSWER,0,1,3,3,RETRIEVE_MORE,RERANK,1,3,ortho-para,0.4489,0.1645,0.0475,0.0241,0.2942,0.4303,0.1942,0.9736,0.8355,0.3151,0.818,0.8355,0.5511,0.6849
decision_loop_predictions.json,1,1,decision_loop,default,Default,compare_small,What is the form of hydrogen and carbon called?,ANSWER,0,1,4,4,STOP,RETRIEVE_MORE,0,5,ortho-para,0.3298,0.1645,0.0,0.0,0.2437,0.29,0.0437,0.9611,0.8355,0.2713,0.8286,0.8355,0.6702,0.7287
decision_loop_predictions.json,2,2,decision_loop,default,Default,compare_small,What adjective did Lawrence Toppman use to describe Craig's portrayal of James Bond?,ANSWER,1,1,1,1,RETRIEVE_MORE,,2,3,bored,0.6383,0.3308,0.3315,0.3308,0.4592,0.6166,0.4592,0.8213,0.6692,0.4346,0.6685,0.6692,0.3617,0.5654
decision_loop_predictions.json,2,2,decision_loop,default,Default,compare_small,What adjective did Lawrence Toppman use to describe Craig's portrayal of James Bond?,ANSWER,1,1,2,2,ANSWER,RETRIEVE_MORE,1,5,bored,0.5064,0.3308,0.0131,0.0,0.425,0.3596,0.325,0.8458,0.6692,0.4948,0.6553,0.6692,0.4936,0.5052
decision_loop_predictions.json,3,3,decision_loop,default,Default,compare_small,To what two islands does the ferry service connect?,ANSWER,0,1,1,1,RETRIEVE_MORE,,2,3,east cowes and cowes,0.4183,0.12,0.0982,0.12,0.2239,0.6136,0.2239,0.9854,0.88,0.1175,0.9018,0.88,0.5817,0.8825
decision_loop_predictions.json,3,3,decision_loop,default,Default,compare_small,To what two islands does the ferry service connect?,ANSWER,0,1,2,2,RERANK,RETRIEVE_MORE,1,5,east cowes and cowes,0.3123,0.12,0.0405,0.0,0.2109,0.4427,0.1109,0.9631,0.88,0.2377,0.8613,0.88,0.6877,0.7623
decision_loop_predictions.json,3,3,decision_loop,default,Default,compare_small,To what two islands does the ferry service connect?,ANSWER,0,1,3,3,STOP,RERANK,1,3,east cowes and cowes,0.4183,0.12,0.0045,0.0,0.2539,0.4267,0.1539,0.9854,0.88,0.2675,0.8568,0.88,0.5817,0.7325
decision_loop_predictions.json,4,4,decision_loop,default,Default,compare_small,What took the place of Mac's Xserve server?,ANSWER,1,1,1,1,RETRIEVE_MORE,,2,3,mac mini and mac pro,0.471,0.1313,0.1278,0.1313,0.2601,0.6078,0.2601,0.9609,0.8687,0.181,0.8722,0.8687,0.529,0.819
decision_loop_predictions.json,4,4,decision_loop,default,Default,compare_small,What took the place of Mac's Xserve server?,ANSWER,1,1,2,2,RERANK,RETRIEVE_MORE,1,5,mac mini and mac pro,0.3318,0.1313,0.0281,0.0,0.2307,0.4317,0.1307,0.9649,0.8687,0.2775,0.8441,0.8687,0.6682,0.7225
decision_loop_predictions.json,4,4,decision_loop,default,Default,compare_small,What took the place of Mac's Xserve server?,ANSWER,1,1,3,3,RETRIEVE_MORE,RERANK,1,3,mac mini and mac pro,0.471,0.1313,0.0169,0.0,0.2901,0.4213,0.1901,0.9609,0.8687,0.331,0.8272,0.8687,0.529,0.669
decision_loop_predictions.json,4,4,decision_loop,default,Default,compare_small,What took the place of Mac's Xserve server?,ANSWER,1,1,4,4,STOP,RETRIEVE_MORE,0,5,mac mini and mac pro,0.3318,0.1313,0.0,0.0,0.2307,0.2954,0.0307,0.9649,0.8687,0.2775,0.8441,0.8687,0.6682,0.7225
decision_loop_predictions.json,5,5,decision_loop,default,Default,compare_small,What is one example of an application that videoconferencing manufacturers have begun to offer?,ANSWER,0,1,1,1,RETRIEVE_MORE,,2,3,live and still image streaming,0.4617,0.0789,0.0852,0.0789,0.2208,0.6043,0.2208,0.9491,0.9211,0.1185,0.9148,0.9211,0.5383,0.8815
decision_loop_predictions.json,5,5,decision_loop,default,Default,compare_small,What is one example of an application that videoconferencing manufacturers have begun to offer?,ANSWER,0,1,2,2,RERANK,RETRIEVE_MORE,1,5,live and still image streaming,0.2899,0.0789,0.0265,0.0,0.1818,0.4465,0.0818,0.9753,0.9211,0.2244,0.8883,0.9211,0.7101,0.7756
decision_loop_predictions.json,5,5,decision_loop,default,Default,compare_small,What is one example of an application that videoconferencing manufacturers have begun to offer?,ANSWER,0,1,3,3,STOP,RERANK,1,3,live and still image streaming,0.3854,0.0789,0.0,0.0,0.2118,0.439,0.1118,0.9933,0.9211,0.2073,0.897,0.9211,0.6146,0.7927
decision_loop_predictions.json,6,6,decision_loop,default,Default,compare_small,What are Italian dialects termed in the Italian language?,ANSWER,0,1,1,1,RETRIEVE_MORE,,2,3,dialects,0.6918,0.1319,0.2028,0.1319,0.3782,0.6101,0.3782,0.8911,0.8681,0.3837,0.7972,0.8681,0.3082,0.6163
decision_loop_predictions.json,6,6,decision_loop,default,Default,compare_small,What are Italian dialects termed in the Italian language?,ANSWER,0,1,2,2,STOP,RETRIEVE_MORE,1,5,dialects,0.4657,0.1319,0.0018,0.0,0.304,0.4041,0.204,0.919,0.8681,0.4082,0.7954,0.8681,0.5343,0.5918
decision_loop_predictions.json,7,7,decision_loop,default,Default,compare_small,"Along with exhibition and distribution, what business did the Universal Film Manufacturing Company engage in?",ANSWER,1,1,1,1,RETRIEVE_MORE,,2,3,movie production,0.5062,0.1815,0.1596,0.1815,0.2932,0.6168,0.2932,0.9133,0.8185,0.1715,0.8404,0.8185,0.4938,0.8285
decision_loop_predictions.json,7,7,decision_loop,default,Default,compare_small,"Along with exhibition and distribution, what business did the Universal Film Manufacturing Company engage in?",ANSWER,1,1,2,2,RERANK,RETRIEVE_MORE,1,5,movie production,0.3761,0.1815,0.0288,0.0,0.2688,0.4206,0.1688,0.928,0.8185,0.2774,0.8116,0.8185,0.6239,0.7226
decision_loop_predictions.json,7,7,decision_loop,default,Default,compare_small,"Along with exhibition and distribution, what business did the Universal Film Manufacturing Company engage in?",ANSWER,1,1,3,3,STOP,RERANK,1,3,movie production,0.4559,0.1815,0.0,0.0,0.2915,0.4132,0.1915,0.9474,0.8185,0.2512,0.8234,0.8185,0.5441,0.7488
decision_loop_predictions.json,8,8,decision_loop,default,Default,compare_small,Whose life was 'Schindler's List' based on?,ANSWER,1,1,1,1,RETRIEVE_MORE,,2,3,oskar schindler,0.6628,0.2277,0.2912,0.2277,0.4236,0.6146,0.4236,0.7817,0.7723,0.4457,0.7088,0.7723,0.3372,0.5543
decision_loop_predictions.json,8,8,decision_loop,default,Default,compare_small,Whose life was 'Schindler's List' based on?,ANSWER,1,1,2,2,STOP,RETRIEVE_MORE,1,5,oskar schindler,0.5082,0.2277,0.0,0.0,0.3613,0.3829,0.2613,0.8603,0.7723,0.4048,0.7368,0.7723,0.4918,0.5952
decision_loop_predictions.json,9,9,decision_loop,default,Default,compare_small,In what presidential election year did Schwarzenegger make a name for himself as a prominent Republican?,ABSTAIN,0,0,1,1,RERANK,,2,3,2008,0.3674,0.1548,0.081,0.1548,0.1995,0.6336,0.1995,0.9919,0.8452,0.0065,0.919,0.8452,0.6326,0.9935
decision_loop_predictions.json,9,9,decision_loop,default,Default,compare_small,In what presidential election year did Schwarzenegger make a name for himself as a prominent Republican?,ABSTAIN,0,0,2,2,RETRIEVE_MORE,RERANK,2,3,2008,0.3674,0.1548,0.045,0.0,0.2295,0.5739,0.2295,0.9919,0.8452,0.1565,0.874,0.8452,0.6326,0.8435
decision_loop_predictions.json,9,9,decision_loop,default,Default,compare_small,In what presidential election year did Schwarzenegger make a name for himself as a prominent Republican?,ABSTAIN,0,0,3,3,RERANK,RETRIEVE_MORE,1,5,2006,0.3614,0.1548,0.0,0.0,0.2154,0.4343,0.1154,0.9497,0.8452,0.0962,0.8837,0.8452,0.6386,0.9038
decision_loop_predictions.json,9,9,decision_loop,default,Default,compare_small,In what presidential election year did Schwarzenegger make a name for himself as a prominent Republican?,ABSTAIN,0,0,4,4,STOP,RERANK,1,3,2008,0.3674,0.1548,0.0,0.0,0.1995,0.4467,0.0995,0.9919,0.8452,0.0065,0.919,0.8452,0.6326,0.9935
phase3_predictions.json,0,0,legacy_phase3,phase3,phase3,legacy,What is the capital of France?,ABSTAIN,0,0,1,1,RERANK,,2,3,,,,,,,,,,,,0.4224,0.3308,0.6667,0.2852
phase3_predictions.json,0,0,legacy_phase3,phase3,phase3,legacy,What is the capital of France?,ABSTAIN,0,0,2,2,RERANK,,1,4,,,,,,,,,,,,0.4353,0.3002,0.75,0.301
phase3_predictions.json,0,0,legacy_phase3,phase3,phase3,legacy,What is the capital of France?,ABSTAIN,0,0,3,3,RERANK,,1,2,,,,,,,,,,,,0.3003,0.3002,0.5,0.0009
phase3_predictions.json,0,0,legacy_phase3,phase3,phase3,legacy,What is the capital of France?,ABSTAIN,0,0,4,4,ABSTAIN,,0,4,,,,,,,,,,,,0.4353,0.3002,0.75,0.301
phase3_predictions.json,1,1,legacy_phase3,phase3,phase3,legacy,Which planet is the largest in the Solar System?,ABSTAIN,0,0,1,1,RERANK,,2,3,,,,,,,,,,,,0.3975,0.3406,0.6667,0.1357
phase3_predictions.json,1,1,legacy_phase3,phase3,phase3,legacy,Which planet is the largest in the Solar System?,ABSTAIN,0,0,2,2,RERANK,,1,4,,,,,,,,,,,,0.4225,0.3406,0.75,0.1357
phase3_predictions.json,1,1,legacy_phase3,phase3,phase3,legacy,Which planet is the largest in the Solar System?,ABSTAIN,0,0,3,3,RERANK,,1,2,,,,,,,,,,,,0.35,0.3406,0.5,0.1484
phase3_predictions.json,1,1,legacy_phase3,phase3,phase3,legacy,Which planet is the largest in the Solar System?,ABSTAIN,0,0,4,4,ABSTAIN,,0,4,,,,,,,,,,,,0.4225,0.3406,0.75,0.1357
phase3_predictions.json,2,2,legacy_phase3,phase3,phase3,legacy,Who wrote Hamlet?,ABSTAIN,0,0,1,1,RERANK,,2,3,,,,,,,,,,,,0.2961,0.3639,0.3333,0.0705
phase3_predictions.json,2,2,legacy_phase3,phase3,phase3,legacy,Who wrote Hamlet?,ABSTAIN,0,0,2,2,RERANK,,1,4,,,,,,,,,,,,0.2711,0.3639,0.25,0.0705
phase3_predictions.json,2,2,legacy_phase3,phase3,phase3,legacy,Who wrote Hamlet?,ABSTAIN,0,0,3,3,ABSTAIN,,0,4,,,,,,,,,,,,0.2711,0.3639,0.25,0.0705
phase3_predictions.json,3,3,legacy_phase3,phase3,phase3,legacy,What is the chemical symbol for water?,ABSTAIN,0,0,1,1,RETRIEVE_MORE,,2,3,,,,,,,,,,,,0.6906,0.9811,0.6667,0.0003
phase3_predictions.json,3,3,legacy_phase3,phase3,phase3,legacy,What is the chemical symbol for water?,ABSTAIN,0,0,2,2,RETRIEVE_MORE,,1,5,,,,,,,,,,,,0.7121,0.9741,0.75,0.0004
phase3_predictions.json,3,3,legacy_phase3,phase3,phase3,legacy,What is the chemical symbol for water?,ABSTAIN,0,0,3,3,ABSTAIN,,0,7,,,,,,,,,,,,0.706,0.962,0.75,0.0002
phase3_predictions.json,4,4,legacy_phase3,phase3,phase3,legacy,What is the tallest mountain in the world?,ABSTAIN,0,0,1,1,RERANK,,2,3,,,,,,,,,,,,0.4287,0.3491,0.6667,0.2709
phase3_predictions.json,4,4,legacy_phase3,phase3,phase3,legacy,What is the tallest mountain in the world?,ABSTAIN,0,0,2,2,RERANK,,2,2,,,,,,,,,,,,0.3466,0.3491,0.5,0.1099
phase3_predictions.json,4,4,legacy_phase3,phase3,phase3,legacy,What is the tallest mountain in the world?,ABSTAIN,0,0,3,3,RERANK,,1,4,,,,,,,,,,,,0.4424,0.3491,0.75,0.2139
phase3_predictions.json,4,4,legacy_phase3,phase3,phase3,legacy,What is the tallest mountain in the world?,ABSTAIN,0,0,4,4,RERANK,,1,2,,,,,,,,,,,,0.3466,0.3491,0.5,0.1099
phase3_predictions.json,5,5,legacy_phase3,phase3,phase3,legacy,Who painted the Mona Lisa?,ABSTAIN,0,0,1,1,RERANK,,2,3,,,,,,,,,,,,0.4094,0.2577,0.6667,0.4029
phase3_predictions.json,5,5,legacy_phase3,phase3,phase3,legacy,Who painted the Mona Lisa?,ABSTAIN,0,0,2,2,RERANK,,2,2,,,,,,,,,,,,0.3492,0.2577,0.5,0.3518
phase3_predictions.json,5,5,legacy_phase3,phase3,phase3,legacy,Who painted the Mona Lisa?,ABSTAIN,0,0,3,3,RERANK,,1,4,,,,,,,,,,,,0.4009,0.2577,0.75,0.2351
phase3_predictions.json,5,5,legacy_phase3,phase3,phase3,legacy,Who painted the Mona Lisa?,ABSTAIN,0,0,4,4,RERANK,,1,2,,,,,,,,,,,,0.2935,0.2577,0.5,0.0732
phase3_predictions.json,6,6,legacy_phase3,phase3,phase3,legacy,What is the capital of Japan?,ANSWER,0,1,1,1,RERANK,,2,3,,,,,,,,,,,,0.3071,0.175,0.6667,0.0978
phase3_predictions.json,6,6,legacy_phase3,phase3,phase3,legacy,What is the capital of Japan?,ANSWER,0,1,2,2,RERANK,,1,4,,,,,,,,,,,,0.2921,0.0822,0.75,0.1299
phase3_predictions.json,6,6,legacy_phase3,phase3,phase3,legacy,What is the capital of Japan?,ANSWER,0,1,3,3,RERANK,,1,2,,,,,,,,,,,,0.1928,0.0822,0.5,0.0086
phase3_predictions.json,6,6,legacy_phase3,phase3,phase3,legacy,What is the capital of Japan?,ANSWER,0,1,4,4,RERANK,,0,4,,,,,,,,,,,,0.2921,0.0822,0.75,0.1299
phase3_predictions.json,7,7,legacy_phase3,phase3,phase3,legacy,Which animal is known as the king of the jungle?,ANSWER,1,1,1,1,ANSWER,,2,3,,,,,,,,,,,,0.0307,0.0609,0.0,0.0014
phase3_predictions.json,8,8,legacy_phase3,phase3,phase3,legacy,What gas do plants absorb from the atmosphere?,ABSTAIN,0,0,1,1,RERANK,,2,3,,,,,,,,,,,,0.4128,0.2961,0.6667,0.3235
phase3_predictions.json,8,8,legacy_phase3,phase3,phase3,legacy,What gas do plants absorb from the atmosphere?,ABSTAIN,0,0,2,2,RERANK,,2,2,,,,,,,,,,,,0.329,0.2961,0.5,0.1547
phase3_predictions.json,8,8,legacy_phase3,phase3,phase3,legacy,What gas do plants absorb from the atmosphere?,ABSTAIN,0,0,3,3,RERANK,,1,4,,,,,,,,,,,,0.4244,0.2961,0.75,0.2569
phase3_predictions.json,8,8,legacy_phase3,phase3,phase3,legacy,What gas do plants absorb from the atmosphere?,ABSTAIN,0,0,4,4,RERANK,,1,2,,,,,,,,,,,,0.329,0.2961,0.5,0.1547
phase3_predictions.json,9,9,legacy_phase3,phase3,phase3,legacy,Who developed the theory of relativity?,ABSTAIN,0,0,1,1,RERANK,,2,3,,,,,,,,,,,,0.4197,0.3057,0.6667,0.3342
phase3_predictions.json,9,9,legacy_phase3,phase3,phase3,legacy,Who developed the theory of relativity?,ABSTAIN,0,0,2,2,RERANK,,1,4,,,,,,,,,,,,0.3533,0.3057,0.5,0.2524
phase3_predictions.json,9,9,legacy_phase3,phase3,phase3,legacy,Who developed the theory of relativity?,ABSTAIN,0,0,3,3,ABSTAIN,,0,4,,,,,,,,,,,,0.3533,0.3057,0.5,0.2524
phase3_predictions.json,10,10,legacy_phase3,phase3,phase3,legacy,What is the capital of France?,ABSTAIN,0,0,1,1,RERANK,,2,3,,,,,,,,,,,,0.4224,0.3308,0.6667,0.2852
phase3_predictions.json,10,10,legacy_phase3,phase3,phase3,legacy,What is the capital of France?,ABSTAIN,0,0,2,2,RERANK,,1,4,,,,,,,,,,,,0.4353,0.3002,0.75,0.301
phase3_predictions.json,10,10,legacy_phase3,phase3,phase3,legacy,What is the capital of France?,ABSTAIN,0,0,3,3,RERANK,,1,2,,,,,,,,,,,,0.3003,0.3002,0.5,0.0009
phase3_predictions.json,10,10,legacy_phase3,phase3,phase3,legacy,What is the capital of France?,ABSTAIN,0,0,4,4,ABSTAIN,,0,4,,,,,,,,,,,,0.4353,0.3002,0.75,0.301
phase3_predictions.json,11,11,legacy_phase3,phase3,phase3,legacy,Which planet is the largest in the Solar System?,ABSTAIN,0,0,1,1,RERANK,,2,3,,,,,,,,,,,,0.3975,0.3406,0.6667,0.1357
phase3_predictions.json,11,11,legacy_phase3,phase3,phase3,legacy,Which planet is the largest in the Solar System?,ABSTAIN,0,0,2,2,RERANK,,1,4,,,,,,,,,,,,0.4225,0.3406,0.75,0.1357
phase3_predictions.json,11,11,legacy_phase3,phase3,phase3,legacy,Which planet is the largest in the Solar System?,ABSTAIN,0,0,3,3,RERANK,,1,2,,,,,,,,,,,,0.35,0.3406,0.5,0.1484
phase3_predictions.json,11,11,legacy_phase3,phase3,phase3,legacy,Which planet is the largest in the Solar System?,ABSTAIN,0,0,4,4,ABSTAIN,,0,4,,,,,,,,,,,,0.4225,0.3406,0.75,0.1357
phase3_predictions.json,12,12,legacy_phase3,phase3,phase3,legacy,Who wrote Hamlet?,ABSTAIN,0,0,1,1,RERANK,,2,3,,,,,,,,,,,,0.2961,0.3639,0.3333,0.0705
phase3_predictions.json,12,12,legacy_phase3,phase3,phase3,legacy,Who wrote Hamlet?,ABSTAIN,0,0,2,2,RERANK,,1,4,,,,,,,,,,,,0.2711,0.3639,0.25,0.0705
phase3_predictions.json,12,12,legacy_phase3,phase3,phase3,legacy,Who wrote Hamlet?,ABSTAIN,0,0,3,3,ABSTAIN,,0,4,,,,,,,,,,,,0.2711,0.3639,0.25,0.0705
phase3_predictions.json,13,13,legacy_phase3,phase3,phase3,legacy,What is the chemical symbol for water?,ABSTAIN,0,0,1,1,RETRIEVE_MORE,,2,3,,,,,,,,,,,,0.6906,0.9811,0.6667,0.0003
phase3_predictions.json,13,13,legacy_phase3,phase3,phase3,legacy,What is the chemical symbol for water?,ABSTAIN,0,0,2,2,RETRIEVE_MORE,,1,5,,,,,,,,,,,,0.7121,0.9741,0.75,0.0004
phase3_predictions.json,13,13,legacy_phase3,phase3,phase3,legacy,What is the chemical symbol for water?,ABSTAIN,0,0,3,3,ABSTAIN,,0,7,,,,,,,,,,,,0.706,0.962,0.75,0.0002
phase3_predictions.json,14,14,legacy_phase3,phase3,phase3,legacy,What is the tallest mountain in the world?,ABSTAIN,0,0,1,1,RERANK,,2,3,,,,,,,,,,,,0.4287,0.3491,0.6667,0.2709
phase3_predictions.json,14,14,legacy_phase3,phase3,phase3,legacy,What is the tallest mountain in the world?,ABSTAIN,0,0,2,2,RERANK,,2,2,,,,,,,,,,,,0.3466,0.3491,0.5,0.1099
phase3_predictions.json,14,14,legacy_phase3,phase3,phase3,legacy,What is the tallest mountain in the world?,ABSTAIN,0,0,3,3,RERANK,,1,4,,,,,,,,,,,,0.4424,0.3491,0.75,0.2139
phase3_predictions.json,14,14,legacy_phase3,phase3,phase3,legacy,What is the tallest mountain in the world?,ABSTAIN,0,0,4,4,RERANK,,1,2,,,,,,,,,,,,0.3466,0.3491,0.5,0.1099
phase3_predictions.json,15,15,legacy_phase3,phase3,phase3,legacy,Who painted the Mona Lisa?,ABSTAIN,0,0,1,1,RERANK,,2,3,,,,,,,,,,,,0.4094,0.2577,0.6667,0.4029
phase3_predictions.json,15,15,legacy_phase3,phase3,phase3,legacy,Who painted the Mona Lisa?,ABSTAIN,0,0,2,2,RERANK,,2,2,,,,,,,,,,,,0.3492,0.2577,0.5,0.3518
phase3_predictions.json,15,15,legacy_phase3,phase3,phase3,legacy,Who painted the Mona Lisa?,ABSTAIN,0,0,3,3,RERANK,,1,4,,,,,,,,,,,,0.4009,0.2577,0.75,0.2351
phase3_predictions.json,15,15,legacy_phase3,phase3,phase3,legacy,Who painted the Mona Lisa?,ABSTAIN,0,0,4,4,RERANK,,1,2,,,,,,,,,,,,0.2935,0.2577,0.5,0.0732
phase3_predictions.json,16,16,legacy_phase3,phase3,phase3,legacy,What is the capital of Japan?,ANSWER,0,1,1,1,RERANK,,2,3,,,,,,,,,,,,0.3071,0.175,0.6667,0.0978
phase3_predictions.json,16,16,legacy_phase3,phase3,phase3,legacy,What is the capital of Japan?,ANSWER,0,1,2,2,RERANK,,1,4,,,,,,,,,,,,0.2921,0.0822,0.75,0.1299
phase3_predictions.json,16,16,legacy_phase3,phase3,phase3,legacy,What is the capital of Japan?,ANSWER,0,1,3,3,RERANK,,1,2,,,,,,,,,,,,0.1928,0.0822,0.5,0.0086
phase3_predictions.json,16,16,legacy_phase3,phase3,phase3,legacy,What is the capital of Japan?,ANSWER,0,1,4,4,RERANK,,0,4,,,,,,,,,,,,0.2921,0.0822,0.75,0.1299
phase3_predictions.json,17,17,legacy_phase3,phase3,phase3,legacy,Which animal is known as the king of the jungle?,ANSWER,1,1,1,1,ANSWER,,2,3,,,,,,,,,,,,0.0307,0.0609,0.0,0.0014
phase3_predictions.json,18,18,legacy_phase3,phase3,phase3,legacy,What gas do plants absorb from the atmosphere?,ABSTAIN,0,0,1,1,RERANK,,2,3,,,,,,,,,,,,0.4128,0.2961,0.6667,0.3235
phase3_predictions.json,18,18,legacy_phase3,phase3,phase3,legacy,What gas do plants absorb from the atmosphere?,ABSTAIN,0,0,2,2,RERANK,,2,2,,,,,,,,,,,,0.329,0.2961,0.5,0.1547
phase3_predictions.json,18,18,legacy_phase3,phase3,phase3,legacy,What gas do plants absorb from the atmosphere?,ABSTAIN,0,0,3,3,RERANK,,1,4,,,,,,,,,,,,0.4244,0.2961,0.75,0.2569
phase3_predictions.json,18,18,legacy_phase3,phase3,phase3,legacy,What gas do plants absorb from the atmosphere?,ABSTAIN,0,0,4,4,RERANK,,1,2,,,,,,,,,,,,0.329,0.2961,0.5,0.1547
phase3_predictions.json,19,19,legacy_phase3,phase3,phase3,legacy,Who developed the theory of relativity?,ABSTAIN,0,0,1,1,RERANK,,2,3,,,,,,,,,,,,0.4197,0.3057,0.6667,0.3342
phase3_predictions.json,19,19,legacy_phase3,phase3,phase3,legacy,Who developed the theory of relativity?,ABSTAIN,0,0,2,2,RERANK,,1,4,,,,,,,,,,,,0.3533,0.3057,0.5,0.2524
phase3_predictions.json,19,19,legacy_phase3,phase3,phase3,legacy,Who developed the theory of relativity?,ABSTAIN,0,0,3,3,ABSTAIN,,0,4,,,,,,,,,,,,0.3533,0.3057,0.5,0.2524
phase5_A_aggressive_predictions.json,0,0,decision_loop,aggressive,Aggressive,policy_sweep,What poet wrote a long poem describing Roman religious holidays?,ABSTAIN,0,0,1,1,RETRIEVE_MORE,,2,3,ovid,0.6484,0.1815,0.2627,0.1815,0.3977,0.6131,0.3977,0.8082,0.8185,0.4453,0.7373,0.8185,0.3516,0.5547
phase5_A_aggressive_predictions.json,0,0,decision_loop,aggressive,Aggressive,policy_sweep,What poet wrote a long poem describing Roman religious holidays?,ABSTAIN,0,0,2,2,STOP,RETRIEVE_MORE,1,5,ovid,0.4733,0.1815,0.0,0.0,0.3315,0.3892,0.2315,0.8595,0.8185,0.4208,0.7549,0.8185,0.5267,0.5792
phase5_A_aggressive_predictions.json,1,1,decision_loop,aggressive,Aggressive,policy_sweep,What is the form of hydrogen and carbon called?,ABSTAIN,0,0,1,1,RETRIEVE_MORE,,2,3,ortho-para,0.409,0.1404,0.0941,0.1404,0.2199,0.6232,0.2199,0.9822,0.8596,0.0678,0.9059,0.8596,0.591,0.9322
phase5_A_aggressive_predictions.json,1,1,decision_loop,aggressive,Aggressive,policy_sweep,What is the form of hydrogen and carbon called?,ABSTAIN,0,0,2,2,RERANK,RETRIEVE_MORE,1,5,ortho-para,0.2859,0.1404,0.0404,0.0,0.2028,0.4441,0.1028,0.9746,0.8596,0.1974,0.8655,0.8596,0.7141,0.8026
phase5_A_aggressive_predictions.json,1,1,decision_loop,aggressive,Aggressive,policy_sweep,What is the form of hydrogen and carbon called?,ABSTAIN,0,0,3,3,RETRIEVE_MORE,RERANK,1,3,ortho-para,0.4489,0.1645,0.0475,0.0241,0.2942,0.4303,0.1942,0.9736,0.8355,0.3151,0.818,0.8355,0.5511,0.6849
phase5_A_aggressive_predictions.json,1,1,decision_loop,aggressive,Aggressive,policy_sweep,What is the form of hydrogen and carbon called?,ABSTAIN,0,0,4,4,STOP,RETRIEVE_MORE,0,5,ortho-para,0.3298,0.1645,0.0,0.0,0.2437,0.29,0.0437,0.9611,0.8355,0.2713,0.8286,0.8355,0.6702,0.7287
phase5_A_aggressive_predictions.json,2,2,decision_loop,aggressive,Aggressive,policy_sweep,What adjective did Lawrence Toppman use to describe Craig's portrayal of James Bond?,ANSWER,1,1,1,1,RETRIEVE_MORE,,2,3,bored,0.6383,0.3308,0.3315,0.3308,0.4592,0.6166,0.4592,0.8213,0.6692,0.4346,0.6685,0.6692,0.3617,0.5654
phase5_A_aggressive_predictions.json,2,2,decision_loop,aggressive,Aggressive,policy_sweep,What adjective did Lawrence Toppman use to describe Craig's portrayal of James Bond?,ANSWER,1,1,2,2,ANSWER,RETRIEVE_MORE,1,5,bored,0.5064,0.3308,0.0131,0.0,0.425,0.3596,0.325,0.8458,0.6692,0.4948,0.6553,0.6692,0.4936,0.5052
phase5_A_aggressive_predictions.json,3,3,decision_loop,aggressive,Aggressive,policy_sweep,To what two islands does the ferry service connect?,ABSTAIN,0,0,1,1,RETRIEVE_MORE,,2,3,east cowes and cowes,0.4183,0.12,0.0982,0.12,0.2239,0.6136,0.2239,0.9854,0.88,0.1175,0.9018,0.88,0.5817,0.8825
phase5_A_aggressive_predictions.json,3,3,decision_loop,aggressive,Aggressive,policy_sweep,To what two islands does the ferry service connect?,ABSTAIN,0,0,2,2,RERANK,RETRIEVE_MORE,1,5,east cowes and cowes,0.3123,0.12,0.0405,0.0,0.2109,0.4427,0.1109,0.9631,0.88,0.2377,0.8613,0.88,0.6877,0.7623
phase5_A_aggressive_predictions.json,3,3,decision_loop,aggressive,Aggressive,policy_sweep,To what two islands does the ferry service connect?,ABSTAIN,0,0,3,3,STOP,RERANK,1,3,east cowes and cowes,0.4183,0.12,0.0045,0.0,0.2539,0.4267,0.1539,0.9854,0.88,0.2675,0.8568,0.88,0.5817,0.7325
phase5_A_aggressive_predictions.json,4,4,decision_loop,aggressive,Aggressive,policy_sweep,What took the place of Mac's Xserve server?,ABSTAIN,0,0,1,1,RETRIEVE_MORE,,2,3,mac mini and mac pro,0.471,0.1313,0.1278,0.1313,0.2601,0.6078,0.2601,0.9609,0.8687,0.181,0.8722,0.8687,0.529,0.819
phase5_A_aggressive_predictions.json,4,4,decision_loop,aggressive,Aggressive,policy_sweep,What took the place of Mac's Xserve server?,ABSTAIN,0,0,2,2,RERANK,RETRIEVE_MORE,1,5,mac mini and mac pro,0.3318,0.1313,0.0281,0.0,0.2307,0.4317,0.1307,0.9649,0.8687,0.2775,0.8441,0.8687,0.6682,0.7225
phase5_A_aggressive_predictions.json,4,4,decision_loop,aggressive,Aggressive,policy_sweep,What took the place of Mac's Xserve server?,ABSTAIN,0,0,3,3,RETRIEVE_MORE,RERANK,1,3,mac mini and mac pro,0.471,0.1313,0.0169,0.0,0.2901,0.4213,0.1901,0.9609,0.8687,0.331,0.8272,0.8687,0.529,0.669
phase5_A_aggressive_predictions.json,4,4,decision_loop,aggressive,Aggressive,policy_sweep,What took the place of Mac's Xserve server?,ABSTAIN,0,0,4,4,STOP,RETRIEVE_MORE,0,5,mac mini and mac pro,0.3318,0.1313,0.0,0.0,0.2307,0.2954,0.0307,0.9649,0.8687,0.2775,0.8441,0.8687,0.6682,0.7225
phase5_A_aggressive_predictions.json,5,5,decision_loop,aggressive,Aggressive,policy_sweep,What is one example of an application that videoconferencing manufacturers have begun to offer?,ABSTAIN,0,0,1,1,RETRIEVE_MORE,,2,3,live and still image streaming,0.4617,0.0789,0.0852,0.0789,0.2208,0.6043,0.2208,0.9491,0.9211,0.1185,0.9148,0.9211,0.5383,0.8815
phase5_A_aggressive_predictions.json,5,5,decision_loop,aggressive,Aggressive,policy_sweep,What is one example of an application that videoconferencing manufacturers have begun to offer?,ABSTAIN,0,0,2,2,RERANK,RETRIEVE_MORE,1,5,live and still image streaming,0.2899,0.0789,0.0265,0.0,0.1818,0.4465,0.0818,0.9753,0.9211,0.2244,0.8883,0.9211,0.7101,0.7756
phase5_A_aggressive_predictions.json,5,5,decision_loop,aggressive,Aggressive,policy_sweep,What is one example of an application that videoconferencing manufacturers have begun to offer?,ABSTAIN,0,0,3,3,STOP,RERANK,1,3,live and still image streaming,0.3854,0.0789,0.0,0.0,0.2118,0.439,0.1118,0.9933,0.9211,0.2073,0.897,0.9211,0.6146,0.7927
phase5_A_aggressive_predictions.json,6,6,decision_loop,aggressive,Aggressive,policy_sweep,What are Italian dialects termed in the Italian language?,ABSTAIN,0,0,1,1,RETRIEVE_MORE,,2,3,dialects,0.6918,0.1319,0.2028,0.1319,0.3782,0.6101,0.3782,0.8911,0.8681,0.3837,0.7972,0.8681,0.3082,0.6163
phase5_A_aggressive_predictions.json,6,6,decision_loop,aggressive,Aggressive,policy_sweep,What are Italian dialects termed in the Italian language?,ABSTAIN,0,0,2,2,STOP,RETRIEVE_MORE,1,5,dialects,0.4657,0.1319,0.0018,0.0,0.304,0.4041,0.204,0.919,0.8681,0.4082,0.7954,0.8681,0.5343,0.5918
phase5_A_aggressive_predictions.json,7,7,decision_loop,aggressive,Aggressive,policy_sweep,"Along with exhibition and distribution, what business did the Universal Film Manufacturing Company engage in?",ABSTAIN,0,0,1,1,RETRIEVE_MORE,,2,3,movie production,0.5062,0.1815,0.1596,0.1815,0.2932,0.6168,0.2932,0.9133,0.8185,0.1715,0.8404,0.8185,0.4938,0.8285
phase5_A_aggressive_predictions.json,7,7,decision_loop,aggressive,Aggressive,policy_sweep,"Along with exhibition and distribution, what business did the Universal Film Manufacturing Company engage in?",ABSTAIN,0,0,2,2,RERANK,RETRIEVE_MORE,1,5,movie production,0.3761,0.1815,0.0288,0.0,0.2688,0.4206,0.1688,0.928,0.8185,0.2774,0.8116,0.8185,0.6239,0.7226
phase5_A_aggressive_predictions.json,7,7,decision_loop,aggressive,Aggressive,policy_sweep,"Along with exhibition and distribution, what business did the Universal Film Manufacturing Company engage in?",ABSTAIN,0,0,3,3,STOP,RERANK,1,3,movie production,0.4559,0.1815,0.0,0.0,0.2915,0.4132,0.1915,0.9474,0.8185,0.2512,0.8234,0.8185,0.5441,0.7488
phase5_A_aggressive_predictions.json,8,8,decision_loop,aggressive,Aggressive,policy_sweep,Whose life was 'Schindler's List' based on?,ABSTAIN,0,0,1,1,RETRIEVE_MORE,,2,3,oskar schindler,0.6628,0.2277,0.2912,0.2277,0.4236,0.6146,0.4236,0.7817,0.7723,0.4457,0.7088,0.7723,0.3372,0.5543
phase5_A_aggressive_predictions.json,8,8,decision_loop,aggressive,Aggressive,policy_sweep,Whose life was 'Schindler's List' based on?,ABSTAIN,0,0,2,2,STOP,RETRIEVE_MORE,1,5,oskar schindler,0.5082,0.2277,0.0,0.0,0.3613,0.3829,0.2613,0.8603,0.7723,0.4048,0.7368,0.7723,0.4918,0.5952
phase5_A_aggressive_predictions.json,9,9,decision_loop,aggressive,Aggressive,policy_sweep,In what presidential election year did Schwarzenegger make a name for himself as a prominent Republican?,ABSTAIN,0,0,1,1,RERANK,,2,3,2008,0.3674,0.1548,0.081,0.1548,0.1995,0.6336,0.1995,0.9919,0.8452,0.0065,0.919,0.8452,0.6326,0.9935
phase5_A_aggressive_predictions.json,9,9,decision_loop,aggressive,Aggressive,policy_sweep,In what presidential election year did Schwarzenegger make a name for himself as a prominent Republican?,ABSTAIN,0,0,2,2,RETRIEVE_MORE,RERANK,2,3,2008,0.3674,0.1548,0.045,0.0,0.2295,0.5739,0.2295,0.9919,0.8452,0.1565,0.874,0.8452,0.6326,0.8435
phase5_A_aggressive_predictions.json,9,9,decision_loop,aggressive,Aggressive,policy_sweep,In what presidential election year did Schwarzenegger make a name for himself as a prominent Republican?,ABSTAIN,0,0,3,3,RERANK,RETRIEVE_MORE,1,5,2006,0.3614,0.1548,0.0,0.0,0.2154,0.4343,0.1154,0.9497,0.8452,0.0962,0.8837,0.8452,0.6386,0.9038
phase5_A_aggressive_predictions.json,9,9,decision_loop,aggressive,Aggressive,policy_sweep,In what presidential election year did Schwarzenegger make a name for himself as a prominent Republican?,ABSTAIN,0,0,4,4,STOP,RERANK,1,3,2008,0.3674,0.1548,0.0,0.0,0.1995,0.4467,0.0995,0.9919,0.8452,0.0065,0.919,0.8452,0.6326,0.9935
phase5_A_aggressive_predictions.json,10,10,decision_loop,aggressive,Aggressive,policy_sweep,What component of the printed circuit board is appraised with boundary scan testing?,ABSTAIN,0,0,1,1,RETRIEVE_MORE,,2,3,pcb,0.4025,0.144,0.0838,0.144,0.2092,0.6283,0.2092,0.9676,0.856,0.0177,0.9162,0.856,0.5975,0.9823
phase5_A_aggressive_predictions.json,10,10,decision_loop,aggressive,Aggressive,policy_sweep,What component of the printed circuit board is appraised with boundary scan testing?,ABSTAIN,0,0,2,2,RERANK,RETRIEVE_MORE,1,5,pcb,0.2761,0.144,0.043,0.0,0.1939,0.4478,0.0939,0.9694,0.856,0.1621,0.8732,0.856,0.7239,0.8379
phase5_A_aggressive_predictions.json,10,10,decision_loop,aggressive,Aggressive,policy_sweep,What component of the printed circuit board is appraised with boundary scan testing?,ABSTAIN,0,0,3,3,RETRIEVE_MORE,RERANK,1,3,pcb,0.4162,0.1685,0.042,0.0245,0.276,0.4327,0.176,0.9864,0.8315,0.2725,0.8313,0.8315,0.5838,0.7275
phase5_A_aggressive_predictions.json,10,10,decision_loop,aggressive,Aggressive,policy_sweep,What component of the printed circuit board is appraised with boundary scan testing?,ABSTAIN,0,0,4,4,STOP,RETRIEVE_MORE,0,5,pcb,0.3167,0.1685,0.0,0.0,0.2353,0.292,0.0353,0.9571,0.8315,0.2432,0.8342,0.8315,0.6833,0.7568
phase5_A_aggressive_predictions.json,11,11,decision_loop,aggressive,Aggressive,policy_sweep,Who had FA cup coverage from 1988-1997?,ABSTAIN,0,0,1,1,RETRIEVE_MORE,,2,3,bbc and sky sports,0.4332,0.1318,0.1127,0.1318,0.2395,0.6133,0.2395,0.9802,0.8682,0.1429,0.8873,0.8682,0.5668,0.8571
phase5_A_aggressive_predictions.json,11,11,decision_loop,aggressive,Aggressive,policy_sweep,Who had FA cup coverage from 1988-1997?,ABSTAIN,0,0,2,2,RERANK,RETRIEVE_MORE,1,5,bbc and sky sports,0.2916,0.1318,0.0303,0.0,0.2106,0.4371,0.1106,0.9834,0.8682,0.2462,0.8569,0.8682,0.7084,0.7538
phase5_A_aggressive_predictions.json,11,11,decision_loop,aggressive,Aggressive,policy_sweep,Who had FA cup coverage from 1988-1997?,ABSTAIN,0,0,3,3,RETRIEVE_MORE,RERANK,1,3,bbc and sky sports,0.4332,0.1318,0.0147,0.0,0.2695,0.4257,0.1695,0.9802,0.8682,0.2929,0.8423,0.8682,0.5668,0.7071
phase5_A_aggressive_predictions.json,11,11,decision_loop,aggressive,Aggressive,policy_sweep,Who had FA cup coverage from 1988-1997?,ABSTAIN,0,0,4,4,STOP,RETRIEVE_MORE,0,5,bbc and sky sports,0.2916,0.1318,0.0,0.0,0.2106,0.2999,0.0106,0.9834,0.8682,0.2462,0.8569,0.8682,0.7084,0.7538
phase5_A_aggressive_predictions.json,12,12,decision_loop,aggressive,Aggressive,policy_sweep,What percentage of the population was Caucasian in 1940?,ABSTAIN,0,0,1,1,RETRIEVE_MORE,,2,3,3.0%,0.5176,0.1475,0.1644,0.1475,0.2991,0.6082,0.2991,0.9334,0.8525,0.2578,0.8356,0.8525,0.4824,0.7422
phase5_A_aggressive_predictions.json,12,12,decision_loop,aggressive,Aggressive,policy_sweep,What percentage of the population was Caucasian in 1940?,ABSTAIN,0,0,2,2,RERANK,RETRIEVE_MORE,1,5,3.0%,0.3739,0.1475,0.0209,0.0,0.2645,0.4185,0.1645,0.9463,0.8525,0.3362,0.8147,0.8525,0.6261,0.6638
phase5_A_aggressive_predictions.json,12,12,decision_loop,aggressive,Aggressive,policy_sweep,What percentage of the population was Caucasian in 1940?,ABSTAIN,0,0,3,3,RETRIEVE_MORE,RERANK,1,3,3.0%,0.5115,0.1475,0.0111,0.0,0.3174,0.4107,0.2174,0.9266,0.8525,0.3601,0.8036,0.8525,0.4885,0.6399
phase5_A_aggressive_predictions.json,12,12,decision_loop,aggressive,Aggressive,policy_sweep,What percentage of the population was Caucasian in 1940?,ABSTAIN,0,0,4,4,STOP,RETRIEVE_MORE,0,5,3.0%,0.3707,0.1475,0.0,0.0,0.2565,0.2884,0.0565,0.942,0.8525,0.3023,0.824,0.8525,0.6293,0.6977
phase5_A_aggressive_predictions.json,13,13,decision_loop,aggressive,Aggressive,policy_sweep,In what year was Columbia University chartered?,ABSTAIN,0,0,1,1,RETRIEVE_MORE,,2,3,1950,0.5368,0.1087,0.1396,0.1087,0.2773,0.607,0.2773,0.8777,0.8913,0.2025,0.8604,0.8913,0.4632,0.7975
phase5_A_aggressive_predictions.json,13,13,decision_loop,aggressive,Aggressive,policy_sweep,In what year was Columbia University chartered?,ABSTAIN,0,0,2,2,RERANK,RETRIEVE_MORE,1,5,1950,0.3486,0.1087,0.0108,0.0,0.2272,0.4267,0.1272,0.9421,0.8913,0.2815,0.8496,0.8913,0.6514,0.7185
phase5_A_aggressive_predictions.json,13,13,decision_loop,aggressive,Aggressive,policy_sweep,In what year was Columbia University chartered?,ABSTAIN,0,0,3,3,STOP,RERANK,1,3,1950,0.4432,0.1087,0.0024,0.0,0.2665,0.4225,0.1665,0.9763,0.8913,0.3123,0.8472,0.8913,0.5568,0.6877
phase5_A_aggressive_predictions.json,14,14,decision_loop,aggressive,Aggressive,policy_sweep,"What is the owner, tenant or manager of a pub known as?",ANSWER,1,1,1,1,RETRIEVE_MORE,,2,3,pub landlord,0.6605,0.2893,0.3294,0.2893,0.4574,0.6165,0.4574,0.7968,0.7107,0.4802,0.6706,0.7107,0.3395,0.5198
phase5_A_aggressive_predictions.json,14,14,decision_loop,aggressive,Aggressive,policy_sweep,"What is the owner, tenant or manager of a pub known as?",ANSWER,1,1,2,2,ANSWER,RETRIEVE_MORE,1,5,pub landlord,0.5128,0.2893,0.0028,0.0,0.4142,0.3599,0.3142,0.8468,0.7107,0.5228,0.6679,0.7107,0.4872,0.4772
phase5_A_aggressive_predictions.json,15,15,decision_loop,aggressive,Aggressive,policy_sweep,How many people signed a petition in protest of Everton FC's crest redesign in 2013?,ABSTAIN,0,0,1,1,RETRIEVE_MORE,,2,3,"22,000",0.7013,0.1645,0.227,0.1645,0.4,0.6114,0.4,0.8797,0.8355,0.4025,0.773,0.8355,0.2987,0.5975
phase5_A_aggressive_predictions.json,15,15,decision_loop,aggressive,Aggressive,policy_sweep,How many people signed a petition in protest of Everton FC's crest redesign in 2013?,ABSTAIN,0,0,2,2,STOP,RETRIEVE_MORE,1,5,"22,000",0.4969,0.1645,0.0,0.0,0.32,0.4045,0.22,0.9439,0.8355,0.3604,0.7984,0.8355,0.5031,0.6396
phase5_A_aggressive_predictions.json,16,16,decision_loop,aggressive,Aggressive,policy_sweep,What did Griffith's tool help increase?,ABSTAIN,0,0,1,1,RETRIEVE_MORE,,2,3,transparency,0.4171,0.0978,0.0817,0.0978,0.2097,0.6105,0.2097,0.9838,0.9022,0.0986,0.9183,0.9022,0.5829,0.9014
phase5_A_aggressive_predictions.json,16,16,decision_loop,aggressive,Aggressive,policy_sweep,What did Griffith's tool help increase?,ABSTAIN,0,0,2,2,RERANK,RETRIEVE_MORE,1,5,transparency,0.2972,0.0978,0.0391,0.0,0.1921,0.4483,0.0921,0.971,0.9022,0.2203,0.8792,0.9022,0.7028,0.7797
phase5_A_aggressive_predictions.json,16,16,decision_loop,aggressive,Aggressive,policy_sweep,What did Griffith's tool help increase?,ABSTAIN,0,0,3,3,STOP,RERANK,1,3,transparency,0.4171,0.0978,0.0059,0.0,0.2397,0.433,0.1397,0.9838,0.9022,0.2486,0.8733,0.9022,0.5829,0.7514
phase5_A_aggressive_predictions.json,17,17,decision_loop,aggressive,Aggressive,policy_sweep,Where do samurais' teachings live on?,ABSTAIN,0,0,1,1,RERANK,,2,3,lichens,0.3704,0.0784,0.0506,0.0784,0.172,0.6137,0.172,0.996,0.9216,0.0351,0.9494,0.9216,0.6296,0.9649
phase5_A_aggressive_predictions.json,17,17,decision_loop,aggressive,Aggressive,policy_sweep,Where do samurais' teachings live on?,ABSTAIN,0,0,2,2,RETRIEVE_MORE,RERANK,2,3,lichens,0.4207,0.0933,0.0622,0.0148,0.2281,0.5854,0.2281,0.961,0.9067,0.1945,0.8872,0.9067,0.5793,0.8055
phase5_A_aggressive_predictions.json,17,17,decision_loop,aggressive,Aggressive,policy_sweep,Where do samurais' teachings live on?,ABSTAIN,0,0,3,3,RERANK,RETRIEVE_MORE,1,5,lichens,0.2795,0.0933,0.0,0.0,0.1757,0.4381,0.0757,0.9756,0.9067,0.1795,0.8946,0.9067,0.7205,0.8205
phase5_A_aggressive_predictions.json,17,17,decision_loop,aggressive,Aggressive,policy_sweep,Where do samurais' teachings live on?,ABSTAIN,0,0,4,4,STOP,RERANK,1,3,lichens,0.3732,0.0933,0.0,0.0,0.2105,0.4385,0.1105,0.9956,0.9067,0.1894,0.8957,0.9067,0.6268,0.8106
phase5_A_aggressive_predictions.json,18,18,decision_loop,aggressive,Aggressive,policy_sweep,How many years does the term of a Richmond city council representative last?,ABSTAIN,0,0,1,1,RETRIEVE_MORE,,2,3,4,0.5119,0.2008,0.1698,0.2008,0.3017,0.6209,0.3017,0.8945,0.7992,0.161,0.8302,0.7992,0.4881,0.839
phase5_A_aggressive_predictions.json,18,18,decision_loop,aggressive,Aggressive,policy_sweep,How many years does the term of a Richmond city council representative last?,ABSTAIN,0,0,2,2,RERANK,RETRIEVE_MORE,1,5,4,0.384,0.2008,0.029,0.0,0.2789,0.417,0.1789,0.9144,0.7992,0.2708,0.8012,0.7992,0.616,0.7292
phase5_A_aggressive_predictions.json,18,18,decision_loop,aggressive,Aggressive,policy_sweep,How many years does the term of a Richmond city council representative last?,ABSTAIN,0,0,3,3,STOP,RERANK,1,3,4,0.4318,0.2008,0.0,0.0,0.2862,0.4138,0.1862,0.9631,0.7992,0.2236,0.8251,0.7992,0.5682,0.7764
phase5_A_aggressive_predictions.json,19,19,decision_loop,aggressive,Aggressive,policy_sweep,When did an investigation occur under school casualties?,ABSTAIN,0,0,1,1,RETRIEVE_MORE,,2,3,december 2008,0.4199,0.0844,0.0837,0.0844,0.2107,0.6045,0.2107,0.9852,0.9156,0.1286,0.9163,0.9156,0.5801,0.8714
phase5_A_aggressive_predictions.json,19,19,decision_loop,aggressive,Aggressive,policy_sweep,When did an investigation occur under school casualties?,ABSTAIN,0,0,2,2,RERANK,RETRIEVE_MORE,1,5,december 2008,0.2883,0.0844,0.0341,0.0,0.1865,0.4474,0.0865,0.9792,0.9156,0.2383,0.8822,0.9156,0.7117,0.7617
phase5_A_aggressive_predictions.json,19,19,decision_loop,aggressive,Aggressive,policy_sweep,When did an investigation occur under school casualties?,ABSTAIN,0,0,3,3,RETRIEVE_MORE,RERANK,1,3,december 2008,0.4199,0.0844,0.0109,0.0,0.2407,0.4343,0.1407,0.9852,0.9156,0.2786,0.8713,0.9156,0.5801,0.7214
phase5_A_aggressive_predictions.json,19,19,decision_loop,aggressive,Aggressive,policy_sweep,When did an investigation occur under school casualties?,ABSTAIN,0,0,4,4,STOP,RETRIEVE_MORE,0,5,december 2008,0.2883,0.0844,0.0,0.0,0.1865,0.3088,-0.0135,0.9792,0.9156,0.2383,0.8822,0.9156,0.7117,0.7617
phase5_A_aggressive_predictions.json,20,20,decision_loop,aggressive,Aggressive,policy_sweep,How did Liang Ji die?,ABSTAIN,0,0,1,1,RETRIEVE_MORE,,2,3,killed after deng mengnü resisted liang ji's attempts to control her,0.5017,0.0861,0.1241,0.0861,0.2609,0.6062,0.2609,0.9439,0.9139,0.2329,0.8759,0.9139,0.4983,0.7671
phase5_A_aggressive_predictions.json,20,20,decision_loop,aggressive,Aggressive,policy_sweep,How did Liang Ji die?,ABSTAIN,0,0,2,2,RETRIEVE_MORE,RETRIEVE_MORE,1,5,killed after deng mengnü resisted liang ji's attempts to control her,0.413,0.0861,0.0443,0.0,0.2516,0.4338,0.1516,0.8859,0.9139,0.3417,0.8316,0.9139,0.587,0.6583
phase5_A_aggressive_predictions.json,20,20,decision_loop,aggressive,Aggressive,policy_sweep,How did Liang Ji die?,ABSTAIN,0,0,3,3,STOP,RETRIEVE_MORE,0,5,killed after deng mengnü resisted liang ji's attempts to control her,0.3763,0.0861,0.0,0.0,0.2283,0.2998,0.0283,0.9315,0.9139,0.2893,0.8565,0.9139,0.6237,0.7107
phase5_A_aggressive_predictions.json,21,21,decision_loop,aggressive,Aggressive,policy_sweep,Who supported the reaction against the government?,ABSTAIN,0,0,1,1,RETRIEVE_MORE,,2,3,durango,0.5666,0.2014,0.223,0.2014,0.3566,0.6111,0.3566,0.8956,0.7986,0.338,0.777,0.7986,0.4334,0.662
phase5_A_aggressive_predictions.json,21,21,decision_loop,aggressive,Aggressive,policy_sweep,Who supported the reaction against the government?,ABSTAIN,0,0,2,2,RETRIEVE_MORE,RETRIEVE_MORE,1,5,durango,0.4236,0.2014,0.0162,0.0,0.3194,0.3978,0.2194,0.9116,0.7986,0.4027,0.7608,0.7986,0.5764,0.5973
phase5_A_aggressive_predictions.json,21,21,decision_loop,aggressive,Aggressive,policy_sweep,Who supported the reaction against the government?,ABSTAIN,0,0,3,3,STOP,RETRIEVE_MORE,0,5,durango,0.42,0.2014,0.0052,0.0,0.314,0.2705,0.114,0.9102,0.7986,0.3818,0.7668,0.7986,0.58,0.6182
phase5_A_aggressive_predictions.json,22,22,decision_loop,aggressive,Aggressive,policy_sweep,What influences role of minority leader?,ABSTAIN,0,0,1,1,RETRIEVE_MORE,,2,3,more partisan nature of the house,0.4117,0.1348,0.0833,0.1348,0.2104,0.6248,0.2104,0.9627,0.8652,0.0281,0.9167,0.8652,0.5883,0.9719
phase5_A_aggressive_predictions.json,22,22,decision_loop,aggressive,Aggressive,policy_sweep,What influences role of minority leader?,ABSTAIN,0,0,2,2,RERANK,RETRIEVE_MORE,1,5,more partisan nature of the house,0.2603,0.1348,0.0382,0.0,0.1853,0.4477,0.0853,0.9813,0.8652,0.1678,0.8785,0.8652,0.7397,0.8322
phase5_A_aggressive_predictions.json,22,22,decision_loop,aggressive,Aggressive,policy_sweep,What influences role of minority leader?,ABSTAIN,0,0,3,3,RETRIEVE_MORE,RERANK,1,3,personality and contextual factors,0.3734,0.154,0.0,0.0191,0.2093,0.4506,0.1093,0.9962,0.846,0.0464,0.9083,0.846,0.6266,0.9536
phase5_A_aggressive_predictions.json,22,22,decision_loop,aggressive,Aggressive,policy_sweep,What influences role of minority leader?,ABSTAIN,0,0,4,4,STOP,RETRIEVE_MORE,0,5,personality and contextual factors,0.2818,0.154,0.049,0.0,0.2049,0.3204,0.0049,0.9592,0.846,0.185,0.8593,0.846,0.7182,0.815
phase5_A_aggressive_predictions.json,23,23,decision_loop,aggressive,Aggressive,policy_sweep,What genre was 'LA 2017'?,ABSTAIN,0,0,1,1,RETRIEVE_MORE,,2,3,mp3,0.473,0.1279,0.1051,0.1279,0.2268,0.6143,0.2268,0.8217,0.8721,0.0185,0.8949,0.8721,0.527,0.9815
phase5_A_aggressive_predictions.json,23,23,decision_loop,aggressive,Aggressive,policy_sweep,What genre was 'LA 2017'?,ABSTAIN,0,0,2,2,RERANK,RETRIEVE_MORE,1,5,mp3,0.3332,0.1279,0.0279,0.0,0.2068,0.4396,0.1068,0.8991,0.8721,0.163,0.867,0.8721,0.6668,0.837
phase5_A_aggressive_predictions.json,23,23,decision_loop,aggressive,Aggressive,policy_sweep,What genre was 'LA 2017'?,ABSTAIN,0,0,3,3,STOP,RERANK,1,3,mp3,0.3959,0.1279,0.0,0.0,0.2292,0.4334,0.1292,0.9734,0.8721,0.1655,0.8811,0.8721,0.6041,0.8345
phase5_A_aggressive_predictions.json,24,24,decision_loop,aggressive,Aggressive,policy_sweep,Who had issues with JFK's proposal?,ABSTAIN,0,0,1,1,RETRIEVE_MORE,,2,3,naacp,0.4797,0.1078,0.1236,0.1078,0.2572,0.6062,0.2572,0.9576,0.8922,0.2039,0.8764,0.8922,0.5203,0.7961
phase5_A_aggressive_predictions.json,24,24,decision_loop,aggressive,Aggressive,policy_sweep,Who had issues with JFK's proposal?,ABSTAIN,0,0,2,2,RERANK,RETRIEVE_MORE,1,5,naacp,0.3389,0.1078,0.0262,0.0,0.2259,0.4331,0.1259,0.9618,0.8922,0.2941,0.8502,0.8922,0.6611,0.7059
phase5_A_aggressive_predictions.json,24,24,decision_loop,aggressive,Aggressive,policy_sweep,Who had issues with JFK's proposal?,ABSTAIN,0,0,3,3,RETRIEVE_MORE,RERANK,1,3,naacp,0.4797,0.1078,0.0188,0.0,0.2872,0.4235,0.1872,0.9576,0.8922,0.3539,0.8314,0.8922,0.5203,0.6461
phase5_A_aggressive_predictions.json,24,24,decision_loop,aggressive,Aggressive,policy_sweep,Who had issues with JFK's proposal?,ABSTAIN,0,0,4,4,STOP,RETRIEVE_MORE,0,5,naacp,0.3389,0.1078,0.0,0.0,0.2259,0.2976,0.0259,0.9618,0.8922,0.2941,0.8502,0.8922,0.6611,0.7059
phase5_A_aggressive_predictions.json,25,25,decision_loop,aggressive,Aggressive,policy_sweep,What does CATOBAR allow for?,ABSTAIN,0,0,1,1,RETRIEVE_MORE,,2,3,catobar recovery,0.539,0.1252,0.1554,0.1252,0.2938,0.6078,0.2938,0.9026,0.8748,0.2443,0.8446,0.8748,0.461,0.7557
phase5_A_aggressive_predictions.json,25,25,decision_loop,aggressive,Aggressive,policy_sweep,What does CATOBAR allow for?,ABSTAIN,0,0,2,2,RERANK,RETRIEVE_MORE,1,5,catobar recovery,0.3835,0.1252,0.0174,0.0,0.2553,0.4215,0.1553,0.935,0.8748,0.3238,0.8273,0.8748,0.6165,0.6762
phase5_A_aggressive_predictions.json,25,25,decision_loop,aggressive,Aggressive,policy_sweep,What does CATOBAR allow for?,ABSTAIN,0,0,3,3,RETRIEVE_MORE,RERANK,1,3,catobar recovery,0.4922,0.1252,0.0117,0.0,0.3032,0.4151,0.2032,0.9504,0.8748,0.3731,0.8156,0.8748,0.5078,0.6269
phase5_A_aggressive_predictions.json,25,25,decision_loop,aggressive,Aggressive,policy_sweep,What does CATOBAR allow for?,ABSTAIN,0,0,4,4,STOP,RETRIEVE_MORE,0,5,catobar recovery,0.3797,0.1252,0.0,0.0,0.2536,0.2895,0.0536,0.9317,0.8748,0.3221,0.8271,0.8748,0.6203,0.6779
phase5_A_aggressive_predictions.json,26,26,decision_loop,aggressive,Aggressive,policy_sweep,Where were these forts commonly built?,ABSTAIN,0,0,1,1,RETRIEVE_MORE,,2,3,the swedes,0.4311,0.0863,0.0712,0.0863,0.2032,0.6096,0.2032,0.9609,0.9137,0.0674,0.9288,0.9137,0.5689,0.9326
phase5_A_aggressive_predictions.json,26,26,decision_loop,aggressive,Aggressive,policy_sweep,Where were these forts commonly built?,ABSTAIN,0,0,2,2,RERANK,RETRIEVE_MORE,1,5,the swedes,0.3046,0.0863,0.0385,0.0,0.185,0.452,0.085,0.9638,0.9137,0.1976,0.8903,0.9137,0.6954,0.8024
phase5_A_aggressive_predictions.json,26,26,decision_loop,aggressive,Aggressive,policy_sweep,Where were these forts commonly built?,ABSTAIN,0,0,3,3,STOP,RERANK,1,3,the swedes,0.4012,0.0863,0.0001,0.0,0.2218,0.4366,0.1218,0.9862,0.9137,0.2127,0.8903,0.9137,0.5988,0.7873
phase5_A_aggressive_predictions.json,27,27,decision_loop,aggressive,Aggressive,policy_sweep,What bacteria is an exception to single circular chromosome rule?,ABSTAIN,0,0,1,1,RETRIEVE_MORE,,2,3,borrelia burgdorferi,0.5601,0.1645,0.2023,0.1645,0.337,0.6101,0.337,0.9018,0.8355,0.3345,0.7977,0.8355,0.4399,0.6655
phase5_A_aggressive_predictions.json,27,27,decision_loop,aggressive,Aggressive,policy_sweep,What bacteria is an exception to single circular chromosome rule?,ABSTAIN,0,0,2,2,RETRIEVE_MORE,RETRIEVE_MORE,1,5,borrelia burgdorferi,0.4324,0.1645,0.0211,0.0,0.307,0.4053,0.207,0.9069,0.8355,0.4083,0.7766,0.8355,0.5676,0.5917
phase5_A_aggressive_predictions.json,27,27,decision_loop,aggressive,Aggressive,policy_sweep,What bacteria is an exception to single circular chromosome rule?,ABSTAIN,0,0,3,3,STOP,RETRIEVE_MORE,0,5,borrelia burgdorferi,0.4308,0.1645,0.0119,0.0,0.3063,0.2766,0.1063,0.9063,0.8355,0.4073,0.7768,0.8355,0.5692,0.5927
phase5_A_aggressive_predictions.json,28,28,decision_loop,aggressive,Aggressive,policy_sweep,Who made up most unions between Europeans and natives?,ABSTAIN,0,0,1,1,RETRIEVE_MORE,,2,3,africans,0.5093,0.0925,0.1344,0.0925,0.2707,0.6067,0.2707,0.94,0.9075,0.2539,0.8656,0.9075,0.4907,0.7461
phase5_A_aggressive_predictions.json,28,28,decision_loop,aggressive,Aggressive,policy_sweep,Who made up most unions between Europeans and natives?,ABSTAIN,0,0,2,2,RERANK,RETRIEVE_MORE,1,5,africans,0.3444,0.0925,0.0139,0.0,0.2254,0.4286,0.1254,0.9635,0.9075,0.3159,0.8517,0.9075,0.6556,0.6841
phase5_A_aggressive_predictions.json,28,28,decision_loop,aggressive,Aggressive,policy_sweep,Who made up most unions between Europeans and natives?,ABSTAIN,0,0,3,3,STOP,RERANK,1,3,africans,0.4454,0.0925,0.0,0.0,0.2504,0.4287,0.1504,0.9658,0.9075,0.2643,0.8676,0.9075,0.5546,0.7357
phase5_A_aggressive_predictions.json,29,29,decision_loop,aggressive,Aggressive,policy_sweep,What did the Guardian name her?,ABSTAIN,0,0,1,1,RERANK,,2,3,beyoncé,0.3576,0.1055,0.0628,0.1055,0.1792,0.6202,0.1792,0.9988,0.8945,0.0328,0.9372,0.8945,0.6424,0.9672
phase5_A_aggressive_predictions.json,29,29,decision_loop,aggressive,Aggressive,policy_sweep,What did the Guardian name her?,ABSTAIN,0,0,2,2,RETRIEVE_MORE,RERANK,2,3,beyoncé,0.4277,0.1312,0.0734,0.0257,0.2505,0.5817,0.2505,0.9604,0.8688,0.2089,0.8638,0.8688,0.5723,0.7911
phase5_A_aggressive_predictions.json,29,29,decision_loop,aggressive,Aggressive,policy_sweep,What did the Guardian name her?,ABSTAIN,0,0,3,3,RERANK,RETRIEVE_MORE,1,5,beyoncé,0.3084,0.1312,0.0,0.0,0.2055,0.4284,0.1055,0.9513,0.8688,0.1924,0.8669,0.8688,0.6916,0.8076
phase5_A_aggressive_predictions.json,29,29,decision_loop,aggressive,Aggressive,policy_sweep,What did the Guardian name her?,ABSTAIN,0,0,4,4,STOP,RERANK,1,3,beyoncé,0.3884,0.1312,0.0,0.0,0.2357,0.4301,0.1357,0.9914,0.8688,0.2034,0.8717,0.8688,0.6116,0.7966
phase5_A_aggressive_predictions.json,30,30,decision_loop,aggressive,Aggressive,policy_sweep,The lower regions and larger towns of the Alps are well-served by what?,ABSTAIN,0,0,1,1,RETRIEVE_MORE,,2,3,motorways and main roads,0.4726,0.1368,0.1366,0.1368,0.2674,0.6069,0.2674,0.9622,0.8632,0.2023,0.8634,0.8632,0.5274,0.7977
phase5_A_aggressive_predictions.json,30,30,decision_loop,aggressive,Aggressive,policy_sweep,The lower regions and larger towns of the Alps are well-served by what?,ABSTAIN,0,0,2,2,RERANK,RETRIEVE_MORE,1,5,motorways and main roads,0.3581,0.1368,0.0385,0.0,0.2475,0.4291,0.1475,0.9213,0.8632,0.3033,0.8249,0.8632,0.6419,0.6967
phase5_A_aggressive_predictions.json,30,30,decision_loop,aggressive,Aggressive,policy_sweep,The lower regions and larger towns of the Alps are well-served by what?,ABSTAIN,0,0,3,3,STOP,RERANK,1,3,motorways and main roads,0.4726,0.1368,0.0065,0.0,0.2974,0.414,0.1974,0.9622,0.8632,0.3523,0.8184,0.8632,0.5274,0.6477
phase5_A_aggressive_predictions.json,31,31,decision_loop,aggressive,Aggressive,policy_sweep,What does the French constitution state for the language in Aslace?,ABSTAIN,0,0,1,1,RERANK,,2,3,standardisation of dutch language,0.3588,0.0815,0.0446,0.0815,0.1644,0.617,0.1644,0.9965,0.9185,0.0105,0.9554,0.9185,0.6412,0.9895
phase5_A_aggressive_predictions.json,31,31,decision_loop,aggressive,Aggressive,policy_sweep,What does the French constitution state for the language in Aslace?,ABSTAIN,0,0,2,2,RETRIEVE_MORE,RERANK,2,3,standardisation of dutch language,0.3588,0.0815,0.045,0.0,0.1944,0.5866,0.1944,0.9965,0.9185,0.1605,0.9104,0.9185,0.6412,0.8395
phase5_A_aggressive_predictions.json,31,31,decision_loop,aggressive,Aggressive,policy_sweep,What does the French constitution state for the language in Aslace?,ABSTAIN,0,0,3,3,RERANK,RETRIEVE_MORE,1,5,standardisation of dutch language,0.2648,0.0815,0.0041,0.0,0.1609,0.4438,0.0609,0.9721,0.9185,0.1577,0.9064,0.9185,0.7352,0.8423
phase5_A_aggressive_predictions.json,31,31,decision_loop,aggressive,Aggressive,policy_sweep,What does the French constitution state for the language in Aslace?,ABSTAIN,0,0,4,4,STOP,RERANK,1,3,standardisation of dutch language,0.3588,0.0815,0.0,0.0,0.1944,0.4436,0.0944,0.9965,0.9185,0.1605,0.9104,0.9185,0.6412,0.8395
phase5_A_aggressive_predictions.json,32,32,decision_loop,aggressive,Aggressive,policy_sweep,Which BYU building features films in several languages?,ABSTAIN,0,0,1,1,RETRIEVE_MORE,,2,3,international cinema,0.5971,0.1829,0.228,0.1829,0.3641,0.6114,0.3641,0.8633,0.8171,0.3641,0.772,0.8171,0.4029,0.6359
phase5_A_aggressive_predictions.json,32,32,decision_loop,aggressive,Aggressive,policy_sweep,Which BYU building features films in several languages?,ABSTAIN,0,0,2,2,STOP,RETRIEVE_MORE,1,5,international cinema,0.4362,0.1829,0.0065,0.0,0.3181,0.3955,0.2181,0.9086,0.8171,0.4159,0.7655,0.8171,0.5638,0.5841
phase5_A_aggressive_predictions.json,33,33,decision_loop,aggressive,Aggressive,policy_sweep,What has helped geneologists researching slaves?,ABSTAIN,0,0,1,1,RERANK,,2,3,slave ships stopping at ports such as charleston,0.3812,0.0605,0.051,0.0605,0.1739,0.6063,0.1739,0.9953,0.9395,0.0661,0.949,0.9395,0.6188,0.9339
phase5_A_aggressive_predictions.json,33,33,decision_loop,aggressive,Aggressive,policy_sweep,What has helped geneologists researching slaves?,ABSTAIN,0,0,2,2,RETRIEVE_MORE,RERANK,2,3,slave ships stopping at ports such as charleston,0.3812,0.0605,0.045,0.0,0.2039,0.5844,0.2039,0.9953,0.9395,0.2161,0.904,0.9395,0.6188,0.7839
phase5_A_aggressive_predictions.json,33,33,decision_loop,aggressive,Aggressive,policy_sweep,What has helped geneologists researching slaves?,ABSTAIN,0,0,3,3,RERANK,RETRIEVE_MORE,1,5,slave ships stopping at ports such as charleston,0.2492,0.0605,0.0,0.0,0.1497,0.4449,0.0497,0.9851,0.9395,0.1762,0.9139,0.9395,0.7508,0.8238
phase5_A_aggressive_predictions.json,33,33,decision_loop,aggressive,Aggressive,policy_sweep,What has helped geneologists researching slaves?,ABSTAIN,0,0,4,4,RETRIEVE_MORE,RERANK,1,3,treaties,0.4298,0.0777,0.0,0.0172,0.2044,0.4565,0.1044,0.9738,0.9223,0.0951,0.9274,0.9223,0.5702,0.9049
phase5_A_aggressive_predictions.json,33,33,decision_loop,aggressive,Aggressive,policy_sweep,What has helped geneologists researching slaves?,ABSTAIN,0,0,5,5,STOP,RETRIEVE_MORE,0,5,treaties,0.3086,0.0777,0.0385,0.0,0.1866,0.3265,-0.0134,0.9662,0.9223,0.2183,0.8889,0.9223,0.6914,0.7817
phase5_A_aggressive_predictions.json,34,34,decision_loop,aggressive,Aggressive,policy_sweep,When did the first free election take place?,ABSTAIN,0,0,1,1,RETRIEVE_MORE,,2,3,1492,0.5376,0.1743,0.1911,0.1743,0.3252,0.6096,0.3252,0.9194,0.8257,0.2929,0.8089,0.8257,0.4624,0.7071
phase5_A_aggressive_predictions.json,34,34,decision_loop,aggressive,Aggressive,policy_sweep,When did the first free election take place?,ABSTAIN,0,0,2,2,RETRIEVE_MORE,RETRIEVE_MORE,1,5,1492,0.4015,0.1743,0.0208,0.0,0.2927,0.4091,0.1927,0.9292,0.8257,0.3687,0.7881,0.8257,0.5985,0.6313
phase5_A_aggressive_predictions.json,34,34,decision_loop,aggressive,Aggressive,policy_sweep,When did the first free election take place?,ABSTAIN,0,0,3,3,STOP,RETRIEVE_MORE,0,5,1492,0.3995,0.1743,0.0089,0.0,0.2918,0.2794,0.0918,0.9279,0.8257,0.3677,0.7881,0.8257,0.6005,0.6323
phase5_A_aggressive_predictions.json,35,35,decision_loop,aggressive,Aggressive,policy_sweep,Of what discipline is ethology a branch?,ABSTAIN,0,0,1,1,RETRIEVE_MORE,,2,3,zoology,0.451,0.1628,0.135,0.1628,0.2631,0.6179,0.2631,0.972,0.8372,0.16,0.865,0.8372,0.549,0.84
phase5_A_aggressive_predictions.json,35,35,decision_loop,aggressive,Aggressive,policy_sweep,Of what discipline is ethology a branch?,ABSTAIN,0,0,2,2,RERANK,RETRIEVE_MORE,1,5,zoology,0.3276,0.1628,0.0111,0.0,0.2288,0.4283,0.1288,0.9829,0.8372,0.2041,0.8539,0.8372,0.6724,0.7959
phase5_A_aggressive_predictions.json,35,35,decision_loop,aggressive,Aggressive,policy_sweep,Of what discipline is ethology a branch?,ABSTAIN,0,0,3,3,RETRIEVE_MORE,RERANK,1,3,zoology,0.451,0.1628,0.0339,0.0,0.2931,0.4256,0.1931,0.972,0.8372,0.31,0.82,0.8372,0.549,0.69
phase5_A_aggressive_predictions.json,35,35,decision_loop,aggressive,Aggressive,policy_sweep,Of what discipline is ethology a branch?,ABSTAIN,0,0,4,4,STOP,RETRIEVE_MORE,0,5,zoology,0.3276,0.1628,0.0,0.0,0.2288,0.2989,0.0288,0.9829,0.8372,0.2041,0.8539,0.8372,0.6724,0.7959
phase5_A_aggressive_predictions.json,36,36,decision_loop,aggressive,Aggressive,policy_sweep,What New Haven trial is known to be the longest in the history of Connecticut?,ABSTAIN,0,0,1,1,RERANK,,2,3,bridgeport,0.3993,0.1679,0.1099,0.1679,0.2313,0.6287,0.2313,0.9902,0.8321,0.0799,0.8901,0.8321,0.6007,0.9201
phase5_A_aggressive_predictions.json,36,36,decision_loop,aggressive,Aggressive,policy_sweep,What New Haven trial is known to be the longest in the history of Connecticut?,ABSTAIN,0,0,2,2,RETRIEVE_MORE,RERANK,2,3,bridgeport,0.3893,0.1679,0.0269,0.0,0.244,0.5629,0.244,0.9778,0.8321,0.1611,0.8633,0.8321,0.6107,0.8389
phase5_A_aggressive_predictions.json,36,36,decision_loop,aggressive,Aggressive,policy_sweep,What New Haven trial is known to be the longest in the history of Connecticut?,ABSTAIN,0,0,3,3,RERANK,RETRIEVE_MORE,1,5,bridgeport,0.2686,0.1679,0.0,0.0,0.2011,0.4276,0.1011,0.9787,0.8321,0.1576,0.8645,0.8321,0.7314,0.8424
phase5_A_aggressive_predictions.json,36,36,decision_loop,aggressive,Aggressive,policy_sweep,What New Haven trial is known to be the longest in the history of Connecticut?,ABSTAIN,0,0,4,4,STOP,RERANK,1,3,bridgeport,0.3893,0.1679,0.0012,0.0,0.244,0.4276,0.144,0.9778,0.8321,0.1611,0.8633,0.8321,0.6107,0.8389
phase5_A_aggressive_predictions.json,37,37,decision_loop,aggressive,Aggressive,policy_sweep,In what periodical was the new sovereign status of the Russian Federation first published?,ABSTAIN,0,0,1,1,RETRIEVE_MORE,,2,3,rossiyskaya gazeta,0.5032,0.1608,0.1678,0.1608,0.2993,0.6084,0.2993,0.9444,0.8392,0.2543,0.8322,0.8392,0.4968,0.7457
phase5_A_aggressive_predictions.json,37,37,decision_loop,aggressive,Aggressive,policy_sweep,In what periodical was the new sovereign status of the Russian Federation first published?,ABSTAIN,0,0,2,2,RERANK,RETRIEVE_MORE,1,5,rossiyskaya gazeta,0.3688,0.1608,0.0249,0.0,0.2687,0.4175,0.1687,0.9432,0.8392,0.3364,0.8073,0.8392,0.6312,0.6636
phase5_A_aggressive_predictions.json,37,37,decision_loop,aggressive,Aggressive,policy_sweep,In what periodical was the new sovereign status of the Russian Federation first published?,ABSTAIN,0,0,3,3,RETRIEVE_MORE,RERANK,1,3,rossiyskaya gazeta,0.5032,0.1608,0.0201,0.0,0.3293,0.4086,0.2293,0.9444,0.8392,0.4043,0.7872,0.8392,0.4968,0.5957
phase5_A_aggressive_predictions.json,37,37,decision_loop,aggressive,Aggressive,policy_sweep,In what periodical was the new sovereign status of the Russian Federation first published?,ABSTAIN,0,0,4,4,STOP,RETRIEVE_MORE,0,5,rossiyskaya gazeta,0.3688,0.1608,0.0,0.0,0.2687,0.2826,0.0687,0.9432,0.8392,0.3364,0.8073,0.8392,0.6312,0.6636
phase5_A_aggressive_predictions.json,38,38,decision_loop,aggressive,Aggressive,policy_sweep,The first ship to carry a human through space was called what?,ABSTAIN,0,0,1,1,RETRIEVE_MORE,,2,3,tardis,0.4063,0.1055,0.0872,0.1055,0.2112,0.6117,0.2112,0.9894,0.8945,0.1077,0.9128,0.8945,0.5937,0.8923
phase5_A_aggressive_predictions.json,38,38,decision_loop,aggressive,Aggressive,policy_sweep,The first ship to carry a human through space was called what?,ABSTAIN,0,0,2,2,RERANK,RETRIEVE_MORE,1,5,tardis,0.2861,0.1055,0.0375,0.0,0.1928,0.4464,0.0928,0.979,0.8945,0.2258,0.8753,0.8945,0.7139,0.7742
phase5_A_aggressive_predictions.json,38,38,decision_loop,aggressive,Aggressive,policy_sweep,The first ship to carry a human through space was called what?,ABSTAIN,0,0,3,3,RETRIEVE_MORE,RERANK,1,3,tardis,0.4816,0.1321,0.0435,0.0266,0.2879,0.4335,0.1879,0.9385,0.8679,0.2997,0.8318,0.8679,0.5184,0.7003
phase5_A_aggressive_predictions.json,38,38,decision_loop,aggressive,Aggressive,policy_sweep,The first ship to carry a human through space was called what?,ABSTAIN,0,0,4,4,STOP,RETRIEVE_MORE,0,5,tardis,0.3445,0.1321,0.0,0.0,0.2314,0.2964,0.0314,0.9508,0.8679,0.2571,0.847,0.8679,0.6555,0.7429
phase5_A_aggressive_predictions.json,39,39,decision_loop,aggressive,Aggressive,policy_sweep,What is an alloy?,ABSTAIN,0,0,1,1,RETRIEVE_MORE,,2,3,alloys,0.4483,0.1009,0.0915,0.1009,0.2246,0.6083,0.2246,0.9618,0.8991,0.1116,0.9085,0.8991,0.5517,0.8884
phase5_A_aggressive_predictions.json,39,39,decision_loop,aggressive,Aggressive,policy_sweep,What is an alloy?,ABSTAIN,0,0,2,2,RERANK,RETRIEVE_MORE,1,5,alloys,0.3072,0.1009,0.0324,0.0,0.1982,0.4446,0.0982,0.9723,0.8991,0.2265,0.8761,0.8991,0.6928,0.7735
phase5_A_aggressive_predictions.json,39,39,decision_loop,aggressive,Aggressive,policy_sweep,What is an alloy?,ABSTAIN,0,0,3,3,RETRIEVE_MORE,RERANK,1,3,alloys,0.4843,0.1195,0.0566,0.0187,0.2979,0.4345,0.1979,0.9558,0.8805,0.3728,0.8195,0.8805,0.5157,0.6272
phase5_A_aggressive_predictions.json,39,39,decision_loop,aggressive,Aggressive,policy_sweep,What is an alloy?,ABSTAIN,0,0,4,4,STOP,RETRIEVE_MORE,0,5,alloys,0.3537,0.1195,0.0,0.0,0.2401,0.293,0.0401,0.954,0.8805,0.3128,0.8372,0.8805,0.6463,0.6872
phase5_A_aggressive_predictions.json,40,40,decision_loop,aggressive,Aggressive,policy_sweep,Where was the Galilean village?,ABSTAIN,0,0,1,1,RETRIEVE_MORE,,2,3,nazareth,0.5174,0.1696,0.1734,0.1696,0.3075,0.6087,0.3075,0.9324,0.8304,0.2502,0.8266,0.8304,0.4826,0.7498
phase5_A_aggressive_predictions.json,40,40,decision_loop,aggressive,Aggressive,policy_sweep,Where was the Galilean village?,ABSTAIN,0,0,2,2,RETRIEVE_MORE,RETRIEVE_MORE,1,5,nazareth,0.4018,0.1696,0.0311,0.0,0.2858,0.4159,0.1858,0.9178,0.8304,0.3443,0.7955,0.8304,0.5982,0.6557
phase5_A_aggressive_predictions.json,40,40,decision_loop,aggressive,Aggressive,policy_sweep,Where was the Galilean village?,ABSTAIN,0,0,3,3,STOP,RETRIEVE_MORE,0,5,nazareth,0.3769,0.1696,0.0,0.0,0.2658,0.2853,0.0658,0.9314,0.8304,0.2876,0.8152,0.8304,0.6231,0.7124
phase5_A_aggressive_predictions.json,41,41,decision_loop,aggressive,Aggressive,policy_sweep,A fifth terminal was opened in 2008 for which UK airline?,ABSTAIN,0,0,1,1,RETRIEVE_MORE,,2,3,london heathrow airport,0.4387,0.1389,0.1164,0.1389,0.2443,0.6148,0.2443,0.9773,0.8611,0.1413,0.8836,0.8611,0.5613,0.8587
phase5_A_aggressive_predictions.json,41,41,decision_loop,aggressive,Aggressive,policy_sweep,A fifth terminal was opened in 2008 for which UK airline?,ABSTAIN,0,0,2,2,RERANK,RETRIEVE_MORE,1,5,london heathrow airport,0.3318,0.1389,0.0395,0.0,0.23,0.4362,0.13,0.9532,0.8611,0.2568,0.8442,0.8611,0.6682,0.7432
phase5_A_aggressive_predictions.json,41,41,decision_loop,aggressive,Aggressive,policy_sweep,A fifth terminal was opened in 2008 for which UK airline?,ABSTAIN,0,0,3,3,STOP,RERANK,1,3,london heathrow airport,0.4332,0.1389,0.0,0.0,0.2617,0.4235,0.1617,0.9682,0.8611,0.2382,0.8527,0.8611,0.5668,0.7618
phase5_A_aggressive_predictions.json,42,42,decision_loop,aggressive,Aggressive,policy_sweep,Does Florida benefit from taxes,ABSTAIN,0,0,1,1,RETRIEVE_MORE,,2,3,exemptions,0.5134,0.0871,0.1253,0.0871,0.2641,0.6063,0.2641,0.9304,0.9129,0.2262,0.8747,0.9129,0.4866,0.7738
phase5_A_aggressive_predictions.json,42,42,decision_loop,aggressive,Aggressive,policy_sweep,Does Florida benefit from taxes,ABSTAIN,0,0,2,2,RETRIEVE_MORE,RETRIEVE_MORE,1,5,exemptions,0.4189,0.0871,0.0411,0.0,0.2527,0.4332,0.1527,0.8872,0.9129,0.3346,0.8335,0.9129,0.5811,0.6654
phase5_A_aggressive_predictions.json,42,42,decision_loop,aggressive,Aggressive,policy_sweep,Does Florida benefit from taxes,ABSTAIN,0,0,3,3,STOP,RETRIEVE_MORE,0,5,exemptions,0.4441,0.104,0.0411,0.0169,0.2856,0.2975,0.0856,0.9,0.896,0.417,0.8029,0.896,0.5559,0.583
phase5_A_aggressive_predictions.json,43,43,decision_loop,aggressive,Aggressive,policy_sweep,What two members of city council were convicted of extortion in 2005?,ABSTAIN,0,0,1,1,RETRIEVE_MORE,,2,3,the mayor and 10 city council members,0.4075,0.1404,0.0834,0.1404,0.2096,0.627,0.2096,0.9626,0.8596,0.0191,0.9166,0.8596,0.5925,0.9809
phase5_A_aggressive_predictions.json,43,43,decision_loop,aggressive,Aggressive,policy_sweep,What two members of city council were convicted of extortion in 2005?,ABSTAIN,0,0,2,2,RERANK,RETRIEVE_MORE,1,5,the mayor and 10 city council members,0.2814,0.1404,0.0416,0.0,0.1943,0.4479,0.0943,0.9706,0.8596,0.1632,0.8749,0.8596,0.7186,0.8368
phase5_A_aggressive_predictions.json,43,43,decision_loop,aggressive,Aggressive,policy_sweep,What two members of city council were convicted of extortion in 2005?,ABSTAIN,0,0,3,3,RETRIEVE_MORE,RERANK,1,3,the mayor and 10 city council members,0.4372,0.1644,0.0481,0.024,0.2847,0.4336,0.1847,0.9778,0.8356,0.2884,0.8268,0.8356,0.5628,0.7116
phase5_A_aggressive_predictions.json,43,43,decision_loop,aggressive,Aggressive,policy_sweep,What two members of city council were convicted of extortion in 2005?,ABSTAIN,0,0,4,4,STOP,RETRIEVE_MORE,0,5,the mayor and 10 city council members,0.325,0.1644,0.0,0.0,0.2383,0.2919,0.0383,0.9601,0.8356,0.2529,0.8339,0.8356,0.675,0.7471
phase5_A_aggressive_predictions.json,44,44,decision_loop,aggressive,Aggressive,policy_sweep,What can affect how a person is treated?,ABSTAIN,0,0,1,1,RETRIEVE_MORE,,2,3,sexual_orientation,0.5751,0.1823,0.1986,0.1823,0.3291,0.6099,0.3291,0.8061,0.8177,0.2289,0.8014,0.8177,0.4249,0.7711
phase5_A_aggressive_predictions.json,44,44,decision_loop,aggressive,Aggressive,policy_sweep,What can affect how a person is treated?,ABSTAIN,0,0,2,2,RETRIEVE_MORE,RETRIEVE_MORE,1,5,sexual_orientation,0.4215,0.1823,0.0126,0.0,0.2931,0.4061,0.1931,0.8763,0.8177,0.3178,0.7888,0.8177,0.5785,0.6822
phase5_A_aggressive_predictions.json,44,44,decision_loop,aggressive,Aggressive,policy_sweep,What can affect how a person is treated?,ABSTAIN,0,0,3,3,STOP,RETRIEVE_MORE,0,5,sexual_orientation,0.3605,0.1823,0.0,0.0,0.2669,0.2832,0.0669,0.9411,0.8177,0.2935,0.809,0.8177,0.6395,0.7065
phase5_A_aggressive_predictions.json,45,45,decision_loop,aggressive,Aggressive,policy_sweep,What currency did the euro replace in Portugal?,ABSTAIN,0,0,1,1,RETRIEVE_MORE,,2,3,portuguese escudo,0.4241,0.158,0.1189,0.158,0.2439,0.6216,0.2439,0.9831,0.842,0.1216,0.8811,0.842,0.5759,0.8784
phase5_A_aggressive_predictions.json,45,45,decision_loop,aggressive,Aggressive,policy_sweep,What currency did the euro replace in Portugal?,ABSTAIN,0,0,2,2,RERANK,RETRIEVE_MORE,1,5,greek drachma,0.3657,0.158,0.0,0.0,0.2077,0.4382,0.1077,0.9338,0.842,0.0431,0.8948,0.842,0.6343,0.9569
phase5_A_aggressive_predictions.json,45,45,decision_loop,aggressive,Aggressive,policy_sweep,What currency did the euro replace in Portugal?,ABSTAIN,0,0,3,3,RETRIEVE_MORE,RERANK,1,3,portuguese escudo,0.4241,0.158,0.0137,0.0,0.2439,0.4389,0.1439,0.9831,0.842,0.1216,0.8811,0.842,0.5759,0.8784
phase5_A_aggressive_predictions.json,45,45,decision_loop,aggressive,Aggressive,policy_sweep,What currency did the euro replace in Portugal?,ABSTAIN,0,0,4,4,STOP,RETRIEVE_MORE,0,5,greek drachma,0.3657,0.158,0.0,0.0,0.2077,0.3132,0.0077,0.9338,0.842,0.0431,0.8948,0.842,0.6343,0.9569
phase5_A_aggressive_predictions.json,46,46,decision_loop,aggressive,Aggressive,policy_sweep,"Which Chinese suffix means ""area, district, region, ward""?",ABSTAIN,0,0,1,1,RETRIEVE_MORE,,2,3,q,0.5021,0.078,0.1035,0.078,0.2415,0.6052,0.2415,0.9078,0.922,0.1535,0.8965,0.922,0.4979,0.8465
phase5_A_aggressive_predictions.json,46,46,decision_loop,aggressive,Aggressive,policy_sweep,"Which Chinese suffix means ""area, district, region, ward""?",ABSTAIN,0,0,2,2,RERANK,RETRIEVE_MORE,1,5,q,0.3011,0.078,0.0117,0.0,0.186,0.4394,0.086,0.9606,0.922,0.2275,0.8849,0.922,0.6989,0.7725
phase5_A_aggressive_predictions.json,46,46,decision_loop,aggressive,Aggressive,policy_sweep,"Which Chinese suffix means ""area, district, region, ward""?",ABSTAIN,0,0,3,3,STOP,RERANK,1,3,jackson,0.3766,0.0798,0.0,0.0018,0.1695,0.4599,0.0695,0.9869,0.9202,0.0087,0.9549,0.9202,0.6234,0.9913
phase5_A_aggressive_predictions.json,47,47,decision_loop,aggressive,Aggressive,policy_sweep,What was another goal of the invasion of Saxony?,ABSTAIN,0,0,1,1,RERANK,,2,3,recapture normandy,0.3946,0.0814,0.0488,0.0814,0.1762,0.6155,0.1762,0.9708,0.9186,0.0074,0.9512,0.9186,0.6054,0.9926
phase5_A_aggressive_predictions.json,47,47,decision_loop,aggressive,Aggressive,policy_sweep,What was another goal of the invasion of Saxony?,ABSTAIN,0,0,2,2,RETRIEVE_MORE,RERANK,2,3,recapture normandy,0.4673,0.099,0.0988,0.0177,0.2675,0.5879,0.2675,0.9551,0.901,0.2969,0.8524,0.901,0.5327,0.7031
phase5_A_aggressive_predictions.json,47,47,decision_loop,aggressive,Aggressive,policy_sweep,What was another goal of the invasion of Saxony?,ABSTAIN,0,0,3,3,RERANK,RETRIEVE_MORE,1,5,recapture normandy,0.3291,0.099,0.0,0.0,0.2104,0.4285,0.1104,0.9635,0.901,0.2535,0.8672,0.901,0.6709,0.7465
phase5_A_aggressive_predictions.json,47,47,decision_loop,aggressive,Aggressive,policy_sweep,What was another goal of the invasion of Saxony?,ABSTAIN,0,0,4,4,STOP,RERANK,1,3,recapture normandy,0.4464,0.099,0.0093,0.0,0.2589,0.429,0.1589,0.9722,0.901,0.2904,0.8578,0.901,0.5536,0.7096
phase5_A_aggressive_predictions.json,48,48,decision_loop,aggressive,Aggressive,policy_sweep,In what year was War on the Floor released?,ABSTAIN,0,0,1,1,RETRIEVE_MORE,,2,3,2013,0.6326,0.1751,0.2376,0.1751,0.3722,0.6119,0.3722,0.7894,0.8249,0.3598,0.7624,0.8249,0.3674,0.6402
phase5_A_aggressive_predictions.json,48,48,decision_loop,aggressive,Aggressive,policy_sweep,In what year was War on the Floor released?,ABSTAIN,0,0,2,2,STOP,RETRIEVE_MORE,1,5,2013,0.4543,0.1751,0.0,0.0,0.3195,0.3929,0.2195,0.8771,0.8249,0.4084,0.7653,0.8249,0.5457,0.5916
phase5_A_aggressive_predictions.json,49,49,decision_loop,aggressive,Aggressive,policy_sweep,Who was the main opponent that began to argue that the flat canvas did not support Cubism?,ABSTAIN,0,0,1,1,RETRIEVE_MORE,,2,3,nasser,0.4028,0.091,0.0739,0.091,0.1994,0.6106,0.1994,0.9896,0.909,0.0876,0.9261,0.909,0.5972,0.9124
phase5_A_aggressive_predictions.json,49,49,decision_loop,aggressive,Aggressive,policy_sweep,Who was the main opponent that began to argue that the flat canvas did not support Cubism?,ABSTAIN,0,0,2,2,RERANK,RETRIEVE_MORE,1,5,nasser,0.2996,0.091,0.0437,0.0,0.1889,0.4513,0.0889,0.9625,0.909,0.2151,0.8825,0.909,0.7004,0.7849
phase5_A_aggressive_predictions.json,49,49,decision_loop,aggressive,Aggressive,policy_sweep,Who was the main opponent that began to argue that the flat canvas did not support Cubism?,ABSTAIN,0,0,3,3,RETRIEVE_MORE,RERANK,1,3,nasser,0.4634,0.1071,0.044,0.0161,0.278,0.4361,0.178,0.9669,0.8929,0.3379,0.8385,0.8929,0.5366,0.6621
phase5_A_aggressive_predictions.json,49,49,decision_loop,aggressive,Aggressive,policy_sweep,Who was the main opponent that began to argue that the flat canvas did not support Cubism?,ABSTAIN,0,0,4,4,STOP,RETRIEVE_MORE,0,5,nasser,0.3467,0.1071,0.0,0.0,0.2277,0.2972,0.0277,0.9491,0.8929,0.2906,0.8491,0.8929,0.6533,0.7094
phase5_B_medium_predictions.json,0,0,decision_loop,medium,Medium,policy_sweep,What poet wrote a long poem describing Roman religious holidays?,ABSTAIN,0,0,1,1,RETRIEVE_MORE,,2,3,ovid,0.6484,0.1815,0.2627,0.1815,0.3977,0.6131,0.3977,0.8082,0.8185,0.4453,0.7373,0.8185,0.3516,0.5547
phase5_B_medium_predictions.json,0,0,decision_loop,medium,Medium,policy_sweep,What poet wrote a long poem describing Roman religious holidays?,ABSTAIN,0,0,2,2,STOP,RETRIEVE_MORE,1,5,ovid,0.4733,0.1815,0.0,0.0,0.3315,0.3892,0.2315,0.8595,0.8185,0.4208,0.7549,0.8185,0.5267,0.5792
phase5_B_medium_predictions.json,1,1,decision_loop,medium,Medium,policy_sweep,What is the form of hydrogen and carbon called?,ABSTAIN,0,0,1,1,RETRIEVE_MORE,,2,3,ortho-para,0.409,0.1404,0.0941,0.1404,0.2199,0.6232,0.2199,0.9822,0.8596,0.0678,0.9059,0.8596,0.591,0.9322
phase5_B_medium_predictions.json,1,1,decision_loop,medium,Medium,policy_sweep,What is the form of hydrogen and carbon called?,ABSTAIN,0,0,2,2,RERANK,RETRIEVE_MORE,1,5,ortho-para,0.2859,0.1404,0.0404,0.0,0.2028,0.4441,0.1028,0.9746,0.8596,0.1974,0.8655,0.8596,0.7141,0.8026
phase5_B_medium_predictions.json,1,1,decision_loop,medium,Medium,policy_sweep,What is the form of hydrogen and carbon called?,ABSTAIN,0,0,3,3,RETRIEVE_MORE,RERANK,1,3,ortho-para,0.4489,0.1645,0.0475,0.0241,0.2942,0.4303,0.1942,0.9736,0.8355,0.3151,0.818,0.8355,0.5511,0.6849
phase5_B_medium_predictions.json,1,1,decision_loop,medium,Medium,policy_sweep,What is the form of hydrogen and carbon called?,ABSTAIN,0,0,4,4,STOP,RETRIEVE_MORE,0,5,ortho-para,0.3298,0.1645,0.0,0.0,0.2437,0.29,0.0437,0.9611,0.8355,0.2713,0.8286,0.8355,0.6702,0.7287
phase5_B_medium_predictions.json,2,2,decision_loop,medium,Medium,policy_sweep,What adjective did Lawrence Toppman use to describe Craig's portrayal of James Bond?,ABSTAIN,0,0,1,1,RETRIEVE_MORE,,2,3,bored,0.6383,0.3308,0.3315,0.3308,0.4592,0.6166,0.4592,0.8213,0.6692,0.4346,0.6685,0.6692,0.3617,0.5654
phase5_B_medium_predictions.json,2,2,decision_loop,medium,Medium,policy_sweep,What adjective did Lawrence Toppman use to describe Craig's portrayal of James Bond?,ABSTAIN,0,0,2,2,STOP,RETRIEVE_MORE,1,5,bored,0.5064,0.3308,0.0131,0.0,0.425,0.3596,0.325,0.8458,0.6692,0.4948,0.6553,0.6692,0.4936,0.5052
phase5_B_medium_predictions.json,3,3,decision_loop,medium,Medium,policy_sweep,To what two islands does the ferry service connect?,ABSTAIN,0,0,1,1,RETRIEVE_MORE,,2,3,east cowes and cowes,0.4183,0.12,0.0982,0.12,0.2239,0.6136,0.2239,0.9854,0.88,0.1175,0.9018,0.88,0.5817,0.8825
phase5_B_medium_predictions.json,3,3,decision_loop,medium,Medium,policy_sweep,To what two islands does the ferry service connect?,ABSTAIN,0,0,2,2,RERANK,RETRIEVE_MORE,1,5,east cowes and cowes,0.3123,0.12,0.0405,0.0,0.2109,0.4427,0.1109,0.9631,0.88,0.2377,0.8613,0.88,0.6877,0.7623
phase5_B_medium_predictions.json,3,3,decision_loop,medium,Medium,policy_sweep,To what two islands does the ferry service connect?,ABSTAIN,0,0,3,3,STOP,RERANK,1,3,east cowes and cowes,0.4183,0.12,0.0045,0.0,0.2539,0.4267,0.1539,0.9854,0.88,0.2675,0.8568,0.88,0.5817,0.7325
phase5_B_medium_predictions.json,4,4,decision_loop,medium,Medium,policy_sweep,What took the place of Mac's Xserve server?,ABSTAIN,0,0,1,1,RETRIEVE_MORE,,2,3,mac mini and mac pro,0.471,0.1313,0.1278,0.1313,0.2601,0.6078,0.2601,0.9609,0.8687,0.181,0.8722,0.8687,0.529,0.819
phase5_B_medium_predictions.json,4,4,decision_loop,medium,Medium,policy_sweep,What took the place of Mac's Xserve server?,ABSTAIN,0,0,2,2,RERANK,RETRIEVE_MORE,1,5,mac mini and mac pro,0.3318,0.1313,0.0281,0.0,0.2307,0.4317,0.1307,0.9649,0.8687,0.2775,0.8441,0.8687,0.6682,0.7225
phase5_B_medium_predictions.json,4,4,decision_loop,medium,Medium,policy_sweep,What took the place of Mac's Xserve server?,ABSTAIN,0,0,3,3,RETRIEVE_MORE,RERANK,1,3,mac mini and mac pro,0.471,0.1313,0.0169,0.0,0.2901,0.4213,0.1901,0.9609,0.8687,0.331,0.8272,0.8687,0.529,0.669
phase5_B_medium_predictions.json,4,4,decision_loop,medium,Medium,policy_sweep,What took the place of Mac's Xserve server?,ABSTAIN,0,0,4,4,STOP,RETRIEVE_MORE,0,5,mac mini and mac pro,0.3318,0.1313,0.0,0.0,0.2307,0.2954,0.0307,0.9649,0.8687,0.2775,0.8441,0.8687,0.6682,0.7225
phase5_B_medium_predictions.json,5,5,decision_loop,medium,Medium,policy_sweep,What is one example of an application that videoconferencing manufacturers have begun to offer?,ABSTAIN,0,0,1,1,RETRIEVE_MORE,,2,3,live and still image streaming,0.4617,0.0789,0.0852,0.0789,0.2208,0.6043,0.2208,0.9491,0.9211,0.1185,0.9148,0.9211,0.5383,0.8815
phase5_B_medium_predictions.json,5,5,decision_loop,medium,Medium,policy_sweep,What is one example of an application that videoconferencing manufacturers have begun to offer?,ABSTAIN,0,0,2,2,RERANK,RETRIEVE_MORE,1,5,live and still image streaming,0.2899,0.0789,0.0265,0.0,0.1818,0.4465,0.0818,0.9753,0.9211,0.2244,0.8883,0.9211,0.7101,0.7756
phase5_B_medium_predictions.json,5,5,decision_loop,medium,Medium,policy_sweep,What is one example of an application that videoconferencing manufacturers have begun to offer?,ABSTAIN,0,0,3,3,STOP,RERANK,1,3,live and still image streaming,0.3854,0.0789,0.0,0.0,0.2118,0.439,0.1118,0.9933,0.9211,0.2073,0.897,0.9211,0.6146,0.7927
phase5_B_medium_predictions.json,6,6,decision_loop,medium,Medium,policy_sweep,What are Italian dialects termed in the Italian language?,ABSTAIN,0,0,1,1,RETRIEVE_MORE,,2,3,dialects,0.6918,0.1319,0.2028,0.1319,0.3782,0.6101,0.3782,0.8911,0.8681,0.3837,0.7972,0.8681,0.3082,0.6163
phase5_B_medium_predictions.json,6,6,decision_loop,medium,Medium,policy_sweep,What are Italian dialects termed in the Italian language?,ABSTAIN,0,0,2,2,STOP,RETRIEVE_MORE,1,5,dialects,0.4657,0.1319,0.0018,0.0,0.304,0.4041,0.204,0.919,0.8681,0.4082,0.7954,0.8681,0.5343,0.5918
phase5_B_medium_predictions.json,7,7,decision_loop,medium,Medium,policy_sweep,"Along with exhibition and distribution, what business did the Universal Film Manufacturing Company engage in?",ABSTAIN,0,0,1,1,RETRIEVE_MORE,,2,3,movie production,0.5062,0.1815,0.1596,0.1815,0.2932,0.6168,0.2932,0.9133,0.8185,0.1715,0.8404,0.8185,0.4938,0.8285
phase5_B_medium_predictions.json,7,7,decision_loop,medium,Medium,policy_sweep,"Along with exhibition and distribution, what business did the Universal Film Manufacturing Company engage in?",ABSTAIN,0,0,2,2,RERANK,RETRIEVE_MORE,1,5,movie production,0.3761,0.1815,0.0288,0.0,0.2688,0.4206,0.1688,0.928,0.8185,0.2774,0.8116,0.8185,0.6239,0.7226
phase5_B_medium_predictions.json,7,7,decision_loop,medium,Medium,policy_sweep,"Along with exhibition and distribution, what business did the Universal Film Manufacturing Company engage in?",ABSTAIN,0,0,3,3,STOP,RERANK,1,3,movie production,0.4559,0.1815,0.0,0.0,0.2915,0.4132,0.1915,0.9474,0.8185,0.2512,0.8234,0.8185,0.5441,0.7488
phase5_B_medium_predictions.json,8,8,decision_loop,medium,Medium,policy_sweep,Whose life was 'Schindler's List' based on?,ABSTAIN,0,0,1,1,RETRIEVE_MORE,,2,3,oskar schindler,0.6628,0.2277,0.2912,0.2277,0.4236,0.6146,0.4236,0.7817,0.7723,0.4457,0.7088,0.7723,0.3372,0.5543
phase5_B_medium_predictions.json,8,8,decision_loop,medium,Medium,policy_sweep,Whose life was 'Schindler's List' based on?,ABSTAIN,0,0,2,2,STOP,RETRIEVE_MORE,1,5,oskar schindler,0.5082,0.2277,0.0,0.0,0.3613,0.3829,0.2613,0.8603,0.7723,0.4048,0.7368,0.7723,0.4918,0.5952
phase5_B_medium_predictions.json,9,9,decision_loop,medium,Medium,policy_sweep,In what presidential election year did Schwarzenegger make a name for himself as a prominent Republican?,ABSTAIN,0,0,1,1,RERANK,,2,3,2008,0.3674,0.1548,0.081,0.1548,0.1995,0.6336,0.1995,0.9919,0.8452,0.0065,0.919,0.8452,0.6326,0.9935
phase5_B_medium_predictions.json,9,9,decision_loop,medium,Medium,policy_sweep,In what presidential election year did Schwarzenegger make a name for himself as a prominent Republican?,ABSTAIN,0,0,2,2,RETRIEVE_MORE,RERANK,2,3,2008,0.3674,0.1548,0.045,0.0,0.2295,0.5739,0.2295,0.9919,0.8452,0.1565,0.874,0.8452,0.6326,0.8435
phase5_B_medium_predictions.json,9,9,decision_loop,medium,Medium,policy_sweep,In what presidential election year did Schwarzenegger make a name for himself as a prominent Republican?,ABSTAIN,0,0,3,3,RERANK,RETRIEVE_MORE,1,5,2006,0.3614,0.1548,0.0,0.0,0.2154,0.4343,0.1154,0.9497,0.8452,0.0962,0.8837,0.8452,0.6386,0.9038
phase5_B_medium_predictions.json,9,9,decision_loop,medium,Medium,policy_sweep,In what presidential election year did Schwarzenegger make a name for himself as a prominent Republican?,ABSTAIN,0,0,4,4,STOP,RERANK,1,3,2008,0.3674,0.1548,0.0,0.0,0.1995,0.4467,0.0995,0.9919,0.8452,0.0065,0.919,0.8452,0.6326,0.9935
phase5_B_medium_predictions.json,10,10,decision_loop,medium,Medium,policy_sweep,What component of the printed circuit board is appraised with boundary scan testing?,ABSTAIN,0,0,1,1,RETRIEVE_MORE,,2,3,pcb,0.4025,0.144,0.0838,0.144,0.2092,0.6283,0.2092,0.9676,0.856,0.0177,0.9162,0.856,0.5975,0.9823
phase5_B_medium_predictions.json,10,10,decision_loop,medium,Medium,policy_sweep,What component of the printed circuit board is appraised with boundary scan testing?,ABSTAIN,0,0,2,2,RERANK,RETRIEVE_MORE,1,5,pcb,0.2761,0.144,0.043,0.0,0.1939,0.4478,0.0939,0.9694,0.856,0.1621,0.8732,0.856,0.7239,0.8379
phase5_B_medium_predictions.json,10,10,decision_loop,medium,Medium,policy_sweep,What component of the printed circuit board is appraised with boundary scan testing?,ABSTAIN,0,0,3,3,RETRIEVE_MORE,RERANK,1,3,pcb,0.4162,0.1685,0.042,0.0245,0.276,0.4327,0.176,0.9864,0.8315,0.2725,0.8313,0.8315,0.5838,0.7275
phase5_B_medium_predictions.json,10,10,decision_loop,medium,Medium,policy_sweep,What component of the printed circuit board is appraised with boundary scan testing?,ABSTAIN,0,0,4,4,STOP,RETRIEVE_MORE,0,5,pcb,0.3167,0.1685,0.0,0.0,0.2353,0.292,0.0353,0.9571,0.8315,0.2432,0.8342,0.8315,0.6833,0.7568
phase5_B_medium_predictions.json,11,11,decision_loop,medium,Medium,policy_sweep,Who had FA cup coverage from 1988-1997?,ABSTAIN,0,0,1,1,RETRIEVE_MORE,,2,3,bbc and sky sports,0.4332,0.1318,0.1127,0.1318,0.2395,0.6133,0.2395,0.9802,0.8682,0.1429,0.8873,0.8682,0.5668,0.8571
phase5_B_medium_predictions.json,11,11,decision_loop,medium,Medium,policy_sweep,Who had FA cup coverage from 1988-1997?,ABSTAIN,0,0,2,2,RERANK,RETRIEVE_MORE,1,5,bbc and sky sports,0.2916,0.1318,0.0303,0.0,0.2106,0.4371,0.1106,0.9834,0.8682,0.2462,0.8569,0.8682,0.7084,0.7538
phase5_B_medium_predictions.json,11,11,decision_loop,medium,Medium,policy_sweep,Who had FA cup coverage from 1988-1997?,ABSTAIN,0,0,3,3,RETRIEVE_MORE,RERANK,1,3,bbc and sky sports,0.4332,0.1318,0.0147,0.0,0.2695,0.4257,0.1695,0.9802,0.8682,0.2929,0.8423,0.8682,0.5668,0.7071
phase5_B_medium_predictions.json,11,11,decision_loop,medium,Medium,policy_sweep,Who had FA cup coverage from 1988-1997?,ABSTAIN,0,0,4,4,STOP,RETRIEVE_MORE,0,5,bbc and sky sports,0.2916,0.1318,0.0,0.0,0.2106,0.2999,0.0106,0.9834,0.8682,0.2462,0.8569,0.8682,0.7084,0.7538
phase5_B_medium_predictions.json,12,12,decision_loop,medium,Medium,policy_sweep,What percentage of the population was Caucasian in 1940?,ABSTAIN,0,0,1,1,RETRIEVE_MORE,,2,3,3.0%,0.5176,0.1475,0.1644,0.1475,0.2991,0.6082,0.2991,0.9334,0.8525,0.2578,0.8356,0.8525,0.4824,0.7422
phase5_B_medium_predictions.json,12,12,decision_loop,medium,Medium,policy_sweep,What percentage of the population was Caucasian in 1940?,ABSTAIN,0,0,2,2,RERANK,RETRIEVE_MORE,1,5,3.0%,0.3739,0.1475,0.0209,0.0,0.2645,0.4185,0.1645,0.9463,0.8525,0.3362,0.8147,0.8525,0.6261,0.6638
phase5_B_medium_predictions.json,12,12,decision_loop,medium,Medium,policy_sweep,What percentage of the population was Caucasian in 1940?,ABSTAIN,0,0,3,3,RETRIEVE_MORE,RERANK,1,3,3.0%,0.5115,0.1475,0.0111,0.0,0.3174,0.4107,0.2174,0.9266,0.8525,0.3601,0.8036,0.8525,0.4885,0.6399
phase5_B_medium_predictions.json,12,12,decision_loop,medium,Medium,policy_sweep,What percentage of the population was Caucasian in 1940?,ABSTAIN,0,0,4,4,STOP,RETRIEVE_MORE,0,5,3.0%,0.3707,0.1475,0.0,0.0,0.2565,0.2884,0.0565,0.942,0.8525,0.3023,0.824,0.8525,0.6293,0.6977
phase5_B_medium_predictions.json,13,13,decision_loop,medium,Medium,policy_sweep,In what year was Columbia University chartered?,ABSTAIN,0,0,1,1,RETRIEVE_MORE,,2,3,1950,0.5368,0.1087,0.1396,0.1087,0.2773,0.607,0.2773,0.8777,0.8913,0.2025,0.8604,0.8913,0.4632,0.7975
phase5_B_medium_predictions.json,13,13,decision_loop,medium,Medium,policy_sweep,In what year was Columbia University chartered?,ABSTAIN,0,0,2,2,RERANK,RETRIEVE_MORE,1,5,1950,0.3486,0.1087,0.0108,0.0,0.2272,0.4267,0.1272,0.9421,0.8913,0.2815,0.8496,0.8913,0.6514,0.7185
phase5_B_medium_predictions.json,13,13,decision_loop,medium,Medium,policy_sweep,In what year was Columbia University chartered?,ABSTAIN,0,0,3,3,STOP,RERANK,1,3,1950,0.4432,0.1087,0.0024,0.0,0.2665,0.4225,0.1665,0.9763,0.8913,0.3123,0.8472,0.8913,0.5568,0.6877
phase5_B_medium_predictions.json,14,14,decision_loop,medium,Medium,policy_sweep,"What is the owner, tenant or manager of a pub known as?",ABSTAIN,0,0,1,1,RETRIEVE_MORE,,2,3,pub landlord,0.6605,0.2893,0.3294,0.2893,0.4574,0.6165,0.4574,0.7968,0.7107,0.4802,0.6706,0.7107,0.3395,0.5198
phase5_B_medium_predictions.json,14,14,decision_loop,medium,Medium,policy_sweep,"What is the owner, tenant or manager of a pub known as?",ABSTAIN,0,0,2,2,STOP,RETRIEVE_MORE,1,5,pub landlord,0.5128,0.2893,0.0028,0.0,0.4142,0.3599,0.3142,0.8468,0.7107,0.5228,0.6679,0.7107,0.4872,0.4772
phase5_B_medium_predictions.json,15,15,decision_loop,medium,Medium,policy_sweep,How many people signed a petition in protest of Everton FC's crest redesign in 2013?,ABSTAIN,0,0,1,1,RETRIEVE_MORE,,2,3,"22,000",0.7013,0.1645,0.227,0.1645,0.4,0.6114,0.4,0.8797,0.8355,0.4025,0.773,0.8355,0.2987,0.5975
phase5_B_medium_predictions.json,15,15,decision_loop,medium,Medium,policy_sweep,How many people signed a petition in protest of Everton FC's crest redesign in 2013?,ABSTAIN,0,0,2,2,STOP,RETRIEVE_MORE,1,5,"22,000",0.4969,0.1645,0.0,0.0,0.32,0.4045,0.22,0.9439,0.8355,0.3604,0.7984,0.8355,0.5031,0.6396
phase5_B_medium_predictions.json,16,16,decision_loop,medium,Medium,policy_sweep,What did Griffith's tool help increase?,ABSTAIN,0,0,1,1,RETRIEVE_MORE,,2,3,transparency,0.4171,0.0978,0.0817,0.0978,0.2097,0.6105,0.2097,0.9838,0.9022,0.0986,0.9183,0.9022,0.5829,0.9014
phase5_B_medium_predictions.json,16,16,decision_loop,medium,Medium,policy_sweep,What did Griffith's tool help increase?,ABSTAIN,0,0,2,2,RERANK,RETRIEVE_MORE,1,5,transparency,0.2972,0.0978,0.0391,0.0,0.1921,0.4483,0.0921,0.971,0.9022,0.2203,0.8792,0.9022,0.7028,0.7797
phase5_B_medium_predictions.json,16,16,decision_loop,medium,Medium,policy_sweep,What did Griffith's tool help increase?,ABSTAIN,0,0,3,3,STOP,RERANK,1,3,transparency,0.4171,0.0978,0.0059,0.0,0.2397,0.433,0.1397,0.9838,0.9022,0.2486,0.8733,0.9022,0.5829,0.7514
phase5_B_medium_predictions.json,17,17,decision_loop,medium,Medium,policy_sweep,Where do samurais' teachings live on?,ABSTAIN,0,0,1,1,RERANK,,2,3,lichens,0.3704,0.0784,0.0506,0.0784,0.172,0.6137,0.172,0.996,0.9216,0.0351,0.9494,0.9216,0.6296,0.9649
phase5_B_medium_predictions.json,17,17,decision_loop,medium,Medium,policy_sweep,Where do samurais' teachings live on?,ABSTAIN,0,0,2,2,RETRIEVE_MORE,RERANK,2,3,lichens,0.4207,0.0933,0.0622,0.0148,0.2281,0.5854,0.2281,0.961,0.9067,0.1945,0.8872,0.9067,0.5793,0.8055
phase5_B_medium_predictions.json,17,17,decision_loop,medium,Medium,policy_sweep,Where do samurais' teachings live on?,ABSTAIN,0,0,3,3,RERANK,RETRIEVE_MORE,1,5,lichens,0.2795,0.0933,0.0,0.0,0.1757,0.4381,0.0757,0.9756,0.9067,0.1795,0.8946,0.9067,0.7205,0.8205
phase5_B_medium_predictions.json,17,17,decision_loop,medium,Medium,policy_sweep,Where do samurais' teachings live on?,ABSTAIN,0,0,4,4,STOP,RERANK,1,3,lichens,0.3732,0.0933,0.0,0.0,0.2105,0.4385,0.1105,0.9956,0.9067,0.1894,0.8957,0.9067,0.6268,0.8106
phase5_B_medium_predictions.json,18,18,decision_loop,medium,Medium,policy_sweep,How many years does the term of a Richmond city council representative last?,ABSTAIN,0,0,1,1,RETRIEVE_MORE,,2,3,4,0.5119,0.2008,0.1698,0.2008,0.3017,0.6209,0.3017,0.8945,0.7992,0.161,0.8302,0.7992,0.4881,0.839
phase5_B_medium_predictions.json,18,18,decision_loop,medium,Medium,policy_sweep,How many years does the term of a Richmond city council representative last?,ABSTAIN,0,0,2,2,RERANK,RETRIEVE_MORE,1,5,4,0.384,0.2008,0.029,0.0,0.2789,0.417,0.1789,0.9144,0.7992,0.2708,0.8012,0.7992,0.616,0.7292
phase5_B_medium_predictions.json,18,18,decision_loop,medium,Medium,policy_sweep,How many years does the term of a Richmond city council representative last?,ABSTAIN,0,0,3,3,STOP,RERANK,1,3,4,0.4318,0.2008,0.0,0.0,0.2862,0.4138,0.1862,0.9631,0.7992,0.2236,0.8251,0.7992,0.5682,0.7764
phase5_B_medium_predictions.json,19,19,decision_loop,medium,Medium,policy_sweep,When did an investigation occur under school casualties?,ABSTAIN,0,0,1,1,RETRIEVE_MORE,,2,3,december 2008,0.4199,0.0844,0.0837,0.0844,0.2107,0.6045,0.2107,0.9852,0.9156,0.1286,0.9163,0.9156,0.5801,0.8714
phase5_B_medium_predictions.json,19,19,decision_loop,medium,Medium,policy_sweep,When did an investigation occur under school casualties?,ABSTAIN,0,0,2,2,RERANK,RETRIEVE_MORE,1,5,december 2008,0.2883,0.0844,0.0341,0.0,0.1865,0.4474,0.0865,0.9792,0.9156,0.2383,0.8822,0.9156,0.7117,0.7617
phase5_B_medium_predictions.json,19,19,decision_loop,medium,Medium,policy_sweep,When did an investigation occur under school casualties?,ABSTAIN,0,0,3,3,RETRIEVE_MORE,RERANK,1,3,december 2008,0.4199,0.0844,0.0109,0.0,0.2407,0.4343,0.1407,0.9852,0.9156,0.2786,0.8713,0.9156,0.5801,0.7214
phase5_B_medium_predictions.json,19,19,decision_loop,medium,Medium,policy_sweep,When did an investigation occur under school casualties?,ABSTAIN,0,0,4,4,STOP,RETRIEVE_MORE,0,5,december 2008,0.2883,0.0844,0.0,0.0,0.1865,0.3088,-0.0135,0.9792,0.9156,0.2383,0.8822,0.9156,0.7117,0.7617
phase5_B_medium_predictions.json,20,20,decision_loop,medium,Medium,policy_sweep,How did Liang Ji die?,ABSTAIN,0,0,1,1,RETRIEVE_MORE,,2,3,killed after deng mengnü resisted liang ji's attempts to control her,0.5017,0.0861,0.1241,0.0861,0.2609,0.6062,0.2609,0.9439,0.9139,0.2329,0.8759,0.9139,0.4983,0.7671
phase5_B_medium_predictions.json,20,20,decision_loop,medium,Medium,policy_sweep,How did Liang Ji die?,ABSTAIN,0,0,2,2,RETRIEVE_MORE,RETRIEVE_MORE,1,5,killed after deng mengnü resisted liang ji's attempts to control her,0.413,0.0861,0.0443,0.0,0.2516,0.4338,0.1516,0.8859,0.9139,0.3417,0.8316,0.9139,0.587,0.6583
phase5_B_medium_predictions.json,20,20,decision_loop,medium,Medium,policy_sweep,How did Liang Ji die?,ABSTAIN,0,0,3,3,STOP,RETRIEVE_MORE,0,5,killed after deng mengnü resisted liang ji's attempts to control her,0.3763,0.0861,0.0,0.0,0.2283,0.2998,0.0283,0.9315,0.9139,0.2893,0.8565,0.9139,0.6237,0.7107
phase5_B_medium_predictions.json,21,21,decision_loop,medium,Medium,policy_sweep,Who supported the reaction against the government?,ABSTAIN,0,0,1,1,RETRIEVE_MORE,,2,3,durango,0.5666,0.2014,0.223,0.2014,0.3566,0.6111,0.3566,0.8956,0.7986,0.338,0.777,0.7986,0.4334,0.662
phase5_B_medium_predictions.json,21,21,decision_loop,medium,Medium,policy_sweep,Who supported the reaction against the government?,ABSTAIN,0,0,2,2,RETRIEVE_MORE,RETRIEVE_MORE,1,5,durango,0.4236,0.2014,0.0162,0.0,0.3194,0.3978,0.2194,0.9116,0.7986,0.4027,0.7608,0.7986,0.5764,0.5973
phase5_B_medium_predictions.json,21,21,decision_loop,medium,Medium,policy_sweep,Who supported the reaction against the government?,ABSTAIN,0,0,3,3,STOP,RETRIEVE_MORE,0,5,durango,0.42,0.2014,0.0052,0.0,0.314,0.2705,0.114,0.9102,0.7986,0.3818,0.7668,0.7986,0.58,0.6182
phase5_B_medium_predictions.json,22,22,decision_loop,medium,Medium,policy_sweep,What influences role of minority leader?,ABSTAIN,0,0,1,1,RETRIEVE_MORE,,2,3,more partisan nature of the house,0.4117,0.1348,0.0833,0.1348,0.2104,0.6248,0.2104,0.9627,0.8652,0.0281,0.9167,0.8652,0.5883,0.9719
phase5_B_medium_predictions.json,22,22,decision_loop,medium,Medium,policy_sweep,What influences role of minority leader?,ABSTAIN,0,0,2,2,RERANK,RETRIEVE_MORE,1,5,more partisan nature of the house,0.2603,0.1348,0.0382,0.0,0.1853,0.4477,0.0853,0.9813,0.8652,0.1678,0.8785,0.8652,0.7397,0.8322
phase5_B_medium_predictions.json,22,22,decision_loop,medium,Medium,policy_sweep,What influences role of minority leader?,ABSTAIN,0,0,3,3,RETRIEVE_MORE,RERANK,1,3,personality and contextual factors,0.3734,0.154,0.0,0.0191,0.2093,0.4506,0.1093,0.9962,0.846,0.0464,0.9083,0.846,0.6266,0.9536
phase5_B_medium_predictions.json,22,22,decision_loop,medium,Medium,policy_sweep,What influences role of minority leader?,ABSTAIN,0,0,4,4,STOP,RETRIEVE_MORE,0,5,personality and contextual factors,0.2818,0.154,0.049,0.0,0.2049,0.3204,0.0049,0.9592,0.846,0.185,0.8593,0.846,0.7182,0.815
phase5_B_medium_predictions.json,23,23,decision_loop,medium,Medium,policy_sweep,What genre was 'LA 2017'?,ABSTAIN,0,0,1,1,RETRIEVE_MORE,,2,3,mp3,0.473,0.1279,0.1051,0.1279,0.2268,0.6143,0.2268,0.8217,0.8721,0.0185,0.8949,0.8721,0.527,0.9815
phase5_B_medium_predictions.json,23,23,decision_loop,medium,Medium,policy_sweep,What genre was 'LA 2017'?,ABSTAIN,0,0,2,2,RERANK,RETRIEVE_MORE,1,5,mp3,0.3332,0.1279,0.0279,0.0,0.2068,0.4396,0.1068,0.8991,0.8721,0.163,0.867,0.8721,0.6668,0.837
phase5_B_medium_predictions.json,23,23,decision_loop,medium,Medium,policy_sweep,What genre was 'LA 2017'?,ABSTAIN,0,0,3,3,STOP,RERANK,1,3,mp3,0.3959,0.1279,0.0,0.0,0.2292,0.4334,0.1292,0.9734,0.8721,0.1655,0.8811,0.8721,0.6041,0.8345
phase5_B_medium_predictions.json,24,24,decision_loop,medium,Medium,policy_sweep,Who had issues with JFK's proposal?,ABSTAIN,0,0,1,1,RETRIEVE_MORE,,2,3,naacp,0.4797,0.1078,0.1236,0.1078,0.2572,0.6062,0.2572,0.9576,0.8922,0.2039,0.8764,0.8922,0.5203,0.7961
phase5_B_medium_predictions.json,24,24,decision_loop,medium,Medium,policy_sweep,Who had issues with JFK's proposal?,ABSTAIN,0,0,2,2,RERANK,RETRIEVE_MORE,1,5,naacp,0.3389,0.1078,0.0262,0.0,0.2259,0.4331,0.1259,0.9618,0.8922,0.2941,0.8502,0.8922,0.6611,0.7059
phase5_B_medium_predictions.json,24,24,decision_loop,medium,Medium,policy_sweep,Who had issues with JFK's proposal?,ABSTAIN,0,0,3,3,RETRIEVE_MORE,RERANK,1,3,naacp,0.4797,0.1078,0.0188,0.0,0.2872,0.4235,0.1872,0.9576,0.8922,0.3539,0.8314,0.8922,0.5203,0.6461
phase5_B_medium_predictions.json,24,24,decision_loop,medium,Medium,policy_sweep,Who had issues with JFK's proposal?,ABSTAIN,0,0,4,4,STOP,RETRIEVE_MORE,0,5,naacp,0.3389,0.1078,0.0,0.0,0.2259,0.2976,0.0259,0.9618,0.8922,0.2941,0.8502,0.8922,0.6611,0.7059
phase5_B_medium_predictions.json,25,25,decision_loop,medium,Medium,policy_sweep,What does CATOBAR allow for?,ABSTAIN,0,0,1,1,RETRIEVE_MORE,,2,3,catobar recovery,0.539,0.1252,0.1554,0.1252,0.2938,0.6078,0.2938,0.9026,0.8748,0.2443,0.8446,0.8748,0.461,0.7557
phase5_B_medium_predictions.json,25,25,decision_loop,medium,Medium,policy_sweep,What does CATOBAR allow for?,ABSTAIN,0,0,2,2,RERANK,RETRIEVE_MORE,1,5,catobar recovery,0.3835,0.1252,0.0174,0.0,0.2553,0.4215,0.1553,0.935,0.8748,0.3238,0.8273,0.8748,0.6165,0.6762
phase5_B_medium_predictions.json,25,25,decision_loop,medium,Medium,policy_sweep,What does CATOBAR allow for?,ABSTAIN,0,0,3,3,RETRIEVE_MORE,RERANK,1,3,catobar recovery,0.4922,0.1252,0.0117,0.0,0.3032,0.4151,0.2032,0.9504,0.8748,0.3731,0.8156,0.8748,0.5078,0.6269
phase5_B_medium_predictions.json,25,25,decision_loop,medium,Medium,policy_sweep,What does CATOBAR allow for?,ABSTAIN,0,0,4,4,STOP,RETRIEVE_MORE,0,5,catobar recovery,0.3797,0.1252,0.0,0.0,0.2536,0.2895,0.0536,0.9317,0.8748,0.3221,0.8271,0.8748,0.6203,0.6779
phase5_B_medium_predictions.json,26,26,decision_loop,medium,Medium,policy_sweep,Where were these forts commonly built?,ABSTAIN,0,0,1,1,RETRIEVE_MORE,,2,3,the swedes,0.4311,0.0863,0.0712,0.0863,0.2032,0.6096,0.2032,0.9609,0.9137,0.0674,0.9288,0.9137,0.5689,0.9326
phase5_B_medium_predictions.json,26,26,decision_loop,medium,Medium,policy_sweep,Where were these forts commonly built?,ABSTAIN,0,0,2,2,RERANK,RETRIEVE_MORE,1,5,the swedes,0.3046,0.0863,0.0385,0.0,0.185,0.452,0.085,0.9638,0.9137,0.1976,0.8903,0.9137,0.6954,0.8024
phase5_B_medium_predictions.json,26,26,decision_loop,medium,Medium,policy_sweep,Where were these forts commonly built?,ABSTAIN,0,0,3,3,STOP,RERANK,1,3,the swedes,0.4012,0.0863,0.0001,0.0,0.2218,0.4366,0.1218,0.9862,0.9137,0.2127,0.8903,0.9137,0.5988,0.7873
phase5_B_medium_predictions.json,27,27,decision_loop,medium,Medium,policy_sweep,What bacteria is an exception to single circular chromosome rule?,ABSTAIN,0,0,1,1,RETRIEVE_MORE,,2,3,borrelia burgdorferi,0.5601,0.1645,0.2023,0.1645,0.337,0.6101,0.337,0.9018,0.8355,0.3345,0.7977,0.8355,0.4399,0.6655
phase5_B_medium_predictions.json,27,27,decision_loop,medium,Medium,policy_sweep,What bacteria is an exception to single circular chromosome rule?,ABSTAIN,0,0,2,2,RETRIEVE_MORE,RETRIEVE_MORE,1,5,borrelia burgdorferi,0.4324,0.1645,0.0211,0.0,0.307,0.4053,0.207,0.9069,0.8355,0.4083,0.7766,0.8355,0.5676,0.5917
phase5_B_medium_predictions.json,27,27,decision_loop,medium,Medium,policy_sweep,What bacteria is an exception to single circular chromosome rule?,ABSTAIN,0,0,3,3,STOP,RETRIEVE_MORE,0,5,borrelia burgdorferi,0.4308,0.1645,0.0119,0.0,0.3063,0.2766,0.1063,0.9063,0.8355,0.4073,0.7768,0.8355,0.5692,0.5927
phase5_B_medium_predictions.json,28,28,decision_loop,medium,Medium,policy_sweep,Who made up most unions between Europeans and natives?,ABSTAIN,0,0,1,1,RETRIEVE_MORE,,2,3,africans,0.5093,0.0925,0.1344,0.0925,0.2707,0.6067,0.2707,0.94,0.9075,0.2539,0.8656,0.9075,0.4907,0.7461
phase5_B_medium_predictions.json,28,28,decision_loop,medium,Medium,policy_sweep,Who made up most unions between Europeans and natives?,ABSTAIN,0,0,2,2,RERANK,RETRIEVE_MORE,1,5,africans,0.3444,0.0925,0.0139,0.0,0.2254,0.4286,0.1254,0.9635,0.9075,0.3159,0.8517,0.9075,0.6556,0.6841
phase5_B_medium_predictions.json,28,28,decision_loop,medium,Medium,policy_sweep,Who made up most unions between Europeans and natives?,ABSTAIN,0,0,3,3,STOP,RERANK,1,3,africans,0.4454,0.0925,0.0,0.0,0.2504,0.4287,0.1504,0.9658,0.9075,0.2643,0.8676,0.9075,0.5546,0.7357
phase5_B_medium_predictions.json,29,29,decision_loop,medium,Medium,policy_sweep,What did the Guardian name her?,ABSTAIN,0,0,1,1,RERANK,,2,3,beyoncé,0.3576,0.1055,0.0628,0.1055,0.1792,0.6202,0.1792,0.9988,0.8945,0.0328,0.9372,0.8945,0.6424,0.9672
phase5_B_medium_predictions.json,29,29,decision_loop,medium,Medium,policy_sweep,What did the Guardian name her?,ABSTAIN,0,0,2,2,RETRIEVE_MORE,RERANK,2,3,beyoncé,0.4277,0.1312,0.0734,0.0257,0.2505,0.5817,0.2505,0.9604,0.8688,0.2089,0.8638,0.8688,0.5723,0.7911
phase5_B_medium_predictions.json,29,29,decision_loop,medium,Medium,policy_sweep,What did the Guardian name her?,ABSTAIN,0,0,3,3,RERANK,RETRIEVE_MORE,1,5,beyoncé,0.3084,0.1312,0.0,0.0,0.2055,0.4284,0.1055,0.9513,0.8688,0.1924,0.8669,0.8688,0.6916,0.8076
phase5_B_medium_predictions.json,29,29,decision_loop,medium,Medium,policy_sweep,What did the Guardian name her?,ABSTAIN,0,0,4,4,STOP,RERANK,1,3,beyoncé,0.3884,0.1312,0.0,0.0,0.2357,0.4301,0.1357,0.9914,0.8688,0.2034,0.8717,0.8688,0.6116,0.7966
phase5_B_medium_predictions.json,30,30,decision_loop,medium,Medium,policy_sweep,The lower regions and larger towns of the Alps are well-served by what?,ABSTAIN,0,0,1,1,RETRIEVE_MORE,,2,3,motorways and main roads,0.4726,0.1368,0.1366,0.1368,0.2674,0.6069,0.2674,0.9622,0.8632,0.2023,0.8634,0.8632,0.5274,0.7977
phase5_B_medium_predictions.json,30,30,decision_loop,medium,Medium,policy_sweep,The lower regions and larger towns of the Alps are well-served by what?,ABSTAIN,0,0,2,2,RERANK,RETRIEVE_MORE,1,5,motorways and main roads,0.3581,0.1368,0.0385,0.0,0.2475,0.4291,0.1475,0.9213,0.8632,0.3033,0.8249,0.8632,0.6419,0.6967
phase5_B_medium_predictions.json,30,30,decision_loop,medium,Medium,policy_sweep,The lower regions and larger towns of the Alps are well-served by what?,ABSTAIN,0,0,3,3,STOP,RERANK,1,3,motorways and main roads,0.4726,0.1368,0.0065,0.0,0.2974,0.414,0.1974,0.9622,0.8632,0.3523,0.8184,0.8632,0.5274,0.6477
phase5_B_medium_predictions.json,31,31,decision_loop,medium,Medium,policy_sweep,What does the French constitution state for the language in Aslace?,ABSTAIN,0,0,1,1,RERANK,,2,3,standardisation of dutch language,0.3588,0.0815,0.0446,0.0815,0.1644,0.617,0.1644,0.9965,0.9185,0.0105,0.9554,0.9185,0.6412,0.9895
phase5_B_medium_predictions.json,31,31,decision_loop,medium,Medium,policy_sweep,What does the French constitution state for the language in Aslace?,ABSTAIN,0,0,2,2,RETRIEVE_MORE,RERANK,2,3,standardisation of dutch language,0.3588,0.0815,0.045,0.0,0.1944,0.5866,0.1944,0.9965,0.9185,0.1605,0.9104,0.9185,0.6412,0.8395
phase5_B_medium_predictions.json,31,31,decision_loop,medium,Medium,policy_sweep,What does the French constitution state for the language in Aslace?,ABSTAIN,0,0,3,3,RERANK,RETRIEVE_MORE,1,5,standardisation of dutch language,0.2648,0.0815,0.0041,0.0,0.1609,0.4438,0.0609,0.9721,0.9185,0.1577,0.9064,0.9185,0.7352,0.8423
phase5_B_medium_predictions.json,31,31,decision_loop,medium,Medium,policy_sweep,What does the French constitution state for the language in Aslace?,ABSTAIN,0,0,4,4,STOP,RERANK,1,3,standardisation of dutch language,0.3588,0.0815,0.0,0.0,0.1944,0.4436,0.0944,0.9965,0.9185,0.1605,0.9104,0.9185,0.6412,0.8395
phase5_B_medium_predictions.json,32,32,decision_loop,medium,Medium,policy_sweep,Which BYU building features films in several languages?,ABSTAIN,0,0,1,1,RETRIEVE_MORE,,2,3,international cinema,0.5971,0.1829,0.228,0.1829,0.3641,0.6114,0.3641,0.8633,0.8171,0.3641,0.772,0.8171,0.4029,0.6359
phase5_B_medium_predictions.json,32,32,decision_loop,medium,Medium,policy_sweep,Which BYU building features films in several languages?,ABSTAIN,0,0,2,2,STOP,RETRIEVE_MORE,1,5,international cinema,0.4362,0.1829,0.0065,0.0,0.3181,0.3955,0.2181,0.9086,0.8171,0.4159,0.7655,0.8171,0.5638,0.5841
phase5_B_medium_predictions.json,33,33,decision_loop,medium,Medium,policy_sweep,What has helped geneologists researching slaves?,ABSTAIN,0,0,1,1,RERANK,,2,3,slave ships stopping at ports such as charleston,0.3812,0.0605,0.051,0.0605,0.1739,0.6063,0.1739,0.9953,0.9395,0.0661,0.949,0.9395,0.6188,0.9339
phase5_B_medium_predictions.json,33,33,decision_loop,medium,Medium,policy_sweep,What has helped geneologists researching slaves?,ABSTAIN,0,0,2,2,RETRIEVE_MORE,RERANK,2,3,slave ships stopping at ports such as charleston,0.3812,0.0605,0.045,0.0,0.2039,0.5844,0.2039,0.9953,0.9395,0.2161,0.904,0.9395,0.6188,0.7839
phase5_B_medium_predictions.json,33,33,decision_loop,medium,Medium,policy_sweep,What has helped geneologists researching slaves?,ABSTAIN,0,0,3,3,RERANK,RETRIEVE_MORE,1,5,slave ships stopping at ports such as charleston,0.2492,0.0605,0.0,0.0,0.1497,0.4449,0.0497,0.9851,0.9395,0.1762,0.9139,0.9395,0.7508,0.8238
phase5_B_medium_predictions.json,33,33,decision_loop,medium,Medium,policy_sweep,What has helped geneologists researching slaves?,ABSTAIN,0,0,4,4,RETRIEVE_MORE,RERANK,1,3,treaties,0.4298,0.0777,0.0,0.0172,0.2044,0.4565,0.1044,0.9738,0.9223,0.0951,0.9274,0.9223,0.5702,0.9049
phase5_B_medium_predictions.json,33,33,decision_loop,medium,Medium,policy_sweep,What has helped geneologists researching slaves?,ABSTAIN,0,0,5,5,STOP,RETRIEVE_MORE,0,5,treaties,0.3086,0.0777,0.0385,0.0,0.1866,0.3265,-0.0134,0.9662,0.9223,0.2183,0.8889,0.9223,0.6914,0.7817
phase5_B_medium_predictions.json,34,34,decision_loop,medium,Medium,policy_sweep,When did the first free election take place?,ABSTAIN,0,0,1,1,RETRIEVE_MORE,,2,3,1492,0.5376,0.1743,0.1911,0.1743,0.3252,0.6096,0.3252,0.9194,0.8257,0.2929,0.8089,0.8257,0.4624,0.7071
phase5_B_medium_predictions.json,34,34,decision_loop,medium,Medium,policy_sweep,When did the first free election take place?,ABSTAIN,0,0,2,2,RETRIEVE_MORE,RETRIEVE_MORE,1,5,1492,0.4015,0.1743,0.0208,0.0,0.2927,0.4091,0.1927,0.9292,0.8257,0.3687,0.7881,0.8257,0.5985,0.6313
phase5_B_medium_predictions.json,34,34,decision_loop,medium,Medium,policy_sweep,When did the first free election take place?,ABSTAIN,0,0,3,3,STOP,RETRIEVE_MORE,0,5,1492,0.3995,0.1743,0.0089,0.0,0.2918,0.2794,0.0918,0.9279,0.8257,0.3677,0.7881,0.8257,0.6005,0.6323
phase5_B_medium_predictions.json,35,35,decision_loop,medium,Medium,policy_sweep,Of what discipline is ethology a branch?,ABSTAIN,0,0,1,1,RETRIEVE_MORE,,2,3,zoology,0.451,0.1628,0.135,0.1628,0.2631,0.6179,0.2631,0.972,0.8372,0.16,0.865,0.8372,0.549,0.84
phase5_B_medium_predictions.json,35,35,decision_loop,medium,Medium,policy_sweep,Of what discipline is ethology a branch?,ABSTAIN,0,0,2,2,RERANK,RETRIEVE_MORE,1,5,zoology,0.3276,0.1628,0.0111,0.0,0.2288,0.4283,0.1288,0.9829,0.8372,0.2041,0.8539,0.8372,0.6724,0.7959
phase5_B_medium_predictions.json,35,35,decision_loop,medium,Medium,policy_sweep,Of what discipline is ethology a branch?,ABSTAIN,0,0,3,3,RETRIEVE_MORE,RERANK,1,3,zoology,0.451,0.1628,0.0339,0.0,0.2931,0.4256,0.1931,0.972,0.8372,0.31,0.82,0.8372,0.549,0.69
phase5_B_medium_predictions.json,35,35,decision_loop,medium,Medium,policy_sweep,Of what discipline is ethology a branch?,ABSTAIN,0,0,4,4,STOP,RETRIEVE_MORE,0,5,zoology,0.3276,0.1628,0.0,0.0,0.2288,0.2989,0.0288,0.9829,0.8372,0.2041,0.8539,0.8372,0.6724,0.7959
phase5_B_medium_predictions.json,36,36,decision_loop,medium,Medium,policy_sweep,What New Haven trial is known to be the longest in the history of Connecticut?,ABSTAIN,0,0,1,1,RERANK,,2,3,bridgeport,0.3993,0.1679,0.1099,0.1679,0.2313,0.6287,0.2313,0.9902,0.8321,0.0799,0.8901,0.8321,0.6007,0.9201
phase5_B_medium_predictions.json,36,36,decision_loop,medium,Medium,policy_sweep,What New Haven trial is known to be the longest in the history of Connecticut?,ABSTAIN,0,0,2,2,RETRIEVE_MORE,RERANK,2,3,bridgeport,0.3893,0.1679,0.0269,0.0,0.244,0.5629,0.244,0.9778,0.8321,0.1611,0.8633,0.8321,0.6107,0.8389
phase5_B_medium_predictions.json,36,36,decision_loop,medium,Medium,policy_sweep,What New Haven trial is known to be the longest in the history of Connecticut?,ABSTAIN,0,0,3,3,RERANK,RETRIEVE_MORE,1,5,bridgeport,0.2686,0.1679,0.0,0.0,0.2011,0.4276,0.1011,0.9787,0.8321,0.1576,0.8645,0.8321,0.7314,0.8424
phase5_B_medium_predictions.json,36,36,decision_loop,medium,Medium,policy_sweep,What New Haven trial is known to be the longest in the history of Connecticut?,ABSTAIN,0,0,4,4,STOP,RERANK,1,3,bridgeport,0.3893,0.1679,0.0012,0.0,0.244,0.4276,0.144,0.9778,0.8321,0.1611,0.8633,0.8321,0.6107,0.8389
phase5_B_medium_predictions.json,37,37,decision_loop,medium,Medium,policy_sweep,In what periodical was the new sovereign status of the Russian Federation first published?,ABSTAIN,0,0,1,1,RETRIEVE_MORE,,2,3,rossiyskaya gazeta,0.5032,0.1608,0.1678,0.1608,0.2993,0.6084,0.2993,0.9444,0.8392,0.2543,0.8322,0.8392,0.4968,0.7457
phase5_B_medium_predictions.json,37,37,decision_loop,medium,Medium,policy_sweep,In what periodical was the new sovereign status of the Russian Federation first published?,ABSTAIN,0,0,2,2,RERANK,RETRIEVE_MORE,1,5,rossiyskaya gazeta,0.3688,0.1608,0.0249,0.0,0.2687,0.4175,0.1687,0.9432,0.8392,0.3364,0.8073,0.8392,0.6312,0.6636
phase5_B_medium_predictions.json,37,37,decision_loop,medium,Medium,policy_sweep,In what periodical was the new sovereign status of the Russian Federation first published?,ABSTAIN,0,0,3,3,RETRIEVE_MORE,RERANK,1,3,rossiyskaya gazeta,0.5032,0.1608,0.0201,0.0,0.3293,0.4086,0.2293,0.9444,0.8392,0.4043,0.7872,0.8392,0.4968,0.5957
phase5_B_medium_predictions.json,37,37,decision_loop,medium,Medium,policy_sweep,In what periodical was the new sovereign status of the Russian Federation first published?,ABSTAIN,0,0,4,4,STOP,RETRIEVE_MORE,0,5,rossiyskaya gazeta,0.3688,0.1608,0.0,0.0,0.2687,0.2826,0.0687,0.9432,0.8392,0.3364,0.8073,0.8392,0.6312,0.6636
phase5_B_medium_predictions.json,38,38,decision_loop,medium,Medium,policy_sweep,The first ship to carry a human through space was called what?,ABSTAIN,0,0,1,1,RETRIEVE_MORE,,2,3,tardis,0.4063,0.1055,0.0872,0.1055,0.2112,0.6117,0.2112,0.9894,0.8945,0.1077,0.9128,0.8945,0.5937,0.8923
phase5_B_medium_predictions.json,38,38,decision_loop,medium,Medium,policy_sweep,The first ship to carry a human through space was called what?,ABSTAIN,0,0,2,2,RERANK,RETRIEVE_MORE,1,5,tardis,0.2861,0.1055,0.0375,0.0,0.1928,0.4464,0.0928,0.979,0.8945,0.2258,0.8753,0.8945,0.7139,0.7742
phase5_B_medium_predictions.json,38,38,decision_loop,medium,Medium,policy_sweep,The first ship to carry a human through space was called what?,ABSTAIN,0,0,3,3,RETRIEVE_MORE,RERANK,1,3,tardis,0.4816,0.1321,0.0435,0.0266,0.2879,0.4335,0.1879,0.9385,0.8679,0.2997,0.8318,0.8679,0.5184,0.7003
phase5_B_medium_predictions.json,38,38,decision_loop,medium,Medium,policy_sweep,The first ship to carry a human through space was called what?,ABSTAIN,0,0,4,4,STOP,RETRIEVE_MORE,0,5,tardis,0.3445,0.1321,0.0,0.0,0.2314,0.2964,0.0314,0.9508,0.8679,0.2571,0.847,0.8679,0.6555,0.7429
phase5_B_medium_predictions.json,39,39,decision_loop,medium,Medium,policy_sweep,What is an alloy?,ABSTAIN,0,0,1,1,RETRIEVE_MORE,,2,3,alloys,0.4483,0.1009,0.0915,0.1009,0.2246,0.6083,0.2246,0.9618,0.8991,0.1116,0.9085,0.8991,0.5517,0.8884
phase5_B_medium_predictions.json,39,39,decision_loop,medium,Medium,policy_sweep,What is an alloy?,ABSTAIN,0,0,2,2,RERANK,RETRIEVE_MORE,1,5,alloys,0.3072,0.1009,0.0324,0.0,0.1982,0.4446,0.0982,0.9723,0.8991,0.2265,0.8761,0.8991,0.6928,0.7735
phase5_B_medium_predictions.json,39,39,decision_loop,medium,Medium,policy_sweep,What is an alloy?,ABSTAIN,0,0,3,3,RETRIEVE_MORE,RERANK,1,3,alloys,0.4843,0.1195,0.0566,0.0187,0.2979,0.4345,0.1979,0.9558,0.8805,0.3728,0.8195,0.8805,0.5157,0.6272
phase5_B_medium_predictions.json,39,39,decision_loop,medium,Medium,policy_sweep,What is an alloy?,ABSTAIN,0,0,4,4,STOP,RETRIEVE_MORE,0,5,alloys,0.3537,0.1195,0.0,0.0,0.2401,0.293,0.0401,0.954,0.8805,0.3128,0.8372,0.8805,0.6463,0.6872
phase5_B_medium_predictions.json,40,40,decision_loop,medium,Medium,policy_sweep,Where was the Galilean village?,ABSTAIN,0,0,1,1,RETRIEVE_MORE,,2,3,nazareth,0.5174,0.1696,0.1734,0.1696,0.3075,0.6087,0.3075,0.9324,0.8304,0.2502,0.8266,0.8304,0.4826,0.7498
phase5_B_medium_predictions.json,40,40,decision_loop,medium,Medium,policy_sweep,Where was the Galilean village?,ABSTAIN,0,0,2,2,RETRIEVE_MORE,RETRIEVE_MORE,1,5,nazareth,0.4018,0.1696,0.0311,0.0,0.2858,0.4159,0.1858,0.9178,0.8304,0.3443,0.7955,0.8304,0.5982,0.6557
phase5_B_medium_predictions.json,40,40,decision_loop,medium,Medium,policy_sweep,Where was the Galilean village?,ABSTAIN,0,0,3,3,STOP,RETRIEVE_MORE,0,5,nazareth,0.3769,0.1696,0.0,0.0,0.2658,0.2853,0.0658,0.9314,0.8304,0.2876,0.8152,0.8304,0.6231,0.7124
phase5_B_medium_predictions.json,41,41,decision_loop,medium,Medium,policy_sweep,A fifth terminal was opened in 2008 for which UK airline?,ABSTAIN,0,0,1,1,RETRIEVE_MORE,,2,3,london heathrow airport,0.4387,0.1389,0.1164,0.1389,0.2443,0.6148,0.2443,0.9773,0.8611,0.1413,0.8836,0.8611,0.5613,0.8587
phase5_B_medium_predictions.json,41,41,decision_loop,medium,Medium,policy_sweep,A fifth terminal was opened in 2008 for which UK airline?,ABSTAIN,0,0,2,2,RERANK,RETRIEVE_MORE,1,5,london heathrow airport,0.3318,0.1389,0.0395,0.0,0.23,0.4362,0.13,0.9532,0.8611,0.2568,0.8442,0.8611,0.6682,0.7432
phase5_B_medium_predictions.json,41,41,decision_loop,medium,Medium,policy_sweep,A fifth terminal was opened in 2008 for which UK airline?,ABSTAIN,0,0,3,3,STOP,RERANK,1,3,london heathrow airport,0.4332,0.1389,0.0,0.0,0.2617,0.4235,0.1617,0.9682,0.8611,0.2382,0.8527,0.8611,0.5668,0.7618
phase5_B_medium_predictions.json,42,42,decision_loop,medium,Medium,policy_sweep,Does Florida benefit from taxes,ABSTAIN,0,0,1,1,RETRIEVE_MORE,,2,3,exemptions,0.5134,0.0871,0.1253,0.0871,0.2641,0.6063,0.2641,0.9304,0.9129,0.2262,0.8747,0.9129,0.4866,0.7738
phase5_B_medium_predictions.json,42,42,decision_loop,medium,Medium,policy_sweep,Does Florida benefit from taxes,ABSTAIN,0,0,2,2,RETRIEVE_MORE,RETRIEVE_MORE,1,5,exemptions,0.4189,0.0871,0.0411,0.0,0.2527,0.4332,0.1527,0.8872,0.9129,0.3346,0.8335,0.9129,0.5811,0.6654
phase5_B_medium_predictions.json,42,42,decision_loop,medium,Medium,policy_sweep,Does Florida benefit from taxes,ABSTAIN,0,0,3,3,STOP,RETRIEVE_MORE,0,5,exemptions,0.4441,0.104,0.0411,0.0169,0.2856,0.2975,0.0856,0.9,0.896,0.417,0.8029,0.896,0.5559,0.583
phase5_B_medium_predictions.json,43,43,decision_loop,medium,Medium,policy_sweep,What two members of city council were convicted of extortion in 2005?,ABSTAIN,0,0,1,1,RETRIEVE_MORE,,2,3,the mayor and 10 city council members,0.4075,0.1404,0.0834,0.1404,0.2096,0.627,0.2096,0.9626,0.8596,0.0191,0.9166,0.8596,0.5925,0.9809
phase5_B_medium_predictions.json,43,43,decision_loop,medium,Medium,policy_sweep,What two members of city council were convicted of extortion in 2005?,ABSTAIN,0,0,2,2,RERANK,RETRIEVE_MORE,1,5,the mayor and 10 city council members,0.2814,0.1404,0.0416,0.0,0.1943,0.4479,0.0943,0.9706,0.8596,0.1632,0.8749,0.8596,0.7186,0.8368
phase5_B_medium_predictions.json,43,43,decision_loop,medium,Medium,policy_sweep,What two members of city council were convicted of extortion in 2005?,ABSTAIN,0,0,3,3,RETRIEVE_MORE,RERANK,1,3,the mayor and 10 city council members,0.4372,0.1644,0.0481,0.024,0.2847,0.4336,0.1847,0.9778,0.8356,0.2884,0.8268,0.8356,0.5628,0.7116
phase5_B_medium_predictions.json,43,43,decision_loop,medium,Medium,policy_sweep,What two members of city council were convicted of extortion in 2005?,ABSTAIN,0,0,4,4,STOP,RETRIEVE_MORE,0,5,the mayor and 10 city council members,0.325,0.1644,0.0,0.0,0.2383,0.2919,0.0383,0.9601,0.8356,0.2529,0.8339,0.8356,0.675,0.7471
phase5_B_medium_predictions.json,44,44,decision_loop,medium,Medium,policy_sweep,What can affect how a person is treated?,ABSTAIN,0,0,1,1,RETRIEVE_MORE,,2,3,sexual_orientation,0.5751,0.1823,0.1986,0.1823,0.3291,0.6099,0.3291,0.8061,0.8177,0.2289,0.8014,0.8177,0.4249,0.7711
phase5_B_medium_predictions.json,44,44,decision_loop,medium,Medium,policy_sweep,What can affect how a person is treated?,ABSTAIN,0,0,2,2,RETRIEVE_MORE,RETRIEVE_MORE,1,5,sexual_orientation,0.4215,0.1823,0.0126,0.0,0.2931,0.4061,0.1931,0.8763,0.8177,0.3178,0.7888,0.8177,0.5785,0.6822
phase5_B_medium_predictions.json,44,44,decision_loop,medium,Medium,policy_sweep,What can affect how a person is treated?,ABSTAIN,0,0,3,3,STOP,RETRIEVE_MORE,0,5,sexual_orientation,0.3605,0.1823,0.0,0.0,0.2669,0.2832,0.0669,0.9411,0.8177,0.2935,0.809,0.8177,0.6395,0.7065
phase5_B_medium_predictions.json,45,45,decision_loop,medium,Medium,policy_sweep,What currency did the euro replace in Portugal?,ABSTAIN,0,0,1,1,RETRIEVE_MORE,,2,3,portuguese escudo,0.4241,0.158,0.1189,0.158,0.2439,0.6216,0.2439,0.9831,0.842,0.1216,0.8811,0.842,0.5759,0.8784
phase5_B_medium_predictions.json,45,45,decision_loop,medium,Medium,policy_sweep,What currency did the euro replace in Portugal?,ABSTAIN,0,0,2,2,RERANK,RETRIEVE_MORE,1,5,greek drachma,0.3657,0.158,0.0,0.0,0.2077,0.4382,0.1077,0.9338,0.842,0.0431,0.8948,0.842,0.6343,0.9569
phase5_B_medium_predictions.json,45,45,decision_loop,medium,Medium,policy_sweep,What currency did the euro replace in Portugal?,ABSTAIN,0,0,3,3,RETRIEVE_MORE,RERANK,1,3,portuguese escudo,0.4241,0.158,0.0137,0.0,0.2439,0.4389,0.1439,0.9831,0.842,0.1216,0.8811,0.842,0.5759,0.8784
phase5_B_medium_predictions.json,45,45,decision_loop,medium,Medium,policy_sweep,What currency did the euro replace in Portugal?,ABSTAIN,0,0,4,4,STOP,RETRIEVE_MORE,0,5,greek drachma,0.3657,0.158,0.0,0.0,0.2077,0.3132,0.0077,0.9338,0.842,0.0431,0.8948,0.842,0.6343,0.9569
phase5_B_medium_predictions.json,46,46,decision_loop,medium,Medium,policy_sweep,"Which Chinese suffix means ""area, district, region, ward""?",ABSTAIN,0,0,1,1,RETRIEVE_MORE,,2,3,q,0.5021,0.078,0.1035,0.078,0.2415,0.6052,0.2415,0.9078,0.922,0.1535,0.8965,0.922,0.4979,0.8465
phase5_B_medium_predictions.json,46,46,decision_loop,medium,Medium,policy_sweep,"Which Chinese suffix means ""area, district, region, ward""?",ABSTAIN,0,0,2,2,RERANK,RETRIEVE_MORE,1,5,q,0.3011,0.078,0.0117,0.0,0.186,0.4394,0.086,0.9606,0.922,0.2275,0.8849,0.922,0.6989,0.7725
phase5_B_medium_predictions.json,46,46,decision_loop,medium,Medium,policy_sweep,"Which Chinese suffix means ""area, district, region, ward""?",ABSTAIN,0,0,3,3,STOP,RERANK,1,3,jackson,0.3766,0.0798,0.0,0.0018,0.1695,0.4599,0.0695,0.9869,0.9202,0.0087,0.9549,0.9202,0.6234,0.9913
phase5_B_medium_predictions.json,47,47,decision_loop,medium,Medium,policy_sweep,What was another goal of the invasion of Saxony?,ABSTAIN,0,0,1,1,RERANK,,2,3,recapture normandy,0.3946,0.0814,0.0488,0.0814,0.1762,0.6155,0.1762,0.9708,0.9186,0.0074,0.9512,0.9186,0.6054,0.9926
phase5_B_medium_predictions.json,47,47,decision_loop,medium,Medium,policy_sweep,What was another goal of the invasion of Saxony?,ABSTAIN,0,0,2,2,RETRIEVE_MORE,RERANK,2,3,recapture normandy,0.4673,0.099,0.0988,0.0177,0.2675,0.5879,0.2675,0.9551,0.901,0.2969,0.8524,0.901,0.5327,0.7031
phase5_B_medium_predictions.json,47,47,decision_loop,medium,Medium,policy_sweep,What was another goal of the invasion of Saxony?,ABSTAIN,0,0,3,3,RERANK,RETRIEVE_MORE,1,5,recapture normandy,0.3291,0.099,0.0,0.0,0.2104,0.4285,0.1104,0.9635,0.901,0.2535,0.8672,0.901,0.6709,0.7465
phase5_B_medium_predictions.json,47,47,decision_loop,medium,Medium,policy_sweep,What was another goal of the invasion of Saxony?,ABSTAIN,0,0,4,4,STOP,RERANK,1,3,recapture normandy,0.4464,0.099,0.0093,0.0,0.2589,0.429,0.1589,0.9722,0.901,0.2904,0.8578,0.901,0.5536,0.7096
phase5_B_medium_predictions.json,48,48,decision_loop,medium,Medium,policy_sweep,In what year was War on the Floor released?,ABSTAIN,0,0,1,1,RETRIEVE_MORE,,2,3,2013,0.6326,0.1751,0.2376,0.1751,0.3722,0.6119,0.3722,0.7894,0.8249,0.3598,0.7624,0.8249,0.3674,0.6402
phase5_B_medium_predictions.json,48,48,decision_loop,medium,Medium,policy_sweep,In what year was War on the Floor released?,ABSTAIN,0,0,2,2,STOP,RETRIEVE_MORE,1,5,2013,0.4543,0.1751,0.0,0.0,0.3195,0.3929,0.2195,0.8771,0.8249,0.4084,0.7653,0.8249,0.5457,0.5916
phase5_B_medium_predictions.json,49,49,decision_loop,medium,Medium,policy_sweep,Who was the main opponent that began to argue that the flat canvas did not support Cubism?,ABSTAIN,0,0,1,1,RETRIEVE_MORE,,2,3,nasser,0.4028,0.091,0.0739,0.091,0.1994,0.6106,0.1994,0.9896,0.909,0.0876,0.9261,0.909,0.5972,0.9124
phase5_B_medium_predictions.json,49,49,decision_loop,medium,Medium,policy_sweep,Who was the main opponent that began to argue that the flat canvas did not support Cubism?,ABSTAIN,0,0,2,2,RERANK,RETRIEVE_MORE,1,5,nasser,0.2996,0.091,0.0437,0.0,0.1889,0.4513,0.0889,0.9625,0.909,0.2151,0.8825,0.909,0.7004,0.7849
phase5_B_medium_predictions.json,49,49,decision_loop,medium,Medium,policy_sweep,Who was the main opponent that began to argue that the flat canvas did not support Cubism?,ABSTAIN,0,0,3,3,RETRIEVE_MORE,RERANK,1,3,nasser,0.4634,0.1071,0.044,0.0161,0.278,0.4361,0.178,0.9669,0.8929,0.3379,0.8385,0.8929,0.5366,0.6621
phase5_B_medium_predictions.json,49,49,decision_loop,medium,Medium,policy_sweep,Who was the main opponent that began to argue that the flat canvas did not support Cubism?,ABSTAIN,0,0,4,4,STOP,RETRIEVE_MORE,0,5,nasser,0.3467,0.1071,0.0,0.0,0.2277,0.2972,0.0277,0.9491,0.8929,0.2906,0.8491,0.8929,0.6533,0.7094
phase5_C_conservative_predictions.json,0,0,decision_loop,conservative,Conservative,policy_sweep,What poet wrote a long poem describing Roman religious holidays?,ABSTAIN,0,0,1,1,RETRIEVE_MORE,,2,3,ovid,0.6484,0.1815,0.2627,0.1815,0.3977,0.6131,0.3977,0.8082,0.8185,0.4453,0.7373,0.8185,0.3516,0.5547
phase5_C_conservative_predictions.json,0,0,decision_loop,conservative,Conservative,policy_sweep,What poet wrote a long poem describing Roman religious holidays?,ABSTAIN,0,0,2,2,STOP,RETRIEVE_MORE,1,5,ovid,0.4733,0.1815,0.0,0.0,0.3315,0.3892,0.2315,0.8595,0.8185,0.4208,0.7549,0.8185,0.5267,0.5792
phase5_C_conservative_predictions.json,1,1,decision_loop,conservative,Conservative,policy_sweep,What is the form of hydrogen and carbon called?,ABSTAIN,0,0,1,1,RETRIEVE_MORE,,2,3,ortho-para,0.409,0.1404,0.0941,0.1404,0.2199,0.6232,0.2199,0.9822,0.8596,0.0678,0.9059,0.8596,0.591,0.9322
phase5_C_conservative_predictions.json,1,1,decision_loop,conservative,Conservative,policy_sweep,What is the form of hydrogen and carbon called?,ABSTAIN,0,0,2,2,RERANK,RETRIEVE_MORE,1,5,ortho-para,0.2859,0.1404,0.0404,0.0,0.2028,0.4441,0.1028,0.9746,0.8596,0.1974,0.8655,0.8596,0.7141,0.8026
phase5_C_conservative_predictions.json,1,1,decision_loop,conservative,Conservative,policy_sweep,What is the form of hydrogen and carbon called?,ABSTAIN,0,0,3,3,RETRIEVE_MORE,RERANK,1,3,ortho-para,0.4489,0.1645,0.0475,0.0241,0.2942,0.4303,0.1942,0.9736,0.8355,0.3151,0.818,0.8355,0.5511,0.6849
phase5_C_conservative_predictions.json,1,1,decision_loop,conservative,Conservative,policy_sweep,What is the form of hydrogen and carbon called?,ABSTAIN,0,0,4,4,STOP,RETRIEVE_MORE,0,5,ortho-para,0.3298,0.1645,0.0,0.0,0.2437,0.29,0.0437,0.9611,0.8355,0.2713,0.8286,0.8355,0.6702,0.7287
phase5_C_conservative_predictions.json,2,2,decision_loop,conservative,Conservative,policy_sweep,What adjective did Lawrence Toppman use to describe Craig's portrayal of James Bond?,ABSTAIN,0,0,1,1,RETRIEVE_MORE,,2,3,bored,0.6383,0.3308,0.3315,0.3308,0.4592,0.6166,0.4592,0.8213,0.6692,0.4346,0.6685,0.6692,0.3617,0.5654
phase5_C_conservative_predictions.json,2,2,decision_loop,conservative,Conservative,policy_sweep,What adjective did Lawrence Toppman use to describe Craig's portrayal of James Bond?,ABSTAIN,0,0,2,2,STOP,RETRIEVE_MORE,1,5,bored,0.5064,0.3308,0.0131,0.0,0.425,0.3596,0.325,0.8458,0.6692,0.4948,0.6553,0.6692,0.4936,0.5052
phase5_C_conservative_predictions.json,3,3,decision_loop,conservative,Conservative,policy_sweep,To what two islands does the ferry service connect?,ABSTAIN,0,0,1,1,RETRIEVE_MORE,,2,3,east cowes and cowes,0.4183,0.12,0.0982,0.12,0.2239,0.6136,0.2239,0.9854,0.88,0.1175,0.9018,0.88,0.5817,0.8825
phase5_C_conservative_predictions.json,3,3,decision_loop,conservative,Conservative,policy_sweep,To what two islands does the ferry service connect?,ABSTAIN,0,0,2,2,RERANK,RETRIEVE_MORE,1,5,east cowes and cowes,0.3123,0.12,0.0405,0.0,0.2109,0.4427,0.1109,0.9631,0.88,0.2377,0.8613,0.88,0.6877,0.7623
phase5_C_conservative_predictions.json,3,3,decision_loop,conservative,Conservative,policy_sweep,To what two islands does the ferry service connect?,ABSTAIN,0,0,3,3,STOP,RERANK,1,3,east cowes and cowes,0.4183,0.12,0.0045,0.0,0.2539,0.4267,0.1539,0.9854,0.88,0.2675,0.8568,0.88,0.5817,0.7325
phase5_C_conservative_predictions.json,4,4,decision_loop,conservative,Conservative,policy_sweep,What took the place of Mac's Xserve server?,ABSTAIN,0,0,1,1,RETRIEVE_MORE,,2,3,mac mini and mac pro,0.471,0.1313,0.1278,0.1313,0.2601,0.6078,0.2601,0.9609,0.8687,0.181,0.8722,0.8687,0.529,0.819
phase5_C_conservative_predictions.json,4,4,decision_loop,conservative,Conservative,policy_sweep,What took the place of Mac's Xserve server?,ABSTAIN,0,0,2,2,RERANK,RETRIEVE_MORE,1,5,mac mini and mac pro,0.3318,0.1313,0.0281,0.0,0.2307,0.4317,0.1307,0.9649,0.8687,0.2775,0.8441,0.8687,0.6682,0.7225
phase5_C_conservative_predictions.json,4,4,decision_loop,conservative,Conservative,policy_sweep,What took the place of Mac's Xserve server?,ABSTAIN,0,0,3,3,RETRIEVE_MORE,RERANK,1,3,mac mini and mac pro,0.471,0.1313,0.0169,0.0,0.2901,0.4213,0.1901,0.9609,0.8687,0.331,0.8272,0.8687,0.529,0.669
phase5_C_conservative_predictions.json,4,4,decision_loop,conservative,Conservative,policy_sweep,What took the place of Mac's Xserve server?,ABSTAIN,0,0,4,4,STOP,RETRIEVE_MORE,0,5,mac mini and mac pro,0.3318,0.1313,0.0,0.0,0.2307,0.2954,0.0307,0.9649,0.8687,0.2775,0.8441,0.8687,0.6682,0.7225
phase5_C_conservative_predictions.json,5,5,decision_loop,conservative,Conservative,policy_sweep,What is one example of an application that videoconferencing manufacturers have begun to offer?,ABSTAIN,0,0,1,1,RETRIEVE_MORE,,2,3,live and still image streaming,0.4617,0.0789,0.0852,0.0789,0.2208,0.6043,0.2208,0.9491,0.9211,0.1185,0.9148,0.9211,0.5383,0.8815
phase5_C_conservative_predictions.json,5,5,decision_loop,conservative,Conservative,policy_sweep,What is one example of an application that videoconferencing manufacturers have begun to offer?,ABSTAIN,0,0,2,2,RERANK,RETRIEVE_MORE,1,5,live and still image streaming,0.2899,0.0789,0.0265,0.0,0.1818,0.4465,0.0818,0.9753,0.9211,0.2244,0.8883,0.9211,0.7101,0.7756
phase5_C_conservative_predictions.json,5,5,decision_loop,conservative,Conservative,policy_sweep,What is one example of an application that videoconferencing manufacturers have begun to offer?,ABSTAIN,0,0,3,3,STOP,RERANK,1,3,live and still image streaming,0.3854,0.0789,0.0,0.0,0.2118,0.439,0.1118,0.9933,0.9211,0.2073,0.897,0.9211,0.6146,0.7927
phase5_C_conservative_predictions.json,6,6,decision_loop,conservative,Conservative,policy_sweep,What are Italian dialects termed in the Italian language?,ABSTAIN,0,0,1,1,RETRIEVE_MORE,,2,3,dialects,0.6918,0.1319,0.2028,0.1319,0.3782,0.6101,0.3782,0.8911,0.8681,0.3837,0.7972,0.8681,0.3082,0.6163
phase5_C_conservative_predictions.json,6,6,decision_loop,conservative,Conservative,policy_sweep,What are Italian dialects termed in the Italian language?,ABSTAIN,0,0,2,2,STOP,RETRIEVE_MORE,1,5,dialects,0.4657,0.1319,0.0018,0.0,0.304,0.4041,0.204,0.919,0.8681,0.4082,0.7954,0.8681,0.5343,0.5918
phase5_C_conservative_predictions.json,7,7,decision_loop,conservative,Conservative,policy_sweep,"Along with exhibition and distribution, what business did the Universal Film Manufacturing Company engage in?",ABSTAIN,0,0,1,1,RETRIEVE_MORE,,2,3,movie production,0.5062,0.1815,0.1596,0.1815,0.2932,0.6168,0.2932,0.9133,0.8185,0.1715,0.8404,0.8185,0.4938,0.8285
phase5_C_conservative_predictions.json,7,7,decision_loop,conservative,Conservative,policy_sweep,"Along with exhibition and distribution, what business did the Universal Film Manufacturing Company engage in?",ABSTAIN,0,0,2,2,RERANK,RETRIEVE_MORE,1,5,movie production,0.3761,0.1815,0.0288,0.0,0.2688,0.4206,0.1688,0.928,0.8185,0.2774,0.8116,0.8185,0.6239,0.7226
phase5_C_conservative_predictions.json,7,7,decision_loop,conservative,Conservative,policy_sweep,"Along with exhibition and distribution, what business did the Universal Film Manufacturing Company engage in?",ABSTAIN,0,0,3,3,STOP,RERANK,1,3,movie production,0.4559,0.1815,0.0,0.0,0.2915,0.4132,0.1915,0.9474,0.8185,0.2512,0.8234,0.8185,0.5441,0.7488
phase5_C_conservative_predictions.json,8,8,decision_loop,conservative,Conservative,policy_sweep,Whose life was 'Schindler's List' based on?,ABSTAIN,0,0,1,1,RETRIEVE_MORE,,2,3,oskar schindler,0.6628,0.2277,0.2912,0.2277,0.4236,0.6146,0.4236,0.7817,0.7723,0.4457,0.7088,0.7723,0.3372,0.5543
phase5_C_conservative_predictions.json,8,8,decision_loop,conservative,Conservative,policy_sweep,Whose life was 'Schindler's List' based on?,ABSTAIN,0,0,2,2,STOP,RETRIEVE_MORE,1,5,oskar schindler,0.5082,0.2277,0.0,0.0,0.3613,0.3829,0.2613,0.8603,0.7723,0.4048,0.7368,0.7723,0.4918,0.5952
phase5_C_conservative_predictions.json,9,9,decision_loop,conservative,Conservative,policy_sweep,In what presidential election year did Schwarzenegger make a name for himself as a prominent Republican?,ABSTAIN,0,0,1,1,RERANK,,2,3,2008,0.3674,0.1548,0.081,0.1548,0.1995,0.6336,0.1995,0.9919,0.8452,0.0065,0.919,0.8452,0.6326,0.9935
phase5_C_conservative_predictions.json,9,9,decision_loop,conservative,Conservative,policy_sweep,In what presidential election year did Schwarzenegger make a name for himself as a prominent Republican?,ABSTAIN,0,0,2,2,RETRIEVE_MORE,RERANK,2,3,2008,0.3674,0.1548,0.045,0.0,0.2295,0.5739,0.2295,0.9919,0.8452,0.1565,0.874,0.8452,0.6326,0.8435
phase5_C_conservative_predictions.json,9,9,decision_loop,conservative,Conservative,policy_sweep,In what presidential election year did Schwarzenegger make a name for himself as a prominent Republican?,ABSTAIN,0,0,3,3,RERANK,RETRIEVE_MORE,1,5,2006,0.3614,0.1548,0.0,0.0,0.2154,0.4343,0.1154,0.9497,0.8452,0.0962,0.8837,0.8452,0.6386,0.9038
phase5_C_conservative_predictions.json,9,9,decision_loop,conservative,Conservative,policy_sweep,In what presidential election year did Schwarzenegger make a name for himself as a prominent Republican?,ABSTAIN,0,0,4,4,STOP,RERANK,1,3,2008,0.3674,0.1548,0.0,0.0,0.1995,0.4467,0.0995,0.9919,0.8452,0.0065,0.919,0.8452,0.6326,0.9935
phase5_C_conservative_predictions.json,10,10,decision_loop,conservative,Conservative,policy_sweep,What component of the printed circuit board is appraised with boundary scan testing?,ABSTAIN,0,0,1,1,RETRIEVE_MORE,,2,3,pcb,0.4025,0.144,0.0838,0.144,0.2092,0.6283,0.2092,0.9676,0.856,0.0177,0.9162,0.856,0.5975,0.9823
phase5_C_conservative_predictions.json,10,10,decision_loop,conservative,Conservative,policy_sweep,What component of the printed circuit board is appraised with boundary scan testing?,ABSTAIN,0,0,2,2,RERANK,RETRIEVE_MORE,1,5,pcb,0.2761,0.144,0.043,0.0,0.1939,0.4478,0.0939,0.9694,0.856,0.1621,0.8732,0.856,0.7239,0.8379
phase5_C_conservative_predictions.json,10,10,decision_loop,conservative,Conservative,policy_sweep,What component of the printed circuit board is appraised with boundary scan testing?,ABSTAIN,0,0,3,3,RETRIEVE_MORE,RERANK,1,3,pcb,0.4162,0.1685,0.042,0.0245,0.276,0.4327,0.176,0.9864,0.8315,0.2725,0.8313,0.8315,0.5838,0.7275
phase5_C_conservative_predictions.json,10,10,decision_loop,conservative,Conservative,policy_sweep,What component of the printed circuit board is appraised with boundary scan testing?,ABSTAIN,0,0,4,4,STOP,RETRIEVE_MORE,0,5,pcb,0.3167,0.1685,0.0,0.0,0.2353,0.292,0.0353,0.9571,0.8315,0.2432,0.8342,0.8315,0.6833,0.7568
phase5_C_conservative_predictions.json,11,11,decision_loop,conservative,Conservative,policy_sweep,Who had FA cup coverage from 1988-1997?,ABSTAIN,0,0,1,1,RETRIEVE_MORE,,2,3,bbc and sky sports,0.4332,0.1318,0.1127,0.1318,0.2395,0.6133,0.2395,0.9802,0.8682,0.1429,0.8873,0.8682,0.5668,0.8571
phase5_C_conservative_predictions.json,11,11,decision_loop,conservative,Conservative,policy_sweep,Who had FA cup coverage from 1988-1997?,ABSTAIN,0,0,2,2,RERANK,RETRIEVE_MORE,1,5,bbc and sky sports,0.2916,0.1318,0.0303,0.0,0.2106,0.4371,0.1106,0.9834,0.8682,0.2462,0.8569,0.8682,0.7084,0.7538
phase5_C_conservative_predictions.json,11,11,decision_loop,conservative,Conservative,policy_sweep,Who had FA cup coverage from 1988-1997?,ABSTAIN,0,0,3,3,RETRIEVE_MORE,RERANK,1,3,bbc and sky sports,0.4332,0.1318,0.0147,0.0,0.2695,0.4257,0.1695,0.9802,0.8682,0.2929,0.8423,0.8682,0.5668,0.7071
phase5_C_conservative_predictions.json,11,11,decision_loop,conservative,Conservative,policy_sweep,Who had FA cup coverage from 1988-1997?,ABSTAIN,0,0,4,4,STOP,RETRIEVE_MORE,0,5,bbc and sky sports,0.2916,0.1318,0.0,0.0,0.2106,0.2999,0.0106,0.9834,0.8682,0.2462,0.8569,0.8682,0.7084,0.7538
phase5_C_conservative_predictions.json,12,12,decision_loop,conservative,Conservative,policy_sweep,What percentage of the population was Caucasian in 1940?,ABSTAIN,0,0,1,1,RETRIEVE_MORE,,2,3,3.0%,0.5176,0.1475,0.1644,0.1475,0.2991,0.6082,0.2991,0.9334,0.8525,0.2578,0.8356,0.8525,0.4824,0.7422
phase5_C_conservative_predictions.json,12,12,decision_loop,conservative,Conservative,policy_sweep,What percentage of the population was Caucasian in 1940?,ABSTAIN,0,0,2,2,RERANK,RETRIEVE_MORE,1,5,3.0%,0.3739,0.1475,0.0209,0.0,0.2645,0.4185,0.1645,0.9463,0.8525,0.3362,0.8147,0.8525,0.6261,0.6638
phase5_C_conservative_predictions.json,12,12,decision_loop,conservative,Conservative,policy_sweep,What percentage of the population was Caucasian in 1940?,ABSTAIN,0,0,3,3,RETRIEVE_MORE,RERANK,1,3,3.0%,0.5115,0.1475,0.0111,0.0,0.3174,0.4107,0.2174,0.9266,0.8525,0.3601,0.8036,0.8525,0.4885,0.6399
phase5_C_conservative_predictions.json,12,12,decision_loop,conservative,Conservative,policy_sweep,What percentage of the population was Caucasian in 1940?,ABSTAIN,0,0,4,4,STOP,RETRIEVE_MORE,0,5,3.0%,0.3707,0.1475,0.0,0.0,0.2565,0.2884,0.0565,0.942,0.8525,0.3023,0.824,0.8525,0.6293,0.6977
phase5_C_conservative_predictions.json,13,13,decision_loop,conservative,Conservative,policy_sweep,In what year was Columbia University chartered?,ABSTAIN,0,0,1,1,RETRIEVE_MORE,,2,3,1950,0.5368,0.1087,0.1396,0.1087,0.2773,0.607,0.2773,0.8777,0.8913,0.2025,0.8604,0.8913,0.4632,0.7975
phase5_C_conservative_predictions.json,13,13,decision_loop,conservative,Conservative,policy_sweep,In what year was Columbia University chartered?,ABSTAIN,0,0,2,2,RERANK,RETRIEVE_MORE,1,5,1950,0.3486,0.1087,0.0108,0.0,0.2272,0.4267,0.1272,0.9421,0.8913,0.2815,0.8496,0.8913,0.6514,0.7185
phase5_C_conservative_predictions.json,13,13,decision_loop,conservative,Conservative,policy_sweep,In what year was Columbia University chartered?,ABSTAIN,0,0,3,3,STOP,RERANK,1,3,1950,0.4432,0.1087,0.0024,0.0,0.2665,0.4225,0.1665,0.9763,0.8913,0.3123,0.8472,0.8913,0.5568,0.6877
phase5_C_conservative_predictions.json,14,14,decision_loop,conservative,Conservative,policy_sweep,"What is the owner, tenant or manager of a pub known as?",ABSTAIN,0,0,1,1,RETRIEVE_MORE,,2,3,pub landlord,0.6605,0.2893,0.3294,0.2893,0.4574,0.6165,0.4574,0.7968,0.7107,0.4802,0.6706,0.7107,0.3395,0.5198
phase5_C_conservative_predictions.json,14,14,decision_loop,conservative,Conservative,policy_sweep,"What is the owner, tenant or manager of a pub known as?",ABSTAIN,0,0,2,2,STOP,RETRIEVE_MORE,1,5,pub landlord,0.5128,0.2893,0.0028,0.0,0.4142,0.3599,0.3142,0.8468,0.7107,0.5228,0.6679,0.7107,0.4872,0.4772
phase5_C_conservative_predictions.json,15,15,decision_loop,conservative,Conservative,policy_sweep,How many people signed a petition in protest of Everton FC's crest redesign in 2013?,ABSTAIN,0,0,1,1,RETRIEVE_MORE,,2,3,"22,000",0.7013,0.1645,0.227,0.1645,0.4,0.6114,0.4,0.8797,0.8355,0.4025,0.773,0.8355,0.2987,0.5975
phase5_C_conservative_predictions.json,15,15,decision_loop,conservative,Conservative,policy_sweep,How many people signed a petition in protest of Everton FC's crest redesign in 2013?,ABSTAIN,0,0,2,2,STOP,RETRIEVE_MORE,1,5,"22,000",0.4969,0.1645,0.0,0.0,0.32,0.4045,0.22,0.9439,0.8355,0.3604,0.7984,0.8355,0.5031,0.6396
phase5_C_conservative_predictions.json,16,16,decision_loop,conservative,Conservative,policy_sweep,What did Griffith's tool help increase?,ABSTAIN,0,0,1,1,RETRIEVE_MORE,,2,3,transparency,0.4171,0.0978,0.0817,0.0978,0.2097,0.6105,0.2097,0.9838,0.9022,0.0986,0.9183,0.9022,0.5829,0.9014
phase5_C_conservative_predictions.json,16,16,decision_loop,conservative,Conservative,policy_sweep,What did Griffith's tool help increase?,ABSTAIN,0,0,2,2,RERANK,RETRIEVE_MORE,1,5,transparency,0.2972,0.0978,0.0391,0.0,0.1921,0.4483,0.0921,0.971,0.9022,0.2203,0.8792,0.9022,0.7028,0.7797
phase5_C_conservative_predictions.json,16,16,decision_loop,conservative,Conservative,policy_sweep,What did Griffith's tool help increase?,ABSTAIN,0,0,3,3,STOP,RERANK,1,3,transparency,0.4171,0.0978,0.0059,0.0,0.2397,0.433,0.1397,0.9838,0.9022,0.2486,0.8733,0.9022,0.5829,0.7514
phase5_C_conservative_predictions.json,17,17,decision_loop,conservative,Conservative,policy_sweep,Where do samurais' teachings live on?,ABSTAIN,0,0,1,1,RERANK,,2,3,lichens,0.3704,0.0784,0.0506,0.0784,0.172,0.6137,0.172,0.996,0.9216,0.0351,0.9494,0.9216,0.6296,0.9649
phase5_C_conservative_predictions.json,17,17,decision_loop,conservative,Conservative,policy_sweep,Where do samurais' teachings live on?,ABSTAIN,0,0,2,2,RETRIEVE_MORE,RERANK,2,3,lichens,0.4207,0.0933,0.0622,0.0148,0.2281,0.5854,0.2281,0.961,0.9067,0.1945,0.8872,0.9067,0.5793,0.8055
phase5_C_conservative_predictions.json,17,17,decision_loop,conservative,Conservative,policy_sweep,Where do samurais' teachings live on?,ABSTAIN,0,0,3,3,RERANK,RETRIEVE_MORE,1,5,lichens,0.2795,0.0933,0.0,0.0,0.1757,0.4381,0.0757,0.9756,0.9067,0.1795,0.8946,0.9067,0.7205,0.8205
phase5_C_conservative_predictions.json,17,17,decision_loop,conservative,Conservative,policy_sweep,Where do samurais' teachings live on?,ABSTAIN,0,0,4,4,STOP,RERANK,1,3,lichens,0.3732,0.0933,0.0,0.0,0.2105,0.4385,0.1105,0.9956,0.9067,0.1894,0.8957,0.9067,0.6268,0.8106
phase5_C_conservative_predictions.json,18,18,decision_loop,conservative,Conservative,policy_sweep,How many years does the term of a Richmond city council representative last?,ABSTAIN,0,0,1,1,RETRIEVE_MORE,,2,3,4,0.5119,0.2008,0.1698,0.2008,0.3017,0.6209,0.3017,0.8945,0.7992,0.161,0.8302,0.7992,0.4881,0.839
phase5_C_conservative_predictions.json,18,18,decision_loop,conservative,Conservative,policy_sweep,How many years does the term of a Richmond city council representative last?,ABSTAIN,0,0,2,2,RERANK,RETRIEVE_MORE,1,5,4,0.384,0.2008,0.029,0.0,0.2789,0.417,0.1789,0.9144,0.7992,0.2708,0.8012,0.7992,0.616,0.7292
phase5_C_conservative_predictions.json,18,18,decision_loop,conservative,Conservative,policy_sweep,How many years does the term of a Richmond city council representative last?,ABSTAIN,0,0,3,3,STOP,RERANK,1,3,4,0.4318,0.2008,0.0,0.0,0.2862,0.4138,0.1862,0.9631,0.7992,0.2236,0.8251,0.7992,0.5682,0.7764
phase5_C_conservative_predictions.json,19,19,decision_loop,conservative,Conservative,policy_sweep,When did an investigation occur under school casualties?,ABSTAIN,0,0,1,1,RETRIEVE_MORE,,2,3,december 2008,0.4199,0.0844,0.0837,0.0844,0.2107,0.6045,0.2107,0.9852,0.9156,0.1286,0.9163,0.9156,0.5801,0.8714
phase5_C_conservative_predictions.json,19,19,decision_loop,conservative,Conservative,policy_sweep,When did an investigation occur under school casualties?,ABSTAIN,0,0,2,2,RERANK,RETRIEVE_MORE,1,5,december 2008,0.2883,0.0844,0.0341,0.0,0.1865,0.4474,0.0865,0.9792,0.9156,0.2383,0.8822,0.9156,0.7117,0.7617
phase5_C_conservative_predictions.json,19,19,decision_loop,conservative,Conservative,policy_sweep,When did an investigation occur under school casualties?,ABSTAIN,0,0,3,3,RETRIEVE_MORE,RERANK,1,3,december 2008,0.4199,0.0844,0.0109,0.0,0.2407,0.4343,0.1407,0.9852,0.9156,0.2786,0.8713,0.9156,0.5801,0.7214
phase5_C_conservative_predictions.json,19,19,decision_loop,conservative,Conservative,policy_sweep,When did an investigation occur under school casualties?,ABSTAIN,0,0,4,4,STOP,RETRIEVE_MORE,0,5,december 2008,0.2883,0.0844,0.0,0.0,0.1865,0.3088,-0.0135,0.9792,0.9156,0.2383,0.8822,0.9156,0.7117,0.7617
phase5_C_conservative_predictions.json,20,20,decision_loop,conservative,Conservative,policy_sweep,How did Liang Ji die?,ABSTAIN,0,0,1,1,RETRIEVE_MORE,,2,3,killed after deng mengnü resisted liang ji's attempts to control her,0.5017,0.0861,0.1241,0.0861,0.2609,0.6062,0.2609,0.9439,0.9139,0.2329,0.8759,0.9139,0.4983,0.7671
phase5_C_conservative_predictions.json,20,20,decision_loop,conservative,Conservative,policy_sweep,How did Liang Ji die?,ABSTAIN,0,0,2,2,RETRIEVE_MORE,RETRIEVE_MORE,1,5,killed after deng mengnü resisted liang ji's attempts to control her,0.413,0.0861,0.0443,0.0,0.2516,0.4338,0.1516,0.8859,0.9139,0.3417,0.8316,0.9139,0.587,0.6583
phase5_C_conservative_predictions.json,20,20,decision_loop,conservative,Conservative,policy_sweep,How did Liang Ji die?,ABSTAIN,0,0,3,3,STOP,RETRIEVE_MORE,0,5,killed after deng mengnü resisted liang ji's attempts to control her,0.3763,0.0861,0.0,0.0,0.2283,0.2998,0.0283,0.9315,0.9139,0.2893,0.8565,0.9139,0.6237,0.7107
phase5_C_conservative_predictions.json,21,21,decision_loop,conservative,Conservative,policy_sweep,Who supported the reaction against the government?,ABSTAIN,0,0,1,1,RETRIEVE_MORE,,2,3,durango,0.5666,0.2014,0.223,0.2014,0.3566,0.6111,0.3566,0.8956,0.7986,0.338,0.777,0.7986,0.4334,0.662
phase5_C_conservative_predictions.json,21,21,decision_loop,conservative,Conservative,policy_sweep,Who supported the reaction against the government?,ABSTAIN,0,0,2,2,RETRIEVE_MORE,RETRIEVE_MORE,1,5,durango,0.4236,0.2014,0.0162,0.0,0.3194,0.3978,0.2194,0.9116,0.7986,0.4027,0.7608,0.7986,0.5764,0.5973
phase5_C_conservative_predictions.json,21,21,decision_loop,conservative,Conservative,policy_sweep,Who supported the reaction against the government?,ABSTAIN,0,0,3,3,STOP,RETRIEVE_MORE,0,5,durango,0.42,0.2014,0.0052,0.0,0.314,0.2705,0.114,0.9102,0.7986,0.3818,0.7668,0.7986,0.58,0.6182
phase5_C_conservative_predictions.json,22,22,decision_loop,conservative,Conservative,policy_sweep,What influences role of minority leader?,ABSTAIN,0,0,1,1,RETRIEVE_MORE,,2,3,more partisan nature of the house,0.4117,0.1348,0.0833,0.1348,0.2104,0.6248,0.2104,0.9627,0.8652,0.0281,0.9167,0.8652,0.5883,0.9719
phase5_C_conservative_predictions.json,22,22,decision_loop,conservative,Conservative,policy_sweep,What influences role of minority leader?,ABSTAIN,0,0,2,2,RERANK,RETRIEVE_MORE,1,5,more partisan nature of the house,0.2603,0.1348,0.0382,0.0,0.1853,0.4477,0.0853,0.9813,0.8652,0.1678,0.8785,0.8652,0.7397,0.8322
phase5_C_conservative_predictions.json,22,22,decision_loop,conservative,Conservative,policy_sweep,What influences role of minority leader?,ABSTAIN,0,0,3,3,RETRIEVE_MORE,RERANK,1,3,personality and contextual factors,0.3734,0.154,0.0,0.0191,0.2093,0.4506,0.1093,0.9962,0.846,0.0464,0.9083,0.846,0.6266,0.9536
phase5_C_conservative_predictions.json,22,22,decision_loop,conservative,Conservative,policy_sweep,What influences role of minority leader?,ABSTAIN,0,0,4,4,STOP,RETRIEVE_MORE,0,5,personality and contextual factors,0.2818,0.154,0.049,0.0,0.2049,0.3204,0.0049,0.9592,0.846,0.185,0.8593,0.846,0.7182,0.815
phase5_C_conservative_predictions.json,23,23,decision_loop,conservative,Conservative,policy_sweep,What genre was 'LA 2017'?,ABSTAIN,0,0,1,1,RETRIEVE_MORE,,2,3,mp3,0.473,0.1279,0.1051,0.1279,0.2268,0.6143,0.2268,0.8217,0.8721,0.0185,0.8949,0.8721,0.527,0.9815
phase5_C_conservative_predictions.json,23,23,decision_loop,conservative,Conservative,policy_sweep,What genre was 'LA 2017'?,ABSTAIN,0,0,2,2,RERANK,RETRIEVE_MORE,1,5,mp3,0.3332,0.1279,0.0279,0.0,0.2068,0.4396,0.1068,0.8991,0.8721,0.163,0.867,0.8721,0.6668,0.837
phase5_C_conservative_predictions.json,23,23,decision_loop,conservative,Conservative,policy_sweep,What genre was 'LA 2017'?,ABSTAIN,0,0,3,3,STOP,RERANK,1,3,mp3,0.3959,0.1279,0.0,0.0,0.2292,0.4334,0.1292,0.9734,0.8721,0.1655,0.8811,0.8721,0.6041,0.8345
phase5_C_conservative_predictions.json,24,24,decision_loop,conservative,Conservative,policy_sweep,Who had issues with JFK's proposal?,ABSTAIN,0,0,1,1,RETRIEVE_MORE,,2,3,naacp,0.4797,0.1078,0.1236,0.1078,0.2572,0.6062,0.2572,0.9576,0.8922,0.2039,0.8764,0.8922,0.5203,0.7961
phase5_C_conservative_predictions.json,24,24,decision_loop,conservative,Conservative,policy_sweep,Who had issues with JFK's proposal?,ABSTAIN,0,0,2,2,RERANK,RETRIEVE_MORE,1,5,naacp,0.3389,0.1078,0.0262,0.0,0.2259,0.4331,0.1259,0.9618,0.8922,0.2941,0.8502,0.8922,0.6611,0.7059
phase5_C_conservative_predictions.json,24,24,decision_loop,conservative,Conservative,policy_sweep,Who had issues with JFK's proposal?,ABSTAIN,0,0,3,3,RETRIEVE_MORE,RERANK,1,3,naacp,0.4797,0.1078,0.0188,0.0,0.2872,0.4235,0.1872,0.9576,0.8922,0.3539,0.8314,0.8922,0.5203,0.6461
phase5_C_conservative_predictions.json,24,24,decision_loop,conservative,Conservative,policy_sweep,Who had issues with JFK's proposal?,ABSTAIN,0,0,4,4,STOP,RETRIEVE_MORE,0,5,naacp,0.3389,0.1078,0.0,0.0,0.2259,0.2976,0.0259,0.9618,0.8922,0.2941,0.8502,0.8922,0.6611,0.7059
phase5_C_conservative_predictions.json,25,25,decision_loop,conservative,Conservative,policy_sweep,What does CATOBAR allow for?,ABSTAIN,0,0,1,1,RETRIEVE_MORE,,2,3,catobar recovery,0.539,0.1252,0.1554,0.1252,0.2938,0.6078,0.2938,0.9026,0.8748,0.2443,0.8446,0.8748,0.461,0.7557
phase5_C_conservative_predictions.json,25,25,decision_loop,conservative,Conservative,policy_sweep,What does CATOBAR allow for?,ABSTAIN,0,0,2,2,RERANK,RETRIEVE_MORE,1,5,catobar recovery,0.3835,0.1252,0.0174,0.0,0.2553,0.4215,0.1553,0.935,0.8748,0.3238,0.8273,0.8748,0.6165,0.6762
phase5_C_conservative_predictions.json,25,25,decision_loop,conservative,Conservative,policy_sweep,What does CATOBAR allow for?,ABSTAIN,0,0,3,3,RETRIEVE_MORE,RERANK,1,3,catobar recovery,0.4922,0.1252,0.0117,0.0,0.3032,0.4151,0.2032,0.9504,0.8748,0.3731,0.8156,0.8748,0.5078,0.6269
phase5_C_conservative_predictions.json,25,25,decision_loop,conservative,Conservative,policy_sweep,What does CATOBAR allow for?,ABSTAIN,0,0,4,4,STOP,RETRIEVE_MORE,0,5,catobar recovery,0.3797,0.1252,0.0,0.0,0.2536,0.2895,0.0536,0.9317,0.8748,0.3221,0.8271,0.8748,0.6203,0.6779
phase5_C_conservative_predictions.json,26,26,decision_loop,conservative,Conservative,policy_sweep,Where were these forts commonly built?,ABSTAIN,0,0,1,1,RETRIEVE_MORE,,2,3,the swedes,0.4311,0.0863,0.0712,0.0863,0.2032,0.6096,0.2032,0.9609,0.9137,0.0674,0.9288,0.9137,0.5689,0.9326
phase5_C_conservative_predictions.json,26,26,decision_loop,conservative,Conservative,policy_sweep,Where were these forts commonly built?,ABSTAIN,0,0,2,2,RERANK,RETRIEVE_MORE,1,5,the swedes,0.3046,0.0863,0.0385,0.0,0.185,0.452,0.085,0.9638,0.9137,0.1976,0.8903,0.9137,0.6954,0.8024
phase5_C_conservative_predictions.json,26,26,decision_loop,conservative,Conservative,policy_sweep,Where were these forts commonly built?,ABSTAIN,0,0,3,3,STOP,RERANK,1,3,the swedes,0.4012,0.0863,0.0001,0.0,0.2218,0.4366,0.1218,0.9862,0.9137,0.2127,0.8903,0.9137,0.5988,0.7873
phase5_C_conservative_predictions.json,27,27,decision_loop,conservative,Conservative,policy_sweep,What bacteria is an exception to single circular chromosome rule?,ABSTAIN,0,0,1,1,RETRIEVE_MORE,,2,3,borrelia burgdorferi,0.5601,0.1645,0.2023,0.1645,0.337,0.6101,0.337,0.9018,0.8355,0.3345,0.7977,0.8355,0.4399,0.6655
phase5_C_conservative_predictions.json,27,27,decision_loop,conservative,Conservative,policy_sweep,What bacteria is an exception to single circular chromosome rule?,ABSTAIN,0,0,2,2,RETRIEVE_MORE,RETRIEVE_MORE,1,5,borrelia burgdorferi,0.4324,0.1645,0.0211,0.0,0.307,0.4053,0.207,0.9069,0.8355,0.4083,0.7766,0.8355,0.5676,0.5917
phase5_C_conservative_predictions.json,27,27,decision_loop,conservative,Conservative,policy_sweep,What bacteria is an exception to single circular chromosome rule?,ABSTAIN,0,0,3,3,STOP,RETRIEVE_MORE,0,5,borrelia burgdorferi,0.4308,0.1645,0.0119,0.0,0.3063,0.2766,0.1063,0.9063,0.8355,0.4073,0.7768,0.8355,0.5692,0.5927
phase5_C_conservative_predictions.json,28,28,decision_loop,conservative,Conservative,policy_sweep,Who made up most unions between Europeans and natives?,ABSTAIN,0,0,1,1,RETRIEVE_MORE,,2,3,africans,0.5093,0.0925,0.1344,0.0925,0.2707,0.6067,0.2707,0.94,0.9075,0.2539,0.8656,0.9075,0.4907,0.7461
phase5_C_conservative_predictions.json,28,28,decision_loop,conservative,Conservative,policy_sweep,Who made up most unions between Europeans and natives?,ABSTAIN,0,0,2,2,RERANK,RETRIEVE_MORE,1,5,africans,0.3444,0.0925,0.0139,0.0,0.2254,0.4286,0.1254,0.9635,0.9075,0.3159,0.8517,0.9075,0.6556,0.6841
phase5_C_conservative_predictions.json,28,28,decision_loop,conservative,Conservative,policy_sweep,Who made up most unions between Europeans and natives?,ABSTAIN,0,0,3,3,STOP,RERANK,1,3,africans,0.4454,0.0925,0.0,0.0,0.2504,0.4287,0.1504,0.9658,0.9075,0.2643,0.8676,0.9075,0.5546,0.7357
phase5_C_conservative_predictions.json,29,29,decision_loop,conservative,Conservative,policy_sweep,What did the Guardian name her?,ABSTAIN,0,0,1,1,RERANK,,2,3,beyoncé,0.3576,0.1055,0.0628,0.1055,0.1792,0.6202,0.1792,0.9988,0.8945,0.0328,0.9372,0.8945,0.6424,0.9672
phase5_C_conservative_predictions.json,29,29,decision_loop,conservative,Conservative,policy_sweep,What did the Guardian name her?,ABSTAIN,0,0,2,2,RETRIEVE_MORE,RERANK,2,3,beyoncé,0.4277,0.1312,0.0734,0.0257,0.2505,0.5817,0.2505,0.9604,0.8688,0.2089,0.8638,0.8688,0.5723,0.7911
phase5_C_conservative_predictions.json,29,29,decision_loop,conservative,Conservative,policy_sweep,What did the Guardian name her?,ABSTAIN,0,0,3,3,RERANK,RETRIEVE_MORE,1,5,beyoncé,0.3084,0.1312,0.0,0.0,0.2055,0.4284,0.1055,0.9513,0.8688,0.1924,0.8669,0.8688,0.6916,0.8076
phase5_C_conservative_predictions.json,29,29,decision_loop,conservative,Conservative,policy_sweep,What did the Guardian name her?,ABSTAIN,0,0,4,4,STOP,RERANK,1,3,beyoncé,0.3884,0.1312,0.0,0.0,0.2357,0.4301,0.1357,0.9914,0.8688,0.2034,0.8717,0.8688,0.6116,0.7966
phase5_C_conservative_predictions.json,30,30,decision_loop,conservative,Conservative,policy_sweep,The lower regions and larger towns of the Alps are well-served by what?,ABSTAIN,0,0,1,1,RETRIEVE_MORE,,2,3,motorways and main roads,0.4726,0.1368,0.1366,0.1368,0.2674,0.6069,0.2674,0.9622,0.8632,0.2023,0.8634,0.8632,0.5274,0.7977
phase5_C_conservative_predictions.json,30,30,decision_loop,conservative,Conservative,policy_sweep,The lower regions and larger towns of the Alps are well-served by what?,ABSTAIN,0,0,2,2,RERANK,RETRIEVE_MORE,1,5,motorways and main roads,0.3581,0.1368,0.0385,0.0,0.2475,0.4291,0.1475,0.9213,0.8632,0.3033,0.8249,0.8632,0.6419,0.6967
phase5_C_conservative_predictions.json,30,30,decision_loop,conservative,Conservative,policy_sweep,The lower regions and larger towns of the Alps are well-served by what?,ABSTAIN,0,0,3,3,STOP,RERANK,1,3,motorways and main roads,0.4726,0.1368,0.0065,0.0,0.2974,0.414,0.1974,0.9622,0.8632,0.3523,0.8184,0.8632,0.5274,0.6477
phase5_C_conservative_predictions.json,31,31,decision_loop,conservative,Conservative,policy_sweep,What does the French constitution state for the language in Aslace?,ABSTAIN,0,0,1,1,RERANK,,2,3,standardisation of dutch language,0.3588,0.0815,0.0446,0.0815,0.1644,0.617,0.1644,0.9965,0.9185,0.0105,0.9554,0.9185,0.6412,0.9895
phase5_C_conservative_predictions.json,31,31,decision_loop,conservative,Conservative,policy_sweep,What does the French constitution state for the language in Aslace?,ABSTAIN,0,0,2,2,RETRIEVE_MORE,RERANK,2,3,standardisation of dutch language,0.3588,0.0815,0.045,0.0,0.1944,0.5866,0.1944,0.9965,0.9185,0.1605,0.9104,0.9185,0.6412,0.8395
phase5_C_conservative_predictions.json,31,31,decision_loop,conservative,Conservative,policy_sweep,What does the French constitution state for the language in Aslace?,ABSTAIN,0,0,3,3,RERANK,RETRIEVE_MORE,1,5,standardisation of dutch language,0.2648,0.0815,0.0041,0.0,0.1609,0.4438,0.0609,0.9721,0.9185,0.1577,0.9064,0.9185,0.7352,0.8423
phase5_C_conservative_predictions.json,31,31,decision_loop,conservative,Conservative,policy_sweep,What does the French constitution state for the language in Aslace?,ABSTAIN,0,0,4,4,STOP,RERANK,1,3,standardisation of dutch language,0.3588,0.0815,0.0,0.0,0.1944,0.4436,0.0944,0.9965,0.9185,0.1605,0.9104,0.9185,0.6412,0.8395
phase5_C_conservative_predictions.json,32,32,decision_loop,conservative,Conservative,policy_sweep,Which BYU building features films in several languages?,ABSTAIN,0,0,1,1,RETRIEVE_MORE,,2,3,international cinema,0.5971,0.1829,0.228,0.1829,0.3641,0.6114,0.3641,0.8633,0.8171,0.3641,0.772,0.8171,0.4029,0.6359
phase5_C_conservative_predictions.json,32,32,decision_loop,conservative,Conservative,policy_sweep,Which BYU building features films in several languages?,ABSTAIN,0,0,2,2,STOP,RETRIEVE_MORE,1,5,international cinema,0.4362,0.1829,0.0065,0.0,0.3181,0.3955,0.2181,0.9086,0.8171,0.4159,0.7655,0.8171,0.5638,0.5841
phase5_C_conservative_predictions.json,33,33,decision_loop,conservative,Conservative,policy_sweep,What has helped geneologists researching slaves?,ABSTAIN,0,0,1,1,RERANK,,2,3,slave ships stopping at ports such as charleston,0.3812,0.0605,0.051,0.0605,0.1739,0.6063,0.1739,0.9953,0.9395,0.0661,0.949,0.9395,0.6188,0.9339
phase5_C_conservative_predictions.json,33,33,decision_loop,conservative,Conservative,policy_sweep,What has helped geneologists researching slaves?,ABSTAIN,0,0,2,2,RETRIEVE_MORE,RERANK,2,3,slave ships stopping at ports such as charleston,0.3812,0.0605,0.045,0.0,0.2039,0.5844,0.2039,0.9953,0.9395,0.2161,0.904,0.9395,0.6188,0.7839
phase5_C_conservative_predictions.json,33,33,decision_loop,conservative,Conservative,policy_sweep,What has helped geneologists researching slaves?,ABSTAIN,0,0,3,3,RERANK,RETRIEVE_MORE,1,5,slave ships stopping at ports such as charleston,0.2492,0.0605,0.0,0.0,0.1497,0.4449,0.0497,0.9851,0.9395,0.1762,0.9139,0.9395,0.7508,0.8238
phase5_C_conservative_predictions.json,33,33,decision_loop,conservative,Conservative,policy_sweep,What has helped geneologists researching slaves?,ABSTAIN,0,0,4,4,RETRIEVE_MORE,RERANK,1,3,treaties,0.4298,0.0777,0.0,0.0172,0.2044,0.4565,0.1044,0.9738,0.9223,0.0951,0.9274,0.9223,0.5702,0.9049
phase5_C_conservative_predictions.json,33,33,decision_loop,conservative,Conservative,policy_sweep,What has helped geneologists researching slaves?,ABSTAIN,0,0,5,5,STOP,RETRIEVE_MORE,0,5,treaties,0.3086,0.0777,0.0385,0.0,0.1866,0.3265,-0.0134,0.9662,0.9223,0.2183,0.8889,0.9223,0.6914,0.7817
phase5_C_conservative_predictions.json,34,34,decision_loop,conservative,Conservative,policy_sweep,When did the first free election take place?,ABSTAIN,0,0,1,1,RETRIEVE_MORE,,2,3,1492,0.5376,0.1743,0.1911,0.1743,0.3252,0.6096,0.3252,0.9194,0.8257,0.2929,0.8089,0.8257,0.4624,0.7071
phase5_C_conservative_predictions.json,34,34,decision_loop,conservative,Conservative,policy_sweep,When did the first free election take place?,ABSTAIN,0,0,2,2,RETRIEVE_MORE,RETRIEVE_MORE,1,5,1492,0.4015,0.1743,0.0208,0.0,0.2927,0.4091,0.1927,0.9292,0.8257,0.3687,0.7881,0.8257,0.5985,0.6313
phase5_C_conservative_predictions.json,34,34,decision_loop,conservative,Conservative,policy_sweep,When did the first free election take place?,ABSTAIN,0,0,3,3,STOP,RETRIEVE_MORE,0,5,1492,0.3995,0.1743,0.0089,0.0,0.2918,0.2794,0.0918,0.9279,0.8257,0.3677,0.7881,0.8257,0.6005,0.6323
phase5_C_conservative_predictions.json,35,35,decision_loop,conservative,Conservative,policy_sweep,Of what discipline is ethology a branch?,ABSTAIN,0,0,1,1,RETRIEVE_MORE,,2,3,zoology,0.451,0.1628,0.135,0.1628,0.2631,0.6179,0.2631,0.972,0.8372,0.16,0.865,0.8372,0.549,0.84
phase5_C_conservative_predictions.json,35,35,decision_loop,conservative,Conservative,policy_sweep,Of what discipline is ethology a branch?,ABSTAIN,0,0,2,2,RERANK,RETRIEVE_MORE,1,5,zoology,0.3276,0.1628,0.0111,0.0,0.2288,0.4283,0.1288,0.9829,0.8372,0.2041,0.8539,0.8372,0.6724,0.7959
phase5_C_conservative_predictions.json,35,35,decision_loop,conservative,Conservative,policy_sweep,Of what discipline is ethology a branch?,ABSTAIN,0,0,3,3,RETRIEVE_MORE,RERANK,1,3,zoology,0.451,0.1628,0.0339,0.0,0.2931,0.4256,0.1931,0.972,0.8372,0.31,0.82,0.8372,0.549,0.69
phase5_C_conservative_predictions.json,35,35,decision_loop,conservative,Conservative,policy_sweep,Of what discipline is ethology a branch?,ABSTAIN,0,0,4,4,STOP,RETRIEVE_MORE,0,5,zoology,0.3276,0.1628,0.0,0.0,0.2288,0.2989,0.0288,0.9829,0.8372,0.2041,0.8539,0.8372,0.6724,0.7959
phase5_C_conservative_predictions.json,36,36,decision_loop,conservative,Conservative,policy_sweep,What New Haven trial is known to be the longest in the history of Connecticut?,ABSTAIN,0,0,1,1,RERANK,,2,3,bridgeport,0.3993,0.1679,0.1099,0.1679,0.2313,0.6287,0.2313,0.9902,0.8321,0.0799,0.8901,0.8321,0.6007,0.9201
phase5_C_conservative_predictions.json,36,36,decision_loop,conservative,Conservative,policy_sweep,What New Haven trial is known to be the longest in the history of Connecticut?,ABSTAIN,0,0,2,2,RETRIEVE_MORE,RERANK,2,3,bridgeport,0.3893,0.1679,0.0269,0.0,0.244,0.5629,0.244,0.9778,0.8321,0.1611,0.8633,0.8321,0.6107,0.8389
phase5_C_conservative_predictions.json,36,36,decision_loop,conservative,Conservative,policy_sweep,What New Haven trial is known to be the longest in the history of Connecticut?,ABSTAIN,0,0,3,3,RERANK,RETRIEVE_MORE,1,5,bridgeport,0.2686,0.1679,0.0,0.0,0.2011,0.4276,0.1011,0.9787,0.8321,0.1576,0.8645,0.8321,0.7314,0.8424
phase5_C_conservative_predictions.json,36,36,decision_loop,conservative,Conservative,policy_sweep,What New Haven trial is known to be the longest in the history of Connecticut?,ABSTAIN,0,0,4,4,STOP,RERANK,1,3,bridgeport,0.3893,0.1679,0.0012,0.0,0.244,0.4276,0.144,0.9778,0.8321,0.1611,0.8633,0.8321,0.6107,0.8389
phase5_C_conservative_predictions.json,37,37,decision_loop,conservative,Conservative,policy_sweep,In what periodical was the new sovereign status of the Russian Federation first published?,ABSTAIN,0,0,1,1,RETRIEVE_MORE,,2,3,rossiyskaya gazeta,0.5032,0.1608,0.1678,0.1608,0.2993,0.6084,0.2993,0.9444,0.8392,0.2543,0.8322,0.8392,0.4968,0.7457
phase5_C_conservative_predictions.json,37,37,decision_loop,conservative,Conservative,policy_sweep,In what periodical was the new sovereign status of the Russian Federation first published?,ABSTAIN,0,0,2,2,RERANK,RETRIEVE_MORE,1,5,rossiyskaya gazeta,0.3688,0.1608,0.0249,0.0,0.2687,0.4175,0.1687,0.9432,0.8392,0.3364,0.8073,0.8392,0.6312,0.6636
phase5_C_conservative_predictions.json,37,37,decision_loop,conservative,Conservative,policy_sweep,In what periodical was the new sovereign status of the Russian Federation first published?,ABSTAIN,0,0,3,3,RETRIEVE_MORE,RERANK,1,3,rossiyskaya gazeta,0.5032,0.1608,0.0201,0.0,0.3293,0.4086,0.2293,0.9444,0.8392,0.4043,0.7872,0.8392,0.4968,0.5957
phase5_C_conservative_predictions.json,37,37,decision_loop,conservative,Conservative,policy_sweep,In what periodical was the new sovereign status of the Russian Federation first published?,ABSTAIN,0,0,4,4,STOP,RETRIEVE_MORE,0,5,rossiyskaya gazeta,0.3688,0.1608,0.0,0.0,0.2687,0.2826,0.0687,0.9432,0.8392,0.3364,0.8073,0.8392,0.6312,0.6636
phase5_C_conservative_predictions.json,38,38,decision_loop,conservative,Conservative,policy_sweep,The first ship to carry a human through space was called what?,ABSTAIN,0,0,1,1,RETRIEVE_MORE,,2,3,tardis,0.4063,0.1055,0.0872,0.1055,0.2112,0.6117,0.2112,0.9894,0.8945,0.1077,0.9128,0.8945,0.5937,0.8923
phase5_C_conservative_predictions.json,38,38,decision_loop,conservative,Conservative,policy_sweep,The first ship to carry a human through space was called what?,ABSTAIN,0,0,2,2,RERANK,RETRIEVE_MORE,1,5,tardis,0.2861,0.1055,0.0375,0.0,0.1928,0.4464,0.0928,0.979,0.8945,0.2258,0.8753,0.8945,0.7139,0.7742
phase5_C_conservative_predictions.json,38,38,decision_loop,conservative,Conservative,policy_sweep,The first ship to carry a human through space was called what?,ABSTAIN,0,0,3,3,RETRIEVE_MORE,RERANK,1,3,tardis,0.4816,0.1321,0.0435,0.0266,0.2879,0.4335,0.1879,0.9385,0.8679,0.2997,0.8318,0.8679,0.5184,0.7003
phase5_C_conservative_predictions.json,38,38,decision_loop,conservative,Conservative,policy_sweep,The first ship to carry a human through space was called what?,ABSTAIN,0,0,4,4,STOP,RETRIEVE_MORE,0,5,tardis,0.3445,0.1321,0.0,0.0,0.2314,0.2964,0.0314,0.9508,0.8679,0.2571,0.847,0.8679,0.6555,0.7429
phase5_C_conservative_predictions.json,39,39,decision_loop,conservative,Conservative,policy_sweep,What is an alloy?,ABSTAIN,0,0,1,1,RETRIEVE_MORE,,2,3,alloys,0.4483,0.1009,0.0915,0.1009,0.2246,0.6083,0.2246,0.9618,0.8991,0.1116,0.9085,0.8991,0.5517,0.8884
phase5_C_conservative_predictions.json,39,39,decision_loop,conservative,Conservative,policy_sweep,What is an alloy?,ABSTAIN,0,0,2,2,RERANK,RETRIEVE_MORE,1,5,alloys,0.3072,0.1009,0.0324,0.0,0.1982,0.4446,0.0982,0.9723,0.8991,0.2265,0.8761,0.8991,0.6928,0.7735
phase5_C_conservative_predictions.json,39,39,decision_loop,conservative,Conservative,policy_sweep,What is an alloy?,ABSTAIN,0,0,3,3,RETRIEVE_MORE,RERANK,1,3,alloys,0.4843,0.1195,0.0566,0.0187,0.2979,0.4345,0.1979,0.9558,0.8805,0.3728,0.8195,0.8805,0.5157,0.6272
phase5_C_conservative_predictions.json,39,39,decision_loop,conservative,Conservative,policy_sweep,What is an alloy?,ABSTAIN,0,0,4,4,STOP,RETRIEVE_MORE,0,5,alloys,0.3537,0.1195,0.0,0.0,0.2401,0.293,0.0401,0.954,0.8805,0.3128,0.8372,0.8805,0.6463,0.6872
phase5_C_conservative_predictions.json,40,40,decision_loop,conservative,Conservative,policy_sweep,Where was the Galilean village?,ABSTAIN,0,0,1,1,RETRIEVE_MORE,,2,3,nazareth,0.5174,0.1696,0.1734,0.1696,0.3075,0.6087,0.3075,0.9324,0.8304,0.2502,0.8266,0.8304,0.4826,0.7498
phase5_C_conservative_predictions.json,40,40,decision_loop,conservative,Conservative,policy_sweep,Where was the Galilean village?,ABSTAIN,0,0,2,2,RETRIEVE_MORE,RETRIEVE_MORE,1,5,nazareth,0.4018,0.1696,0.0311,0.0,0.2858,0.4159,0.1858,0.9178,0.8304,0.3443,0.7955,0.8304,0.5982,0.6557
phase5_C_conservative_predictions.json,40,40,decision_loop,conservative,Conservative,policy_sweep,Where was the Galilean village?,ABSTAIN,0,0,3,3,STOP,RETRIEVE_MORE,0,5,nazareth,0.3769,0.1696,0.0,0.0,0.2658,0.2853,0.0658,0.9314,0.8304,0.2876,0.8152,0.8304,0.6231,0.7124
phase5_C_conservative_predictions.json,41,41,decision_loop,conservative,Conservative,policy_sweep,A fifth terminal was opened in 2008 for which UK airline?,ABSTAIN,0,0,1,1,RETRIEVE_MORE,,2,3,london heathrow airport,0.4387,0.1389,0.1164,0.1389,0.2443,0.6148,0.2443,0.9773,0.8611,0.1413,0.8836,0.8611,0.5613,0.8587
phase5_C_conservative_predictions.json,41,41,decision_loop,conservative,Conservative,policy_sweep,A fifth terminal was opened in 2008 for which UK airline?,ABSTAIN,0,0,2,2,RERANK,RETRIEVE_MORE,1,5,london heathrow airport,0.3318,0.1389,0.0395,0.0,0.23,0.4362,0.13,0.9532,0.8611,0.2568,0.8442,0.8611,0.6682,0.7432
phase5_C_conservative_predictions.json,41,41,decision_loop,conservative,Conservative,policy_sweep,A fifth terminal was opened in 2008 for which UK airline?,ABSTAIN,0,0,3,3,STOP,RERANK,1,3,london heathrow airport,0.4332,0.1389,0.0,0.0,0.2617,0.4235,0.1617,0.9682,0.8611,0.2382,0.8527,0.8611,0.5668,0.7618
phase5_C_conservative_predictions.json,42,42,decision_loop,conservative,Conservative,policy_sweep,Does Florida benefit from taxes,ABSTAIN,0,0,1,1,RETRIEVE_MORE,,2,3,exemptions,0.5134,0.0871,0.1253,0.0871,0.2641,0.6063,0.2641,0.9304,0.9129,0.2262,0.8747,0.9129,0.4866,0.7738
phase5_C_conservative_predictions.json,42,42,decision_loop,conservative,Conservative,policy_sweep,Does Florida benefit from taxes,ABSTAIN,0,0,2,2,RETRIEVE_MORE,RETRIEVE_MORE,1,5,exemptions,0.4189,0.0871,0.0411,0.0,0.2527,0.4332,0.1527,0.8872,0.9129,0.3346,0.8335,0.9129,0.5811,0.6654
phase5_C_conservative_predictions.json,42,42,decision_loop,conservative,Conservative,policy_sweep,Does Florida benefit from taxes,ABSTAIN,0,0,3,3,STOP,RETRIEVE_MORE,0,5,exemptions,0.4441,0.104,0.0411,0.0169,0.2856,0.2975,0.0856,0.9,0.896,0.417,0.8029,0.896,0.5559,0.583
phase5_C_conservative_predictions.json,43,43,decision_loop,conservative,Conservative,policy_sweep,What two members of city council were convicted of extortion in 2005?,ABSTAIN,0,0,1,1,RETRIEVE_MORE,,2,3,the mayor and 10 city council members,0.4075,0.1404,0.0834,0.1404,0.2096,0.627,0.2096,0.9626,0.8596,0.0191,0.9166,0.8596,0.5925,0.9809
phase5_C_conservative_predictions.json,43,43,decision_loop,conservative,Conservative,policy_sweep,What two members of city council were convicted of extortion in 2005?,ABSTAIN,0,0,2,2,RERANK,RETRIEVE_MORE,1,5,the mayor and 10 city council members,0.2814,0.1404,0.0416,0.0,0.1943,0.4479,0.0943,0.9706,0.8596,0.1632,0.8749,0.8596,0.7186,0.8368
phase5_C_conservative_predictions.json,43,43,decision_loop,conservative,Conservative,policy_sweep,What two members of city council were convicted of extortion in 2005?,ABSTAIN,0,0,3,3,RETRIEVE_MORE,RERANK,1,3,the mayor and 10 city council members,0.4372,0.1644,0.0481,0.024,0.2847,0.4336,0.1847,0.9778,0.8356,0.2884,0.8268,0.8356,0.5628,0.7116
phase5_C_conservative_predictions.json,43,43,decision_loop,conservative,Conservative,policy_sweep,What two members of city council were convicted of extortion in 2005?,ABSTAIN,0,0,4,4,STOP,RETRIEVE_MORE,0,5,the mayor and 10 city council members,0.325,0.1644,0.0,0.0,0.2383,0.2919,0.0383,0.9601,0.8356,0.2529,0.8339,0.8356,0.675,0.7471
phase5_C_conservative_predictions.json,44,44,decision_loop,conservative,Conservative,policy_sweep,What can affect how a person is treated?,ABSTAIN,0,0,1,1,RETRIEVE_MORE,,2,3,sexual_orientation,0.5751,0.1823,0.1986,0.1823,0.3291,0.6099,0.3291,0.8061,0.8177,0.2289,0.8014,0.8177,0.4249,0.7711
phase5_C_conservative_predictions.json,44,44,decision_loop,conservative,Conservative,policy_sweep,What can affect how a person is treated?,ABSTAIN,0,0,2,2,RETRIEVE_MORE,RETRIEVE_MORE,1,5,sexual_orientation,0.4215,0.1823,0.0126,0.0,0.2931,0.4061,0.1931,0.8763,0.8177,0.3178,0.7888,0.8177,0.5785,0.6822
phase5_C_conservative_predictions.json,44,44,decision_loop,conservative,Conservative,policy_sweep,What can affect how a person is treated?,ABSTAIN,0,0,3,3,STOP,RETRIEVE_MORE,0,5,sexual_orientation,0.3605,0.1823,0.0,0.0,0.2669,0.2832,0.0669,0.9411,0.8177,0.2935,0.809,0.8177,0.6395,0.7065
phase5_C_conservative_predictions.json,45,45,decision_loop,conservative,Conservative,policy_sweep,What currency did the euro replace in Portugal?,ABSTAIN,0,0,1,1,RETRIEVE_MORE,,2,3,portuguese escudo,0.4241,0.158,0.1189,0.158,0.2439,0.6216,0.2439,0.9831,0.842,0.1216,0.8811,0.842,0.5759,0.8784
phase5_C_conservative_predictions.json,45,45,decision_loop,conservative,Conservative,policy_sweep,What currency did the euro replace in Portugal?,ABSTAIN,0,0,2,2,RERANK,RETRIEVE_MORE,1,5,greek drachma,0.3657,0.158,0.0,0.0,0.2077,0.4382,0.1077,0.9338,0.842,0.0431,0.8948,0.842,0.6343,0.9569
phase5_C_conservative_predictions.json,45,45,decision_loop,conservative,Conservative,policy_sweep,What currency did the euro replace in Portugal?,ABSTAIN,0,0,3,3,RETRIEVE_MORE,RERANK,1,3,portuguese escudo,0.4241,0.158,0.0137,0.0,0.2439,0.4389,0.1439,0.9831,0.842,0.1216,0.8811,0.842,0.5759,0.8784
phase5_C_conservative_predictions.json,45,45,decision_loop,conservative,Conservative,policy_sweep,What currency did the euro replace in Portugal?,ABSTAIN,0,0,4,4,STOP,RETRIEVE_MORE,0,5,greek drachma,0.3657,0.158,0.0,0.0,0.2077,0.3132,0.0077,0.9338,0.842,0.0431,0.8948,0.842,0.6343,0.9569
phase5_C_conservative_predictions.json,46,46,decision_loop,conservative,Conservative,policy_sweep,"Which Chinese suffix means ""area, district, region, ward""?",ABSTAIN,0,0,1,1,RETRIEVE_MORE,,2,3,q,0.5021,0.078,0.1035,0.078,0.2415,0.6052,0.2415,0.9078,0.922,0.1535,0.8965,0.922,0.4979,0.8465
phase5_C_conservative_predictions.json,46,46,decision_loop,conservative,Conservative,policy_sweep,"Which Chinese suffix means ""area, district, region, ward""?",ABSTAIN,0,0,2,2,RERANK,RETRIEVE_MORE,1,5,q,0.3011,0.078,0.0117,0.0,0.186,0.4394,0.086,0.9606,0.922,0.2275,0.8849,0.922,0.6989,0.7725
phase5_C_conservative_predictions.json,46,46,decision_loop,conservative,Conservative,policy_sweep,"Which Chinese suffix means ""area, district, region, ward""?",ABSTAIN,0,0,3,3,STOP,RERANK,1,3,jackson,0.3766,0.0798,0.0,0.0018,0.1695,0.4599,0.0695,0.9869,0.9202,0.0087,0.9549,0.9202,0.6234,0.9913
phase5_C_conservative_predictions.json,47,47,decision_loop,conservative,Conservative,policy_sweep,What was another goal of the invasion of Saxony?,ABSTAIN,0,0,1,1,RERANK,,2,3,recapture normandy,0.3946,0.0814,0.0488,0.0814,0.1762,0.6155,0.1762,0.9708,0.9186,0.0074,0.9512,0.9186,0.6054,0.9926
phase5_C_conservative_predictions.json,47,47,decision_loop,conservative,Conservative,policy_sweep,What was another goal of the invasion of Saxony?,ABSTAIN,0,0,2,2,RETRIEVE_MORE,RERANK,2,3,recapture normandy,0.4673,0.099,0.0988,0.0177,0.2675,0.5879,0.2675,0.9551,0.901,0.2969,0.8524,0.901,0.5327,0.7031
phase5_C_conservative_predictions.json,47,47,decision_loop,conservative,Conservative,policy_sweep,What was another goal of the invasion of Saxony?,ABSTAIN,0,0,3,3,RERANK,RETRIEVE_MORE,1,5,recapture normandy,0.3291,0.099,0.0,0.0,0.2104,0.4285,0.1104,0.9635,0.901,0.2535,0.8672,0.901,0.6709,0.7465
phase5_C_conservative_predictions.json,47,47,decision_loop,conservative,Conservative,policy_sweep,What was another goal of the invasion of Saxony?,ABSTAIN,0,0,4,4,STOP,RERANK,1,3,recapture normandy,0.4464,0.099,0.0093,0.0,0.2589,0.429,0.1589,0.9722,0.901,0.2904,0.8578,0.901,0.5536,0.7096
phase5_C_conservative_predictions.json,48,48,decision_loop,conservative,Conservative,policy_sweep,In what year was War on the Floor released?,ABSTAIN,0,0,1,1,RETRIEVE_MORE,,2,3,2013,0.6326,0.1751,0.2376,0.1751,0.3722,0.6119,0.3722,0.7894,0.8249,0.3598,0.7624,0.8249,0.3674,0.6402
phase5_C_conservative_predictions.json,48,48,decision_loop,conservative,Conservative,policy_sweep,In what year was War on the Floor released?,ABSTAIN,0,0,2,2,STOP,RETRIEVE_MORE,1,5,2013,0.4543,0.1751,0.0,0.0,0.3195,0.3929,0.2195,0.8771,0.8249,0.4084,0.7653,0.8249,0.5457,0.5916
phase5_C_conservative_predictions.json,49,49,decision_loop,conservative,Conservative,policy_sweep,Who was the main opponent that began to argue that the flat canvas did not support Cubism?,ABSTAIN,0,0,1,1,RETRIEVE_MORE,,2,3,nasser,0.4028,0.091,0.0739,0.091,0.1994,0.6106,0.1994,0.9896,0.909,0.0876,0.9261,0.909,0.5972,0.9124
phase5_C_conservative_predictions.json,49,49,decision_loop,conservative,Conservative,policy_sweep,Who was the main opponent that began to argue that the flat canvas did not support Cubism?,ABSTAIN,0,0,2,2,RERANK,RETRIEVE_MORE,1,5,nasser,0.2996,0.091,0.0437,0.0,0.1889,0.4513,0.0889,0.9625,0.909,0.2151,0.8825,0.909,0.7004,0.7849
phase5_C_conservative_predictions.json,49,49,decision_loop,conservative,Conservative,policy_sweep,Who was the main opponent that began to argue that the flat canvas did not support Cubism?,ABSTAIN,0,0,3,3,RETRIEVE_MORE,RERANK,1,3,nasser,0.4634,0.1071,0.044,0.0161,0.278,0.4361,0.178,0.9669,0.8929,0.3379,0.8385,0.8929,0.5366,0.6621
phase5_C_conservative_predictions.json,49,49,decision_loop,conservative,Conservative,policy_sweep,Who was the main opponent that began to argue that the flat canvas did not support Cubism?,ABSTAIN,0,0,4,4,STOP,RETRIEVE_MORE,0,5,nasser,0.3467,0.1071,0.0,0.0,0.2277,0.2972,0.0277,0.9491,0.8929,0.2906,0.8491,0.8929,0.6533,0.7094
phase5_D_loose_1_predictions.json,0,0,decision_loop,loose_1,Loose-1,policy_sweep,What poet wrote a long poem describing Roman religious holidays?,ANSWER,1,1,1,1,RETRIEVE_MORE,,2,3,ovid,0.6484,0.1815,0.2627,0.1815,0.3977,0.6131,0.3977,0.8082,0.8185,0.4453,0.7373,0.8185,0.3516,0.5547
phase5_D_loose_1_predictions.json,0,0,decision_loop,loose_1,Loose-1,policy_sweep,What poet wrote a long poem describing Roman religious holidays?,ANSWER,1,1,2,2,STOP,RETRIEVE_MORE,1,5,ovid,0.4733,0.1815,0.0,0.0,0.3315,0.3892,0.2315,0.8595,0.8185,0.4208,0.7549,0.8185,0.5267,0.5792
phase5_D_loose_1_predictions.json,1,1,decision_loop,loose_1,Loose-1,policy_sweep,What is the form of hydrogen and carbon called?,ANSWER,0,1,1,1,RETRIEVE_MORE,,2,3,ortho-para,0.409,0.1404,0.0941,0.1404,0.2199,0.6232,0.2199,0.9822,0.8596,0.0678,0.9059,0.8596,0.591,0.9322
phase5_D_loose_1_predictions.json,1,1,decision_loop,loose_1,Loose-1,policy_sweep,What is the form of hydrogen and carbon called?,ANSWER,0,1,2,2,RERANK,RETRIEVE_MORE,1,5,ortho-para,0.2859,0.1404,0.0404,0.0,0.2028,0.4441,0.1028,0.9746,0.8596,0.1974,0.8655,0.8596,0.7141,0.8026
phase5_D_loose_1_predictions.json,1,1,decision_loop,loose_1,Loose-1,policy_sweep,What is the form of hydrogen and carbon called?,ANSWER,0,1,3,3,RETRIEVE_MORE,RERANK,1,3,ortho-para,0.4489,0.1645,0.0475,0.0241,0.2942,0.4303,0.1942,0.9736,0.8355,0.3151,0.818,0.8355,0.5511,0.6849
phase5_D_loose_1_predictions.json,1,1,decision_loop,loose_1,Loose-1,policy_sweep,What is the form of hydrogen and carbon called?,ANSWER,0,1,4,4,STOP,RETRIEVE_MORE,0,5,ortho-para,0.3298,0.1645,0.0,0.0,0.2437,0.29,0.0437,0.9611,0.8355,0.2713,0.8286,0.8355,0.6702,0.7287
phase5_D_loose_1_predictions.json,2,2,decision_loop,loose_1,Loose-1,policy_sweep,What adjective did Lawrence Toppman use to describe Craig's portrayal of James Bond?,ANSWER,1,1,1,1,RETRIEVE_MORE,,2,3,bored,0.6383,0.3308,0.3315,0.3308,0.4592,0.6166,0.4592,0.8213,0.6692,0.4346,0.6685,0.6692,0.3617,0.5654
phase5_D_loose_1_predictions.json,2,2,decision_loop,loose_1,Loose-1,policy_sweep,What adjective did Lawrence Toppman use to describe Craig's portrayal of James Bond?,ANSWER,1,1,2,2,ANSWER,RETRIEVE_MORE,1,5,bored,0.5064,0.3308,0.0131,0.0,0.425,0.3596,0.325,0.8458,0.6692,0.4948,0.6553,0.6692,0.4936,0.5052
phase5_D_loose_1_predictions.json,3,3,decision_loop,loose_1,Loose-1,policy_sweep,To what two islands does the ferry service connect?,ANSWER,0,1,1,1,RETRIEVE_MORE,,2,3,east cowes and cowes,0.4183,0.12,0.0982,0.12,0.2239,0.6136,0.2239,0.9854,0.88,0.1175,0.9018,0.88,0.5817,0.8825
phase5_D_loose_1_predictions.json,3,3,decision_loop,loose_1,Loose-1,policy_sweep,To what two islands does the ferry service connect?,ANSWER,0,1,2,2,RERANK,RETRIEVE_MORE,1,5,east cowes and cowes,0.3123,0.12,0.0405,0.0,0.2109,0.4427,0.1109,0.9631,0.88,0.2377,0.8613,0.88,0.6877,0.7623
phase5_D_loose_1_predictions.json,3,3,decision_loop,loose_1,Loose-1,policy_sweep,To what two islands does the ferry service connect?,ANSWER,0,1,3,3,STOP,RERANK,1,3,east cowes and cowes,0.4183,0.12,0.0045,0.0,0.2539,0.4267,0.1539,0.9854,0.88,0.2675,0.8568,0.88,0.5817,0.7325
phase5_D_loose_1_predictions.json,4,4,decision_loop,loose_1,Loose-1,policy_sweep,What took the place of Mac's Xserve server?,ANSWER,1,1,1,1,RETRIEVE_MORE,,2,3,mac mini and mac pro,0.471,0.1313,0.1278,0.1313,0.2601,0.6078,0.2601,0.9609,0.8687,0.181,0.8722,0.8687,0.529,0.819
phase5_D_loose_1_predictions.json,4,4,decision_loop,loose_1,Loose-1,policy_sweep,What took the place of Mac's Xserve server?,ANSWER,1,1,2,2,RERANK,RETRIEVE_MORE,1,5,mac mini and mac pro,0.3318,0.1313,0.0281,0.0,0.2307,0.4317,0.1307,0.9649,0.8687,0.2775,0.8441,0.8687,0.6682,0.7225
phase5_D_loose_1_predictions.json,4,4,decision_loop,loose_1,Loose-1,policy_sweep,What took the place of Mac's Xserve server?,ANSWER,1,1,3,3,RETRIEVE_MORE,RERANK,1,3,mac mini and mac pro,0.471,0.1313,0.0169,0.0,0.2901,0.4213,0.1901,0.9609,0.8687,0.331,0.8272,0.8687,0.529,0.669
phase5_D_loose_1_predictions.json,4,4,decision_loop,loose_1,Loose-1,policy_sweep,What took the place of Mac's Xserve server?,ANSWER,1,1,4,4,STOP,RETRIEVE_MORE,0,5,mac mini and mac pro,0.3318,0.1313,0.0,0.0,0.2307,0.2954,0.0307,0.9649,0.8687,0.2775,0.8441,0.8687,0.6682,0.7225
phase5_D_loose_1_predictions.json,5,5,decision_loop,loose_1,Loose-1,policy_sweep,What is one example of an application that videoconferencing manufacturers have begun to offer?,ANSWER,0,1,1,1,RETRIEVE_MORE,,2,3,live and still image streaming,0.4617,0.0789,0.0852,0.0789,0.2208,0.6043,0.2208,0.9491,0.9211,0.1185,0.9148,0.9211,0.5383,0.8815
phase5_D_loose_1_predictions.json,5,5,decision_loop,loose_1,Loose-1,policy_sweep,What is one example of an application that videoconferencing manufacturers have begun to offer?,ANSWER,0,1,2,2,RERANK,RETRIEVE_MORE,1,5,live and still image streaming,0.2899,0.0789,0.0265,0.0,0.1818,0.4465,0.0818,0.9753,0.9211,0.2244,0.8883,0.9211,0.7101,0.7756
phase5_D_loose_1_predictions.json,5,5,decision_loop,loose_1,Loose-1,policy_sweep,What is one example of an application that videoconferencing manufacturers have begun to offer?,ANSWER,0,1,3,3,STOP,RERANK,1,3,live and still image streaming,0.3854,0.0789,0.0,0.0,0.2118,0.439,0.1118,0.9933,0.9211,0.2073,0.897,0.9211,0.6146,0.7927
phase5_D_loose_1_predictions.json,6,6,decision_loop,loose_1,Loose-1,policy_sweep,What are Italian dialects termed in the Italian language?,ANSWER,0,1,1,1,RETRIEVE_MORE,,2,3,dialects,0.6918,0.1319,0.2028,0.1319,0.3782,0.6101,0.3782,0.8911,0.8681,0.3837,0.7972,0.8681,0.3082,0.6163
phase5_D_loose_1_predictions.json,6,6,decision_loop,loose_1,Loose-1,policy_sweep,What are Italian dialects termed in the Italian language?,ANSWER,0,1,2,2,STOP,RETRIEVE_MORE,1,5,dialects,0.4657,0.1319,0.0018,0.0,0.304,0.4041,0.204,0.919,0.8681,0.4082,0.7954,0.8681,0.5343,0.5918
phase5_D_loose_1_predictions.json,7,7,decision_loop,loose_1,Loose-1,policy_sweep,"Along with exhibition and distribution, what business did the Universal Film Manufacturing Company engage in?",ANSWER,1,1,1,1,RETRIEVE_MORE,,2,3,movie production,0.5062,0.1815,0.1596,0.1815,0.2932,0.6168,0.2932,0.9133,0.8185,0.1715,0.8404,0.8185,0.4938,0.8285
phase5_D_loose_1_predictions.json,7,7,decision_loop,loose_1,Loose-1,policy_sweep,"Along with exhibition and distribution, what business did the Universal Film Manufacturing Company engage in?",ANSWER,1,1,2,2,RERANK,RETRIEVE_MORE,1,5,movie production,0.3761,0.1815,0.0288,0.0,0.2688,0.4206,0.1688,0.928,0.8185,0.2774,0.8116,0.8185,0.6239,0.7226
phase5_D_loose_1_predictions.json,7,7,decision_loop,loose_1,Loose-1,policy_sweep,"Along with exhibition and distribution, what business did the Universal Film Manufacturing Company engage in?",ANSWER,1,1,3,3,STOP,RERANK,1,3,movie production,0.4559,0.1815,0.0,0.0,0.2915,0.4132,0.1915,0.9474,0.8185,0.2512,0.8234,0.8185,0.5441,0.7488
phase5_D_loose_1_predictions.json,8,8,decision_loop,loose_1,Loose-1,policy_sweep,Whose life was 'Schindler's List' based on?,ANSWER,1,1,1,1,RETRIEVE_MORE,,2,3,oskar schindler,0.6628,0.2277,0.2912,0.2277,0.4236,0.6146,0.4236,0.7817,0.7723,0.4457,0.7088,0.7723,0.3372,0.5543
phase5_D_loose_1_predictions.json,8,8,decision_loop,loose_1,Loose-1,policy_sweep,Whose life was 'Schindler's List' based on?,ANSWER,1,1,2,2,STOP,RETRIEVE_MORE,1,5,oskar schindler,0.5082,0.2277,0.0,0.0,0.3613,0.3829,0.2613,0.8603,0.7723,0.4048,0.7368,0.7723,0.4918,0.5952
phase5_D_loose_1_predictions.json,9,9,decision_loop,loose_1,Loose-1,policy_sweep,In what presidential election year did Schwarzenegger make a name for himself as a prominent Republican?,ANSWER,0,1,1,1,RERANK,,2,3,2008,0.3674,0.1548,0.081,0.1548,0.1995,0.6336,0.1995,0.9919,0.8452,0.0065,0.919,0.8452,0.6326,0.9935
phase5_D_loose_1_predictions.json,9,9,decision_loop,loose_1,Loose-1,policy_sweep,In what presidential election year did Schwarzenegger make a name for himself as a prominent Republican?,ANSWER,0,1,2,2,RETRIEVE_MORE,RERANK,2,3,2008,0.3674,0.1548,0.045,0.0,0.2295,0.5739,0.2295,0.9919,0.8452,0.1565,0.874,0.8452,0.6326,0.8435
phase5_D_loose_1_predictions.json,9,9,decision_loop,loose_1,Loose-1,policy_sweep,In what presidential election year did Schwarzenegger make a name for himself as a prominent Republican?,ANSWER,0,1,3,3,RERANK,RETRIEVE_MORE,1,5,2006,0.3614,0.1548,0.0,0.0,0.2154,0.4343,0.1154,0.9497,0.8452,0.0962,0.8837,0.8452,0.6386,0.9038
phase5_D_loose_1_predictions.json,9,9,decision_loop,loose_1,Loose-1,policy_sweep,In what presidential election year did Schwarzenegger make a name for himself as a prominent Republican?,ANSWER,0,1,4,4,STOP,RERANK,1,3,2008,0.3674,0.1548,0.0,0.0,0.1995,0.4467,0.0995,0.9919,0.8452,0.0065,0.919,0.8452,0.6326,0.9935
phase5_D_loose_1_predictions.json,10,10,decision_loop,loose_1,Loose-1,policy_sweep,What component of the printed circuit board is appraised with boundary scan testing?,ANSWER,0,1,1,1,RETRIEVE_MORE,,2,3,pcb,0.4025,0.144,0.0838,0.144,0.2092,0.6283,0.2092,0.9676,0.856,0.0177,0.9162,0.856,0.5975,0.9823
phase5_D_loose_1_predictions.json,10,10,decision_loop,loose_1,Loose-1,policy_sweep,What component of the printed circuit board is appraised with boundary scan testing?,ANSWER,0,1,2,2,RERANK,RETRIEVE_MORE,1,5,pcb,0.2761,0.144,0.043,0.0,0.1939,0.4478,0.0939,0.9694,0.856,0.1621,0.8732,0.856,0.7239,0.8379
phase5_D_loose_1_predictions.json,10,10,decision_loop,loose_1,Loose-1,policy_sweep,What component of the printed circuit board is appraised with boundary scan testing?,ANSWER,0,1,3,3,RETRIEVE_MORE,RERANK,1,3,pcb,0.4162,0.1685,0.042,0.0245,0.276,0.4327,0.176,0.9864,0.8315,0.2725,0.8313,0.8315,0.5838,0.7275
phase5_D_loose_1_predictions.json,10,10,decision_loop,loose_1,Loose-1,policy_sweep,What component of the printed circuit board is appraised with boundary scan testing?,ANSWER,0,1,4,4,STOP,RETRIEVE_MORE,0,5,pcb,0.3167,0.1685,0.0,0.0,0.2353,0.292,0.0353,0.9571,0.8315,0.2432,0.8342,0.8315,0.6833,0.7568
phase5_D_loose_1_predictions.json,11,11,decision_loop,loose_1,Loose-1,policy_sweep,Who had FA cup coverage from 1988-1997?,ANSWER,0,1,1,1,RETRIEVE_MORE,,2,3,bbc and sky sports,0.4332,0.1318,0.1127,0.1318,0.2395,0.6133,0.2395,0.9802,0.8682,0.1429,0.8873,0.8682,0.5668,0.8571
phase5_D_loose_1_predictions.json,11,11,decision_loop,loose_1,Loose-1,policy_sweep,Who had FA cup coverage from 1988-1997?,ANSWER,0,1,2,2,RERANK,RETRIEVE_MORE,1,5,bbc and sky sports,0.2916,0.1318,0.0303,0.0,0.2106,0.4371,0.1106,0.9834,0.8682,0.2462,0.8569,0.8682,0.7084,0.7538
phase5_D_loose_1_predictions.json,11,11,decision_loop,loose_1,Loose-1,policy_sweep,Who had FA cup coverage from 1988-1997?,ANSWER,0,1,3,3,RETRIEVE_MORE,RERANK,1,3,bbc and sky sports,0.4332,0.1318,0.0147,0.0,0.2695,0.4257,0.1695,0.9802,0.8682,0.2929,0.8423,0.8682,0.5668,0.7071
phase5_D_loose_1_predictions.json,11,11,decision_loop,loose_1,Loose-1,policy_sweep,Who had FA cup coverage from 1988-1997?,ANSWER,0,1,4,4,STOP,RETRIEVE_MORE,0,5,bbc and sky sports,0.2916,0.1318,0.0,0.0,0.2106,0.2999,0.0106,0.9834,0.8682,0.2462,0.8569,0.8682,0.7084,0.7538
phase5_D_loose_1_predictions.json,12,12,decision_loop,loose_1,Loose-1,policy_sweep,What percentage of the population was Caucasian in 1940?,ANSWER,0,1,1,1,RETRIEVE_MORE,,2,3,3.0%,0.5176,0.1475,0.1644,0.1475,0.2991,0.6082,0.2991,0.9334,0.8525,0.2578,0.8356,0.8525,0.4824,0.7422
phase5_D_loose_1_predictions.json,12,12,decision_loop,loose_1,Loose-1,policy_sweep,What percentage of the population was Caucasian in 1940?,ANSWER,0,1,2,2,RERANK,RETRIEVE_MORE,1,5,3.0%,0.3739,0.1475,0.0209,0.0,0.2645,0.4185,0.1645,0.9463,0.8525,0.3362,0.8147,0.8525,0.6261,0.6638
phase5_D_loose_1_predictions.json,12,12,decision_loop,loose_1,Loose-1,policy_sweep,What percentage of the population was Caucasian in 1940?,ANSWER,0,1,3,3,RETRIEVE_MORE,RERANK,1,3,3.0%,0.5115,0.1475,0.0111,0.0,0.3174,0.4107,0.2174,0.9266,0.8525,0.3601,0.8036,0.8525,0.4885,0.6399
phase5_D_loose_1_predictions.json,12,12,decision_loop,loose_1,Loose-1,policy_sweep,What percentage of the population was Caucasian in 1940?,ANSWER,0,1,4,4,STOP,RETRIEVE_MORE,0,5,3.0%,0.3707,0.1475,0.0,0.0,0.2565,0.2884,0.0565,0.942,0.8525,0.3023,0.824,0.8525,0.6293,0.6977
phase5_D_loose_1_predictions.json,13,13,decision_loop,loose_1,Loose-1,policy_sweep,In what year was Columbia University chartered?,ANSWER,0,1,1,1,RETRIEVE_MORE,,2,3,1950,0.5368,0.1087,0.1396,0.1087,0.2773,0.607,0.2773,0.8777,0.8913,0.2025,0.8604,0.8913,0.4632,0.7975
phase5_D_loose_1_predictions.json,13,13,decision_loop,loose_1,Loose-1,policy_sweep,In what year was Columbia University chartered?,ANSWER,0,1,2,2,RERANK,RETRIEVE_MORE,1,5,1950,0.3486,0.1087,0.0108,0.0,0.2272,0.4267,0.1272,0.9421,0.8913,0.2815,0.8496,0.8913,0.6514,0.7185
phase5_D_loose_1_predictions.json,13,13,decision_loop,loose_1,Loose-1,policy_sweep,In what year was Columbia University chartered?,ANSWER,0,1,3,3,STOP,RERANK,1,3,1950,0.4432,0.1087,0.0024,0.0,0.2665,0.4225,0.1665,0.9763,0.8913,0.3123,0.8472,0.8913,0.5568,0.6877
phase5_D_loose_1_predictions.json,14,14,decision_loop,loose_1,Loose-1,policy_sweep,"What is the owner, tenant or manager of a pub known as?",ANSWER,1,1,1,1,RETRIEVE_MORE,,2,3,pub landlord,0.6605,0.2893,0.3294,0.2893,0.4574,0.6165,0.4574,0.7968,0.7107,0.4802,0.6706,0.7107,0.3395,0.5198
phase5_D_loose_1_predictions.json,14,14,decision_loop,loose_1,Loose-1,policy_sweep,"What is the owner, tenant or manager of a pub known as?",ANSWER,1,1,2,2,ANSWER,RETRIEVE_MORE,1,5,pub landlord,0.5128,0.2893,0.0028,0.0,0.4142,0.3599,0.3142,0.8468,0.7107,0.5228,0.6679,0.7107,0.4872,0.4772
phase5_D_loose_1_predictions.json,15,15,decision_loop,loose_1,Loose-1,policy_sweep,How many people signed a petition in protest of Everton FC's crest redesign in 2013?,ANSWER,0,1,1,1,RETRIEVE_MORE,,2,3,"22,000",0.7013,0.1645,0.227,0.1645,0.4,0.6114,0.4,0.8797,0.8355,0.4025,0.773,0.8355,0.2987,0.5975
phase5_D_loose_1_predictions.json,15,15,decision_loop,loose_1,Loose-1,policy_sweep,How many people signed a petition in protest of Everton FC's crest redesign in 2013?,ANSWER,0,1,2,2,STOP,RETRIEVE_MORE,1,5,"22,000",0.4969,0.1645,0.0,0.0,0.32,0.4045,0.22,0.9439,0.8355,0.3604,0.7984,0.8355,0.5031,0.6396
phase5_D_loose_1_predictions.json,16,16,decision_loop,loose_1,Loose-1,policy_sweep,What did Griffith's tool help increase?,ANSWER,1,1,1,1,RETRIEVE_MORE,,2,3,transparency,0.4171,0.0978,0.0817,0.0978,0.2097,0.6105,0.2097,0.9838,0.9022,0.0986,0.9183,0.9022,0.5829,0.9014
phase5_D_loose_1_predictions.json,16,16,decision_loop,loose_1,Loose-1,policy_sweep,What did Griffith's tool help increase?,ANSWER,1,1,2,2,RERANK,RETRIEVE_MORE,1,5,transparency,0.2972,0.0978,0.0391,0.0,0.1921,0.4483,0.0921,0.971,0.9022,0.2203,0.8792,0.9022,0.7028,0.7797
phase5_D_loose_1_predictions.json,16,16,decision_loop,loose_1,Loose-1,policy_sweep,What did Griffith's tool help increase?,ANSWER,1,1,3,3,STOP,RERANK,1,3,transparency,0.4171,0.0978,0.0059,0.0,0.2397,0.433,0.1397,0.9838,0.9022,0.2486,0.8733,0.9022,0.5829,0.7514
phase5_D_loose_1_predictions.json,17,17,decision_loop,loose_1,Loose-1,policy_sweep,Where do samurais' teachings live on?,ANSWER,0,1,1,1,RERANK,,2,3,lichens,0.3704,0.0784,0.0506,0.0784,0.172,0.6137,0.172,0.996,0.9216,0.0351,0.9494,0.9216,0.6296,0.9649
phase5_D_loose_1_predictions.json,17,17,decision_loop,loose_1,Loose-1,policy_sweep,Where do samurais' teachings live on?,ANSWER,0,1,2,2,RETRIEVE_MORE,RERANK,2,3,lichens,0.4207,0.0933,0.0622,0.0148,0.2281,0.5854,0.2281,0.961,0.9067,0.1945,0.8872,0.9067,0.5793,0.8055
phase5_D_loose_1_predictions.json,17,17,decision_loop,loose_1,Loose-1,policy_sweep,Where do samurais' teachings live on?,ANSWER,0,1,3,3,RERANK,RETRIEVE_MORE,1,5,lichens,0.2795,0.0933,0.0,0.0,0.1757,0.4381,0.0757,0.9756,0.9067,0.1795,0.8946,0.9067,0.7205,0.8205
phase5_D_loose_1_predictions.json,17,17,decision_loop,loose_1,Loose-1,policy_sweep,Where do samurais' teachings live on?,ANSWER,0,1,4,4,STOP,RERANK,1,3,lichens,0.3732,0.0933,0.0,0.0,0.2105,0.4385,0.1105,0.9956,0.9067,0.1894,0.8957,0.9067,0.6268,0.8106
phase5_D_loose_1_predictions.json,18,18,decision_loop,loose_1,Loose-1,policy_sweep,How many years does the term of a Richmond city council representative last?,ANSWER,0,1,1,1,RETRIEVE_MORE,,2,3,4,0.5119,0.2008,0.1698,0.2008,0.3017,0.6209,0.3017,0.8945,0.7992,0.161,0.8302,0.7992,0.4881,0.839
phase5_D_loose_1_predictions.json,18,18,decision_loop,loose_1,Loose-1,policy_sweep,How many years does the term of a Richmond city council representative last?,ANSWER,0,1,2,2,RERANK,RETRIEVE_MORE,1,5,4,0.384,0.2008,0.029,0.0,0.2789,0.417,0.1789,0.9144,0.7992,0.2708,0.8012,0.7992,0.616,0.7292
phase5_D_loose_1_predictions.json,18,18,decision_loop,loose_1,Loose-1,policy_sweep,How many years does the term of a Richmond city council representative last?,ANSWER,0,1,3,3,STOP,RERANK,1,3,4,0.4318,0.2008,0.0,0.0,0.2862,0.4138,0.1862,0.9631,0.7992,0.2236,0.8251,0.7992,0.5682,0.7764
phase5_D_loose_1_predictions.json,19,19,decision_loop,loose_1,Loose-1,policy_sweep,When did an investigation occur under school casualties?,ANSWER,1,1,1,1,RETRIEVE_MORE,,2,3,december 2008,0.4199,0.0844,0.0837,0.0844,0.2107,0.6045,0.2107,0.9852,0.9156,0.1286,0.9163,0.9156,0.5801,0.8714
phase5_D_loose_1_predictions.json,19,19,decision_loop,loose_1,Loose-1,policy_sweep,When did an investigation occur under school casualties?,ANSWER,1,1,2,2,RERANK,RETRIEVE_MORE,1,5,december 2008,0.2883,0.0844,0.0341,0.0,0.1865,0.4474,0.0865,0.9792,0.9156,0.2383,0.8822,0.9156,0.7117,0.7617
phase5_D_loose_1_predictions.json,19,19,decision_loop,loose_1,Loose-1,policy_sweep,When did an investigation occur under school casualties?,ANSWER,1,1,3,3,RETRIEVE_MORE,RERANK,1,3,december 2008,0.4199,0.0844,0.0109,0.0,0.2407,0.4343,0.1407,0.9852,0.9156,0.2786,0.8713,0.9156,0.5801,0.7214
phase5_D_loose_1_predictions.json,19,19,decision_loop,loose_1,Loose-1,policy_sweep,When did an investigation occur under school casualties?,ANSWER,1,1,4,4,STOP,RETRIEVE_MORE,0,5,december 2008,0.2883,0.0844,0.0,0.0,0.1865,0.3088,-0.0135,0.9792,0.9156,0.2383,0.8822,0.9156,0.7117,0.7617
phase5_D_loose_1_predictions.json,20,20,decision_loop,loose_1,Loose-1,policy_sweep,How did Liang Ji die?,ANSWER,0,1,1,1,RETRIEVE_MORE,,2,3,killed after deng mengnü resisted liang ji's attempts to control her,0.5017,0.0861,0.1241,0.0861,0.2609,0.6062,0.2609,0.9439,0.9139,0.2329,0.8759,0.9139,0.4983,0.7671
phase5_D_loose_1_predictions.json,20,20,decision_loop,loose_1,Loose-1,policy_sweep,How did Liang Ji die?,ANSWER,0,1,2,2,RETRIEVE_MORE,RETRIEVE_MORE,1,5,killed after deng mengnü resisted liang ji's attempts to control her,0.413,0.0861,0.0443,0.0,0.2516,0.4338,0.1516,0.8859,0.9139,0.3417,0.8316,0.9139,0.587,0.6583
phase5_D_loose_1_predictions.json,20,20,decision_loop,loose_1,Loose-1,policy_sweep,How did Liang Ji die?,ANSWER,0,1,3,3,STOP,RETRIEVE_MORE,0,5,killed after deng mengnü resisted liang ji's attempts to control her,0.3763,0.0861,0.0,0.0,0.2283,0.2998,0.0283,0.9315,0.9139,0.2893,0.8565,0.9139,0.6237,0.7107
phase5_D_loose_1_predictions.json,21,21,decision_loop,loose_1,Loose-1,policy_sweep,Who supported the reaction against the government?,ANSWER,1,1,1,1,RETRIEVE_MORE,,2,3,durango,0.5666,0.2014,0.223,0.2014,0.3566,0.6111,0.3566,0.8956,0.7986,0.338,0.777,0.7986,0.4334,0.662
phase5_D_loose_1_predictions.json,21,21,decision_loop,loose_1,Loose-1,policy_sweep,Who supported the reaction against the government?,ANSWER,1,1,2,2,RETRIEVE_MORE,RETRIEVE_MORE,1,5,durango,0.4236,0.2014,0.0162,0.0,0.3194,0.3978,0.2194,0.9116,0.7986,0.4027,0.7608,0.7986,0.5764,0.5973
phase5_D_loose_1_predictions.json,21,21,decision_loop,loose_1,Loose-1,policy_sweep,Who supported the reaction against the government?,ANSWER,1,1,3,3,ANSWER,RETRIEVE_MORE,0,5,durango,0.42,0.2014,0.0052,0.0,0.314,0.2705,0.114,0.9102,0.7986,0.3818,0.7668,0.7986,0.58,0.6182
phase5_D_loose_1_predictions.json,22,22,decision_loop,loose_1,Loose-1,policy_sweep,What influences role of minority leader?,ANSWER,1,1,1,1,RETRIEVE_MORE,,2,3,more partisan nature of the house,0.4117,0.1348,0.0833,0.1348,0.2104,0.6248,0.2104,0.9627,0.8652,0.0281,0.9167,0.8652,0.5883,0.9719
phase5_D_loose_1_predictions.json,22,22,decision_loop,loose_1,Loose-1,policy_sweep,What influences role of minority leader?,ANSWER,1,1,2,2,RERANK,RETRIEVE_MORE,1,5,more partisan nature of the house,0.2603,0.1348,0.0382,0.0,0.1853,0.4477,0.0853,0.9813,0.8652,0.1678,0.8785,0.8652,0.7397,0.8322
phase5_D_loose_1_predictions.json,22,22,decision_loop,loose_1,Loose-1,policy_sweep,What influences role of minority leader?,ANSWER,1,1,3,3,RETRIEVE_MORE,RERANK,1,3,personality and contextual factors,0.3734,0.154,0.0,0.0191,0.2093,0.4506,0.1093,0.9962,0.846,0.0464,0.9083,0.846,0.6266,0.9536
phase5_D_loose_1_predictions.json,22,22,decision_loop,loose_1,Loose-1,policy_sweep,What influences role of minority leader?,ANSWER,1,1,4,4,STOP,RETRIEVE_MORE,0,5,personality and contextual factors,0.2818,0.154,0.049,0.0,0.2049,0.3204,0.0049,0.9592,0.846,0.185,0.8593,0.846,0.7182,0.815
phase5_D_loose_1_predictions.json,23,23,decision_loop,loose_1,Loose-1,policy_sweep,What genre was 'LA 2017'?,ANSWER,0,1,1,1,RETRIEVE_MORE,,2,3,mp3,0.473,0.1279,0.1051,0.1279,0.2268,0.6143,0.2268,0.8217,0.8721,0.0185,0.8949,0.8721,0.527,0.9815
phase5_D_loose_1_predictions.json,23,23,decision_loop,loose_1,Loose-1,policy_sweep,What genre was 'LA 2017'?,ANSWER,0,1,2,2,RERANK,RETRIEVE_MORE,1,5,mp3,0.3332,0.1279,0.0279,0.0,0.2068,0.4396,0.1068,0.8991,0.8721,0.163,0.867,0.8721,0.6668,0.837
phase5_D_loose_1_predictions.json,23,23,decision_loop,loose_1,Loose-1,policy_sweep,What genre was 'LA 2017'?,ANSWER,0,1,3,3,STOP,RERANK,1,3,mp3,0.3959,0.1279,0.0,0.0,0.2292,0.4334,0.1292,0.9734,0.8721,0.1655,0.8811,0.8721,0.6041,0.8345
phase5_D_loose_1_predictions.json,24,24,decision_loop,loose_1,Loose-1,policy_sweep,Who had issues with JFK's proposal?,ANSWER,1,1,1,1,RETRIEVE_MORE,,2,3,naacp,0.4797,0.1078,0.1236,0.1078,0.2572,0.6062,0.2572,0.9576,0.8922,0.2039,0.8764,0.8922,0.5203,0.7961
phase5_D_loose_1_predictions.json,24,24,decision_loop,loose_1,Loose-1,policy_sweep,Who had issues with JFK's proposal?,ANSWER,1,1,2,2,RERANK,RETRIEVE_MORE,1,5,naacp,0.3389,0.1078,0.0262,0.0,0.2259,0.4331,0.1259,0.9618,0.8922,0.2941,0.8502,0.8922,0.6611,0.7059
phase5_D_loose_1_predictions.json,24,24,decision_loop,loose_1,Loose-1,policy_sweep,Who had issues with JFK's proposal?,ANSWER,1,1,3,3,RETRIEVE_MORE,RERANK,1,3,naacp,0.4797,0.1078,0.0188,0.0,0.2872,0.4235,0.1872,0.9576,0.8922,0.3539,0.8314,0.8922,0.5203,0.6461
phase5_D_loose_1_predictions.json,24,24,decision_loop,loose_1,Loose-1,policy_sweep,Who had issues with JFK's proposal?,ANSWER,1,1,4,4,STOP,RETRIEVE_MORE,0,5,naacp,0.3389,0.1078,0.0,0.0,0.2259,0.2976,0.0259,0.9618,0.8922,0.2941,0.8502,0.8922,0.6611,0.7059
phase5_D_loose_1_predictions.json,25,25,decision_loop,loose_1,Loose-1,policy_sweep,What does CATOBAR allow for?,ANSWER,0,1,1,1,RETRIEVE_MORE,,2,3,catobar recovery,0.539,0.1252,0.1554,0.1252,0.2938,0.6078,0.2938,0.9026,0.8748,0.2443,0.8446,0.8748,0.461,0.7557
phase5_D_loose_1_predictions.json,25,25,decision_loop,loose_1,Loose-1,policy_sweep,What does CATOBAR allow for?,ANSWER,0,1,2,2,RERANK,RETRIEVE_MORE,1,5,catobar recovery,0.3835,0.1252,0.0174,0.0,0.2553,0.4215,0.1553,0.935,0.8748,0.3238,0.8273,0.8748,0.6165,0.6762
phase5_D_loose_1_predictions.json,25,25,decision_loop,loose_1,Loose-1,policy_sweep,What does CATOBAR allow for?,ANSWER,0,1,3,3,RETRIEVE_MORE,RERANK,1,3,catobar recovery,0.4922,0.1252,0.0117,0.0,0.3032,0.4151,0.2032,0.9504,0.8748,0.3731,0.8156,0.8748,0.5078,0.6269
phase5_D_loose_1_predictions.json,25,25,decision_loop,loose_1,Loose-1,policy_sweep,What does CATOBAR allow for?,ANSWER,0,1,4,4,STOP,RETRIEVE_MORE,0,5,catobar recovery,0.3797,0.1252,0.0,0.0,0.2536,0.2895,0.0536,0.9317,0.8748,0.3221,0.8271,0.8748,0.6203,0.6779
phase5_D_loose_1_predictions.json,26,26,decision_loop,loose_1,Loose-1,policy_sweep,Where were these forts commonly built?,ANSWER,0,1,1,1,RETRIEVE_MORE,,2,3,the swedes,0.4311,0.0863,0.0712,0.0863,0.2032,0.6096,0.2032,0.9609,0.9137,0.0674,0.9288,0.9137,0.5689,0.9326
phase5_D_loose_1_predictions.json,26,26,decision_loop,loose_1,Loose-1,policy_sweep,Where were these forts commonly built?,ANSWER,0,1,2,2,RERANK,RETRIEVE_MORE,1,5,the swedes,0.3046,0.0863,0.0385,0.0,0.185,0.452,0.085,0.9638,0.9137,0.1976,0.8903,0.9137,0.6954,0.8024
phase5_D_loose_1_predictions.json,26,26,decision_loop,loose_1,Loose-1,policy_sweep,Where were these forts commonly built?,ANSWER,0,1,3,3,STOP,RERANK,1,3,the swedes,0.4012,0.0863,0.0001,0.0,0.2218,0.4366,0.1218,0.9862,0.9137,0.2127,0.8903,0.9137,0.5988,0.7873
phase5_D_loose_1_predictions.json,27,27,decision_loop,loose_1,Loose-1,policy_sweep,What bacteria is an exception to single circular chromosome rule?,ANSWER,0,1,1,1,RETRIEVE_MORE,,2,3,borrelia burgdorferi,0.5601,0.1645,0.2023,0.1645,0.337,0.6101,0.337,0.9018,0.8355,0.3345,0.7977,0.8355,0.4399,0.6655
phase5_D_loose_1_predictions.json,27,27,decision_loop,loose_1,Loose-1,policy_sweep,What bacteria is an exception to single circular chromosome rule?,ANSWER,0,1,2,2,RETRIEVE_MORE,RETRIEVE_MORE,1,5,borrelia burgdorferi,0.4324,0.1645,0.0211,0.0,0.307,0.4053,0.207,0.9069,0.8355,0.4083,0.7766,0.8355,0.5676,0.5917
phase5_D_loose_1_predictions.json,27,27,decision_loop,loose_1,Loose-1,policy_sweep,What bacteria is an exception to single circular chromosome rule?,ANSWER,0,1,3,3,ANSWER,RETRIEVE_MORE,0,5,borrelia burgdorferi,0.4308,0.1645,0.0119,0.0,0.3063,0.2766,0.1063,0.9063,0.8355,0.4073,0.7768,0.8355,0.5692,0.5927
phase5_D_loose_1_predictions.json,28,28,decision_loop,loose_1,Loose-1,policy_sweep,Who made up most unions between Europeans and natives?,ANSWER,0,1,1,1,RETRIEVE_MORE,,2,3,africans,0.5093,0.0925,0.1344,0.0925,0.2707,0.6067,0.2707,0.94,0.9075,0.2539,0.8656,0.9075,0.4907,0.7461
phase5_D_loose_1_predictions.json,28,28,decision_loop,loose_1,Loose-1,policy_sweep,Who made up most unions between Europeans and natives?,ANSWER,0,1,2,2,RERANK,RETRIEVE_MORE,1,5,africans,0.3444,0.0925,0.0139,0.0,0.2254,0.4286,0.1254,0.9635,0.9075,0.3159,0.8517,0.9075,0.6556,0.6841
phase5_D_loose_1_predictions.json,28,28,decision_loop,loose_1,Loose-1,policy_sweep,Who made up most unions between Europeans and natives?,ANSWER,0,1,3,3,STOP,RERANK,1,3,africans,0.4454,0.0925,0.0,0.0,0.2504,0.4287,0.1504,0.9658,0.9075,0.2643,0.8676,0.9075,0.5546,0.7357
phase5_D_loose_1_predictions.json,29,29,decision_loop,loose_1,Loose-1,policy_sweep,What did the Guardian name her?,ANSWER,0,1,1,1,RERANK,,2,3,beyoncé,0.3576,0.1055,0.0628,0.1055,0.1792,0.6202,0.1792,0.9988,0.8945,0.0328,0.9372,0.8945,0.6424,0.9672
phase5_D_loose_1_predictions.json,29,29,decision_loop,loose_1,Loose-1,policy_sweep,What did the Guardian name her?,ANSWER,0,1,2,2,RETRIEVE_MORE,RERANK,2,3,beyoncé,0.4277,0.1312,0.0734,0.0257,0.2505,0.5817,0.2505,0.9604,0.8688,0.2089,0.8638,0.8688,0.5723,0.7911
phase5_D_loose_1_predictions.json,29,29,decision_loop,loose_1,Loose-1,policy_sweep,What did the Guardian name her?,ANSWER,0,1,3,3,RERANK,RETRIEVE_MORE,1,5,beyoncé,0.3084,0.1312,0.0,0.0,0.2055,0.4284,0.1055,0.9513,0.8688,0.1924,0.8669,0.8688,0.6916,0.8076
phase5_D_loose_1_predictions.json,29,29,decision_loop,loose_1,Loose-1,policy_sweep,What did the Guardian name her?,ANSWER,0,1,4,4,STOP,RERANK,1,3,beyoncé,0.3884,0.1312,0.0,0.0,0.2357,0.4301,0.1357,0.9914,0.8688,0.2034,0.8717,0.8688,0.6116,0.7966
phase5_D_loose_1_predictions.json,30,30,decision_loop,loose_1,Loose-1,policy_sweep,The lower regions and larger towns of the Alps are well-served by what?,ANSWER,0,1,1,1,RETRIEVE_MORE,,2,3,motorways and main roads,0.4726,0.1368,0.1366,0.1368,0.2674,0.6069,0.2674,0.9622,0.8632,0.2023,0.8634,0.8632,0.5274,0.7977
phase5_D_loose_1_predictions.json,30,30,decision_loop,loose_1,Loose-1,policy_sweep,The lower regions and larger towns of the Alps are well-served by what?,ANSWER,0,1,2,2,RERANK,RETRIEVE_MORE,1,5,motorways and main roads,0.3581,0.1368,0.0385,0.0,0.2475,0.4291,0.1475,0.9213,0.8632,0.3033,0.8249,0.8632,0.6419,0.6967
phase5_D_loose_1_predictions.json,30,30,decision_loop,loose_1,Loose-1,policy_sweep,The lower regions and larger towns of the Alps are well-served by what?,ANSWER,0,1,3,3,STOP,RERANK,1,3,motorways and main roads,0.4726,0.1368,0.0065,0.0,0.2974,0.414,0.1974,0.9622,0.8632,0.3523,0.8184,0.8632,0.5274,0.6477
phase5_D_loose_1_predictions.json,31,31,decision_loop,loose_1,Loose-1,policy_sweep,What does the French constitution state for the language in Aslace?,ANSWER,0,1,1,1,RERANK,,2,3,standardisation of dutch language,0.3588,0.0815,0.0446,0.0815,0.1644,0.617,0.1644,0.9965,0.9185,0.0105,0.9554,0.9185,0.6412,0.9895
phase5_D_loose_1_predictions.json,31,31,decision_loop,loose_1,Loose-1,policy_sweep,What does the French constitution state for the language in Aslace?,ANSWER,0,1,2,2,RETRIEVE_MORE,RERANK,2,3,standardisation of dutch language,0.3588,0.0815,0.045,0.0,0.1944,0.5866,0.1944,0.9965,0.9185,0.1605,0.9104,0.9185,0.6412,0.8395
phase5_D_loose_1_predictions.json,31,31,decision_loop,loose_1,Loose-1,policy_sweep,What does the French constitution state for the language in Aslace?,ANSWER,0,1,3,3,RERANK,RETRIEVE_MORE,1,5,standardisation of dutch language,0.2648,0.0815,0.0041,0.0,0.1609,0.4438,0.0609,0.9721,0.9185,0.1577,0.9064,0.9185,0.7352,0.8423
phase5_D_loose_1_predictions.json,31,31,decision_loop,loose_1,Loose-1,policy_sweep,What does the French constitution state for the language in Aslace?,ANSWER,0,1,4,4,STOP,RERANK,1,3,standardisation of dutch language,0.3588,0.0815,0.0,0.0,0.1944,0.4436,0.0944,0.9965,0.9185,0.1605,0.9104,0.9185,0.6412,0.8395
phase5_D_loose_1_predictions.json,32,32,decision_loop,loose_1,Loose-1,policy_sweep,Which BYU building features films in several languages?,ANSWER,1,1,1,1,RETRIEVE_MORE,,2,3,international cinema,0.5971,0.1829,0.228,0.1829,0.3641,0.6114,0.3641,0.8633,0.8171,0.3641,0.772,0.8171,0.4029,0.6359
phase5_D_loose_1_predictions.json,32,32,decision_loop,loose_1,Loose-1,policy_sweep,Which BYU building features films in several languages?,ANSWER,1,1,2,2,STOP,RETRIEVE_MORE,1,5,international cinema,0.4362,0.1829,0.0065,0.0,0.3181,0.3955,0.2181,0.9086,0.8171,0.4159,0.7655,0.8171,0.5638,0.5841
phase5_D_loose_1_predictions.json,33,33,decision_loop,loose_1,Loose-1,policy_sweep,What has helped geneologists researching slaves?,ANSWER,0,1,1,1,RERANK,,2,3,slave ships stopping at ports such as charleston,0.3812,0.0605,0.051,0.0605,0.1739,0.6063,0.1739,0.9953,0.9395,0.0661,0.949,0.9395,0.6188,0.9339
phase5_D_loose_1_predictions.json,33,33,decision_loop,loose_1,Loose-1,policy_sweep,What has helped geneologists researching slaves?,ANSWER,0,1,2,2,RETRIEVE_MORE,RERANK,2,3,slave ships stopping at ports such as charleston,0.3812,0.0605,0.045,0.0,0.2039,0.5844,0.2039,0.9953,0.9395,0.2161,0.904,0.9395,0.6188,0.7839
phase5_D_loose_1_predictions.json,33,33,decision_loop,loose_1,Loose-1,policy_sweep,What has helped geneologists researching slaves?,ANSWER,0,1,3,3,RERANK,RETRIEVE_MORE,1,5,slave ships stopping at ports such as charleston,0.2492,0.0605,0.0,0.0,0.1497,0.4449,0.0497,0.9851,0.9395,0.1762,0.9139,0.9395,0.7508,0.8238
phase5_D_loose_1_predictions.json,33,33,decision_loop,loose_1,Loose-1,policy_sweep,What has helped geneologists researching slaves?,ANSWER,0,1,4,4,RETRIEVE_MORE,RERANK,1,3,treaties,0.4298,0.0777,0.0,0.0172,0.2044,0.4565,0.1044,0.9738,0.9223,0.0951,0.9274,0.9223,0.5702,0.9049
phase5_D_loose_1_predictions.json,33,33,decision_loop,loose_1,Loose-1,policy_sweep,What has helped geneologists researching slaves?,ANSWER,0,1,5,5,STOP,RETRIEVE_MORE,0,5,treaties,0.3086,0.0777,0.0385,0.0,0.1866,0.3265,-0.0134,0.9662,0.9223,0.2183,0.8889,0.9223,0.6914,0.7817
phase5_D_loose_1_predictions.json,34,34,decision_loop,loose_1,Loose-1,policy_sweep,When did the first free election take place?,ANSWER,1,1,1,1,RETRIEVE_MORE,,2,3,1492,0.5376,0.1743,0.1911,0.1743,0.3252,0.6096,0.3252,0.9194,0.8257,0.2929,0.8089,0.8257,0.4624,0.7071
phase5_D_loose_1_predictions.json,34,34,decision_loop,loose_1,Loose-1,policy_sweep,When did the first free election take place?,ANSWER,1,1,2,2,RETRIEVE_MORE,RETRIEVE_MORE,1,5,1492,0.4015,0.1743,0.0208,0.0,0.2927,0.4091,0.1927,0.9292,0.8257,0.3687,0.7881,0.8257,0.5985,0.6313
phase5_D_loose_1_predictions.json,34,34,decision_loop,loose_1,Loose-1,policy_sweep,When did the first free election take place?,ANSWER,1,1,3,3,ANSWER,RETRIEVE_MORE,0,5,1492,0.3995,0.1743,0.0089,0.0,0.2918,0.2794,0.0918,0.9279,0.8257,0.3677,0.7881,0.8257,0.6005,0.6323
phase5_D_loose_1_predictions.json,35,35,decision_loop,loose_1,Loose-1,policy_sweep,Of what discipline is ethology a branch?,ANSWER,1,1,1,1,RETRIEVE_MORE,,2,3,zoology,0.451,0.1628,0.135,0.1628,0.2631,0.6179,0.2631,0.972,0.8372,0.16,0.865,0.8372,0.549,0.84
phase5_D_loose_1_predictions.json,35,35,decision_loop,loose_1,Loose-1,policy_sweep,Of what discipline is ethology a branch?,ANSWER,1,1,2,2,RERANK,RETRIEVE_MORE,1,5,zoology,0.3276,0.1628,0.0111,0.0,0.2288,0.4283,0.1288,0.9829,0.8372,0.2041,0.8539,0.8372,0.6724,0.7959
phase5_D_loose_1_predictions.json,35,35,decision_loop,loose_1,Loose-1,policy_sweep,Of what discipline is ethology a branch?,ANSWER,1,1,3,3,RETRIEVE_MORE,RERANK,1,3,zoology,0.451,0.1628,0.0339,0.0,0.2931,0.4256,0.1931,0.972,0.8372,0.31,0.82,0.8372,0.549,0.69
phase5_D_loose_1_predictions.json,35,35,decision_loop,loose_1,Loose-1,policy_sweep,Of what discipline is ethology a branch?,ANSWER,1,1,4,4,STOP,RETRIEVE_MORE,0,5,zoology,0.3276,0.1628,0.0,0.0,0.2288,0.2989,0.0288,0.9829,0.8372,0.2041,0.8539,0.8372,0.6724,0.7959
phase5_D_loose_1_predictions.json,36,36,decision_loop,loose_1,Loose-1,policy_sweep,What New Haven trial is known to be the longest in the history of Connecticut?,ANSWER,0,1,1,1,RERANK,,2,3,bridgeport,0.3993,0.1679,0.1099,0.1679,0.2313,0.6287,0.2313,0.9902,0.8321,0.0799,0.8901,0.8321,0.6007,0.9201
phase5_D_loose_1_predictions.json,36,36,decision_loop,loose_1,Loose-1,policy_sweep,What New Haven trial is known to be the longest in the history of Connecticut?,ANSWER,0,1,2,2,RETRIEVE_MORE,RERANK,2,3,bridgeport,0.3893,0.1679,0.0269,0.0,0.244,0.5629,0.244,0.9778,0.8321,0.1611,0.8633,0.8321,0.6107,0.8389
phase5_D_loose_1_predictions.json,36,36,decision_loop,loose_1,Loose-1,policy_sweep,What New Haven trial is known to be the longest in the history of Connecticut?,ANSWER,0,1,3,3,RERANK,RETRIEVE_MORE,1,5,bridgeport,0.2686,0.1679,0.0,0.0,0.2011,0.4276,0.1011,0.9787,0.8321,0.1576,0.8645,0.8321,0.7314,0.8424
phase5_D_loose_1_predictions.json,36,36,decision_loop,loose_1,Loose-1,policy_sweep,What New Haven trial is known to be the longest in the history of Connecticut?,ANSWER,0,1,4,4,STOP,RERANK,1,3,bridgeport,0.3893,0.1679,0.0012,0.0,0.244,0.4276,0.144,0.9778,0.8321,0.1611,0.8633,0.8321,0.6107,0.8389
phase5_D_loose_1_predictions.json,37,37,decision_loop,loose_1,Loose-1,policy_sweep,In what periodical was the new sovereign status of the Russian Federation first published?,ANSWER,1,1,1,1,RETRIEVE_MORE,,2,3,rossiyskaya gazeta,0.5032,0.1608,0.1678,0.1608,0.2993,0.6084,0.2993,0.9444,0.8392,0.2543,0.8322,0.8392,0.4968,0.7457
phase5_D_loose_1_predictions.json,37,37,decision_loop,loose_1,Loose-1,policy_sweep,In what periodical was the new sovereign status of the Russian Federation first published?,ANSWER,1,1,2,2,RERANK,RETRIEVE_MORE,1,5,rossiyskaya gazeta,0.3688,0.1608,0.0249,0.0,0.2687,0.4175,0.1687,0.9432,0.8392,0.3364,0.8073,0.8392,0.6312,0.6636
phase5_D_loose_1_predictions.json,37,37,decision_loop,loose_1,Loose-1,policy_sweep,In what periodical was the new sovereign status of the Russian Federation first published?,ANSWER,1,1,3,3,RETRIEVE_MORE,RERANK,1,3,rossiyskaya gazeta,0.5032,0.1608,0.0201,0.0,0.3293,0.4086,0.2293,0.9444,0.8392,0.4043,0.7872,0.8392,0.4968,0.5957
phase5_D_loose_1_predictions.json,37,37,decision_loop,loose_1,Loose-1,policy_sweep,In what periodical was the new sovereign status of the Russian Federation first published?,ANSWER,1,1,4,4,STOP,RETRIEVE_MORE,0,5,rossiyskaya gazeta,0.3688,0.1608,0.0,0.0,0.2687,0.2826,0.0687,0.9432,0.8392,0.3364,0.8073,0.8392,0.6312,0.6636
phase5_D_loose_1_predictions.json,38,38,decision_loop,loose_1,Loose-1,policy_sweep,The first ship to carry a human through space was called what?,ANSWER,0,1,1,1,RETRIEVE_MORE,,2,3,tardis,0.4063,0.1055,0.0872,0.1055,0.2112,0.6117,0.2112,0.9894,0.8945,0.1077,0.9128,0.8945,0.5937,0.8923
phase5_D_loose_1_predictions.json,38,38,decision_loop,loose_1,Loose-1,policy_sweep,The first ship to carry a human through space was called what?,ANSWER,0,1,2,2,RERANK,RETRIEVE_MORE,1,5,tardis,0.2861,0.1055,0.0375,0.0,0.1928,0.4464,0.0928,0.979,0.8945,0.2258,0.8753,0.8945,0.7139,0.7742
phase5_D_loose_1_predictions.json,38,38,decision_loop,loose_1,Loose-1,policy_sweep,The first ship to carry a human through space was called what?,ANSWER,0,1,3,3,RETRIEVE_MORE,RERANK,1,3,tardis,0.4816,0.1321,0.0435,0.0266,0.2879,0.4335,0.1879,0.9385,0.8679,0.2997,0.8318,0.8679,0.5184,0.7003
phase5_D_loose_1_predictions.json,38,38,decision_loop,loose_1,Loose-1,policy_sweep,The first ship to carry a human through space was called what?,ANSWER,0,1,4,4,STOP,RETRIEVE_MORE,0,5,tardis,0.3445,0.1321,0.0,0.0,0.2314,0.2964,0.0314,0.9508,0.8679,0.2571,0.847,0.8679,0.6555,0.7429
phase5_D_loose_1_predictions.json,39,39,decision_loop,loose_1,Loose-1,policy_sweep,What is an alloy?,ANSWER,0,1,1,1,RETRIEVE_MORE,,2,3,alloys,0.4483,0.1009,0.0915,0.1009,0.2246,0.6083,0.2246,0.9618,0.8991,0.1116,0.9085,0.8991,0.5517,0.8884
phase5_D_loose_1_predictions.json,39,39,decision_loop,loose_1,Loose-1,policy_sweep,What is an alloy?,ANSWER,0,1,2,2,RERANK,RETRIEVE_MORE,1,5,alloys,0.3072,0.1009,0.0324,0.0,0.1982,0.4446,0.0982,0.9723,0.8991,0.2265,0.8761,0.8991,0.6928,0.7735
phase5_D_loose_1_predictions.json,39,39,decision_loop,loose_1,Loose-1,policy_sweep,What is an alloy?,ANSWER,0,1,3,3,RETRIEVE_MORE,RERANK,1,3,alloys,0.4843,0.1195,0.0566,0.0187,0.2979,0.4345,0.1979,0.9558,0.8805,0.3728,0.8195,0.8805,0.5157,0.6272
phase5_D_loose_1_predictions.json,39,39,decision_loop,loose_1,Loose-1,policy_sweep,What is an alloy?,ANSWER,0,1,4,4,STOP,RETRIEVE_MORE,0,5,alloys,0.3537,0.1195,0.0,0.0,0.2401,0.293,0.0401,0.954,0.8805,0.3128,0.8372,0.8805,0.6463,0.6872
phase5_D_loose_1_predictions.json,40,40,decision_loop,loose_1,Loose-1,policy_sweep,Where was the Galilean village?,ANSWER,1,1,1,1,RETRIEVE_MORE,,2,3,nazareth,0.5174,0.1696,0.1734,0.1696,0.3075,0.6087,0.3075,0.9324,0.8304,0.2502,0.8266,0.8304,0.4826,0.7498
phase5_D_loose_1_predictions.json,40,40,decision_loop,loose_1,Loose-1,policy_sweep,Where was the Galilean village?,ANSWER,1,1,2,2,RETRIEVE_MORE,RETRIEVE_MORE,1,5,nazareth,0.4018,0.1696,0.0311,0.0,0.2858,0.4159,0.1858,0.9178,0.8304,0.3443,0.7955,0.8304,0.5982,0.6557
phase5_D_loose_1_predictions.json,40,40,decision_loop,loose_1,Loose-1,policy_sweep,Where was the Galilean village?,ANSWER,1,1,3,3,STOP,RETRIEVE_MORE,0,5,nazareth,0.3769,0.1696,0.0,0.0,0.2658,0.2853,0.0658,0.9314,0.8304,0.2876,0.8152,0.8304,0.6231,0.7124
phase5_D_loose_1_predictions.json,41,41,decision_loop,loose_1,Loose-1,policy_sweep,A fifth terminal was opened in 2008 for which UK airline?,ANSWER,0,1,1,1,RETRIEVE_MORE,,2,3,london heathrow airport,0.4387,0.1389,0.1164,0.1389,0.2443,0.6148,0.2443,0.9773,0.8611,0.1413,0.8836,0.8611,0.5613,0.8587
phase5_D_loose_1_predictions.json,41,41,decision_loop,loose_1,Loose-1,policy_sweep,A fifth terminal was opened in 2008 for which UK airline?,ANSWER,0,1,2,2,RERANK,RETRIEVE_MORE,1,5,london heathrow airport,0.3318,0.1389,0.0395,0.0,0.23,0.4362,0.13,0.9532,0.8611,0.2568,0.8442,0.8611,0.6682,0.7432
phase5_D_loose_1_predictions.json,41,41,decision_loop,loose_1,Loose-1,policy_sweep,A fifth terminal was opened in 2008 for which UK airline?,ANSWER,0,1,3,3,STOP,RERANK,1,3,london heathrow airport,0.4332,0.1389,0.0,0.0,0.2617,0.4235,0.1617,0.9682,0.8611,0.2382,0.8527,0.8611,0.5668,0.7618
phase5_D_loose_1_predictions.json,42,42,decision_loop,loose_1,Loose-1,policy_sweep,Does Florida benefit from taxes,ANSWER,0,1,1,1,RETRIEVE_MORE,,2,3,exemptions,0.5134,0.0871,0.1253,0.0871,0.2641,0.6063,0.2641,0.9304,0.9129,0.2262,0.8747,0.9129,0.4866,0.7738
phase5_D_loose_1_predictions.json,42,42,decision_loop,loose_1,Loose-1,policy_sweep,Does Florida benefit from taxes,ANSWER,0,1,2,2,RETRIEVE_MORE,RETRIEVE_MORE,1,5,exemptions,0.4189,0.0871,0.0411,0.0,0.2527,0.4332,0.1527,0.8872,0.9129,0.3346,0.8335,0.9129,0.5811,0.6654
phase5_D_loose_1_predictions.json,42,42,decision_loop,loose_1,Loose-1,policy_sweep,Does Florida benefit from taxes,ANSWER,0,1,3,3,STOP,RETRIEVE_MORE,0,5,exemptions,0.4441,0.104,0.0411,0.0169,0.2856,0.2975,0.0856,0.9,0.896,0.417,0.8029,0.896,0.5559,0.583
phase5_D_loose_1_predictions.json,43,43,decision_loop,loose_1,Loose-1,policy_sweep,What two members of city council were convicted of extortion in 2005?,ANSWER,0,1,1,1,RETRIEVE_MORE,,2,3,the mayor and 10 city council members,0.4075,0.1404,0.0834,0.1404,0.2096,0.627,0.2096,0.9626,0.8596,0.0191,0.9166,0.8596,0.5925,0.9809
phase5_D_loose_1_predictions.json,43,43,decision_loop,loose_1,Loose-1,policy_sweep,What two members of city council were convicted of extortion in 2005?,ANSWER,0,1,2,2,RERANK,RETRIEVE_MORE,1,5,the mayor and 10 city council members,0.2814,0.1404,0.0416,0.0,0.1943,0.4479,0.0943,0.9706,0.8596,0.1632,0.8749,0.8596,0.7186,0.8368
phase5_D_loose_1_predictions.json,43,43,decision_loop,loose_1,Loose-1,policy_sweep,What two members of city council were convicted of extortion in 2005?,ANSWER,0,1,3,3,RETRIEVE_MORE,RERANK,1,3,the mayor and 10 city council members,0.4372,0.1644,0.0481,0.024,0.2847,0.4336,0.1847,0.9778,0.8356,0.2884,0.8268,0.8356,0.5628,0.7116
phase5_D_loose_1_predictions.json,43,43,decision_loop,loose_1,Loose-1,policy_sweep,What two members of city council were convicted of extortion in 2005?,ANSWER,0,1,4,4,STOP,RETRIEVE_MORE,0,5,the mayor and 10 city council members,0.325,0.1644,0.0,0.0,0.2383,0.2919,0.0383,0.9601,0.8356,0.2529,0.8339,0.8356,0.675,0.7471
phase5_D_loose_1_predictions.json,44,44,decision_loop,loose_1,Loose-1,policy_sweep,What can affect how a person is treated?,ANSWER,0,1,1,1,RETRIEVE_MORE,,2,3,sexual_orientation,0.5751,0.1823,0.1986,0.1823,0.3291,0.6099,0.3291,0.8061,0.8177,0.2289,0.8014,0.8177,0.4249,0.7711
phase5_D_loose_1_predictions.json,44,44,decision_loop,loose_1,Loose-1,policy_sweep,What can affect how a person is treated?,ANSWER,0,1,2,2,RETRIEVE_MORE,RETRIEVE_MORE,1,5,sexual_orientation,0.4215,0.1823,0.0126,0.0,0.2931,0.4061,0.1931,0.8763,0.8177,0.3178,0.7888,0.8177,0.5785,0.6822
phase5_D_loose_1_predictions.json,44,44,decision_loop,loose_1,Loose-1,policy_sweep,What can affect how a person is treated?,ANSWER,0,1,3,3,STOP,RETRIEVE_MORE,0,5,sexual_orientation,0.3605,0.1823,0.0,0.0,0.2669,0.2832,0.0669,0.9411,0.8177,0.2935,0.809,0.8177,0.6395,0.7065
phase5_D_loose_1_predictions.json,45,45,decision_loop,loose_1,Loose-1,policy_sweep,What currency did the euro replace in Portugal?,ANSWER,0,1,1,1,RETRIEVE_MORE,,2,3,portuguese escudo,0.4241,0.158,0.1189,0.158,0.2439,0.6216,0.2439,0.9831,0.842,0.1216,0.8811,0.842,0.5759,0.8784
phase5_D_loose_1_predictions.json,45,45,decision_loop,loose_1,Loose-1,policy_sweep,What currency did the euro replace in Portugal?,ANSWER,0,1,2,2,RERANK,RETRIEVE_MORE,1,5,greek drachma,0.3657,0.158,0.0,0.0,0.2077,0.4382,0.1077,0.9338,0.842,0.0431,0.8948,0.842,0.6343,0.9569
phase5_D_loose_1_predictions.json,45,45,decision_loop,loose_1,Loose-1,policy_sweep,What currency did the euro replace in Portugal?,ANSWER,0,1,3,3,RETRIEVE_MORE,RERANK,1,3,portuguese escudo,0.4241,0.158,0.0137,0.0,0.2439,0.4389,0.1439,0.9831,0.842,0.1216,0.8811,0.842,0.5759,0.8784
phase5_D_loose_1_predictions.json,45,45,decision_loop,loose_1,Loose-1,policy_sweep,What currency did the euro replace in Portugal?,ANSWER,0,1,4,4,STOP,RETRIEVE_MORE,0,5,greek drachma,0.3657,0.158,0.0,0.0,0.2077,0.3132,0.0077,0.9338,0.842,0.0431,0.8948,0.842,0.6343,0.9569
phase5_D_loose_1_predictions.json,46,46,decision_loop,loose_1,Loose-1,policy_sweep,"Which Chinese suffix means ""area, district, region, ward""?",ABSTAIN,0,0,1,1,RETRIEVE_MORE,,2,3,q,0.5021,0.078,0.1035,0.078,0.2415,0.6052,0.2415,0.9078,0.922,0.1535,0.8965,0.922,0.4979,0.8465
phase5_D_loose_1_predictions.json,46,46,decision_loop,loose_1,Loose-1,policy_sweep,"Which Chinese suffix means ""area, district, region, ward""?",ABSTAIN,0,0,2,2,RERANK,RETRIEVE_MORE,1,5,q,0.3011,0.078,0.0117,0.0,0.186,0.4394,0.086,0.9606,0.922,0.2275,0.8849,0.922,0.6989,0.7725
phase5_D_loose_1_predictions.json,46,46,decision_loop,loose_1,Loose-1,policy_sweep,"Which Chinese suffix means ""area, district, region, ward""?",ABSTAIN,0,0,3,3,STOP,RERANK,1,3,jackson,0.3766,0.0798,0.0,0.0018,0.1695,0.4599,0.0695,0.9869,0.9202,0.0087,0.9549,0.9202,0.6234,0.9913
phase5_D_loose_1_predictions.json,47,47,decision_loop,loose_1,Loose-1,policy_sweep,What was another goal of the invasion of Saxony?,ANSWER,0,1,1,1,RERANK,,2,3,recapture normandy,0.3946,0.0814,0.0488,0.0814,0.1762,0.6155,0.1762,0.9708,0.9186,0.0074,0.9512,0.9186,0.6054,0.9926
phase5_D_loose_1_predictions.json,47,47,decision_loop,loose_1,Loose-1,policy_sweep,What was another goal of the invasion of Saxony?,ANSWER,0,1,2,2,RETRIEVE_MORE,RERANK,2,3,recapture normandy,0.4673,0.099,0.0988,0.0177,0.2675,0.5879,0.2675,0.9551,0.901,0.2969,0.8524,0.901,0.5327,0.7031
phase5_D_loose_1_predictions.json,47,47,decision_loop,loose_1,Loose-1,policy_sweep,What was another goal of the invasion of Saxony?,ANSWER,0,1,3,3,RERANK,RETRIEVE_MORE,1,5,recapture normandy,0.3291,0.099,0.0,0.0,0.2104,0.4285,0.1104,0.9635,0.901,0.2535,0.8672,0.901,0.6709,0.7465
phase5_D_loose_1_predictions.json,47,47,decision_loop,loose_1,Loose-1,policy_sweep,What was another goal of the invasion of Saxony?,ANSWER,0,1,4,4,STOP,RERANK,1,3,recapture normandy,0.4464,0.099,0.0093,0.0,0.2589,0.429,0.1589,0.9722,0.901,0.2904,0.8578,0.901,0.5536,0.7096
phase5_D_loose_1_predictions.json,48,48,decision_loop,loose_1,Loose-1,policy_sweep,In what year was War on the Floor released?,ANSWER,0,1,1,1,RETRIEVE_MORE,,2,3,2013,0.6326,0.1751,0.2376,0.1751,0.3722,0.6119,0.3722,0.7894,0.8249,0.3598,0.7624,0.8249,0.3674,0.6402
phase5_D_loose_1_predictions.json,48,48,decision_loop,loose_1,Loose-1,policy_sweep,In what year was War on the Floor released?,ANSWER,0,1,2,2,STOP,RETRIEVE_MORE,1,5,2013,0.4543,0.1751,0.0,0.0,0.3195,0.3929,0.2195,0.8771,0.8249,0.4084,0.7653,0.8249,0.5457,0.5916
phase5_D_loose_1_predictions.json,49,49,decision_loop,loose_1,Loose-1,policy_sweep,Who was the main opponent that began to argue that the flat canvas did not support Cubism?,ANSWER,0,1,1,1,RETRIEVE_MORE,,2,3,nasser,0.4028,0.091,0.0739,0.091,0.1994,0.6106,0.1994,0.9896,0.909,0.0876,0.9261,0.909,0.5972,0.9124
phase5_D_loose_1_predictions.json,49,49,decision_loop,loose_1,Loose-1,policy_sweep,Who was the main opponent that began to argue that the flat canvas did not support Cubism?,ANSWER,0,1,2,2,RERANK,RETRIEVE_MORE,1,5,nasser,0.2996,0.091,0.0437,0.0,0.1889,0.4513,0.0889,0.9625,0.909,0.2151,0.8825,0.909,0.7004,0.7849
phase5_D_loose_1_predictions.json,49,49,decision_loop,loose_1,Loose-1,policy_sweep,Who was the main opponent that began to argue that the flat canvas did not support Cubism?,ANSWER,0,1,3,3,RETRIEVE_MORE,RERANK,1,3,nasser,0.4634,0.1071,0.044,0.0161,0.278,0.4361,0.178,0.9669,0.8929,0.3379,0.8385,0.8929,0.5366,0.6621
phase5_D_loose_1_predictions.json,49,49,decision_loop,loose_1,Loose-1,policy_sweep,Who was the main opponent that began to argue that the flat canvas did not support Cubism?,ANSWER,0,1,4,4,STOP,RETRIEVE_MORE,0,5,nasser,0.3467,0.1071,0.0,0.0,0.2277,0.2972,0.0277,0.9491,0.8929,0.2906,0.8491,0.8929,0.6533,0.7094
phase5_E_loose_2_predictions.json,0,0,decision_loop,loose_2,Loose-2,policy_sweep,What poet wrote a long poem describing Roman religious holidays?,ANSWER,1,1,1,1,RETRIEVE_MORE,,2,3,ovid,0.6484,0.1815,0.2627,0.1815,0.3977,0.6131,0.3977,0.8082,0.8185,0.4453,0.7373,0.8185,0.3516,0.5547
phase5_E_loose_2_predictions.json,0,0,decision_loop,loose_2,Loose-2,policy_sweep,What poet wrote a long poem describing Roman religious holidays?,ANSWER,1,1,2,2,STOP,RETRIEVE_MORE,1,5,ovid,0.4733,0.1815,0.0,0.0,0.3315,0.3892,0.2315,0.8595,0.8185,0.4208,0.7549,0.8185,0.5267,0.5792
phase5_E_loose_2_predictions.json,1,1,decision_loop,loose_2,Loose-2,policy_sweep,What is the form of hydrogen and carbon called?,ANSWER,0,1,1,1,RETRIEVE_MORE,,2,3,ortho-para,0.409,0.1404,0.0941,0.1404,0.2199,0.6232,0.2199,0.9822,0.8596,0.0678,0.9059,0.8596,0.591,0.9322
phase5_E_loose_2_predictions.json,1,1,decision_loop,loose_2,Loose-2,policy_sweep,What is the form of hydrogen and carbon called?,ANSWER,0,1,2,2,RERANK,RETRIEVE_MORE,1,5,ortho-para,0.2859,0.1404,0.0404,0.0,0.2028,0.4441,0.1028,0.9746,0.8596,0.1974,0.8655,0.8596,0.7141,0.8026
phase5_E_loose_2_predictions.json,1,1,decision_loop,loose_2,Loose-2,policy_sweep,What is the form of hydrogen and carbon called?,ANSWER,0,1,3,3,RETRIEVE_MORE,RERANK,1,3,ortho-para,0.4489,0.1645,0.0475,0.0241,0.2942,0.4303,0.1942,0.9736,0.8355,0.3151,0.818,0.8355,0.5511,0.6849
phase5_E_loose_2_predictions.json,1,1,decision_loop,loose_2,Loose-2,policy_sweep,What is the form of hydrogen and carbon called?,ANSWER,0,1,4,4,STOP,RETRIEVE_MORE,0,5,ortho-para,0.3298,0.1645,0.0,0.0,0.2437,0.29,0.0437,0.9611,0.8355,0.2713,0.8286,0.8355,0.6702,0.7287
phase5_E_loose_2_predictions.json,2,2,decision_loop,loose_2,Loose-2,policy_sweep,What adjective did Lawrence Toppman use to describe Craig's portrayal of James Bond?,ANSWER,1,1,1,1,RETRIEVE_MORE,,2,3,bored,0.6383,0.3308,0.3315,0.3308,0.4592,0.6166,0.4592,0.8213,0.6692,0.4346,0.6685,0.6692,0.3617,0.5654
phase5_E_loose_2_predictions.json,2,2,decision_loop,loose_2,Loose-2,policy_sweep,What adjective did Lawrence Toppman use to describe Craig's portrayal of James Bond?,ANSWER,1,1,2,2,ANSWER,RETRIEVE_MORE,1,5,bored,0.5064,0.3308,0.0131,0.0,0.425,0.3596,0.325,0.8458,0.6692,0.4948,0.6553,0.6692,0.4936,0.5052
phase5_E_loose_2_predictions.json,3,3,decision_loop,loose_2,Loose-2,policy_sweep,To what two islands does the ferry service connect?,ANSWER,0,1,1,1,RETRIEVE_MORE,,2,3,east cowes and cowes,0.4183,0.12,0.0982,0.12,0.2239,0.6136,0.2239,0.9854,0.88,0.1175,0.9018,0.88,0.5817,0.8825
phase5_E_loose_2_predictions.json,3,3,decision_loop,loose_2,Loose-2,policy_sweep,To what two islands does the ferry service connect?,ANSWER,0,1,2,2,RERANK,RETRIEVE_MORE,1,5,east cowes and cowes,0.3123,0.12,0.0405,0.0,0.2109,0.4427,0.1109,0.9631,0.88,0.2377,0.8613,0.88,0.6877,0.7623
phase5_E_loose_2_predictions.json,3,3,decision_loop,loose_2,Loose-2,policy_sweep,To what two islands does the ferry service connect?,ANSWER,0,1,3,3,STOP,RERANK,1,3,east cowes and cowes,0.4183,0.12,0.0045,0.0,0.2539,0.4267,0.1539,0.9854,0.88,0.2675,0.8568,0.88,0.5817,0.7325
phase5_E_loose_2_predictions.json,4,4,decision_loop,loose_2,Loose-2,policy_sweep,What took the place of Mac's Xserve server?,ANSWER,1,1,1,1,RETRIEVE_MORE,,2,3,mac mini and mac pro,0.471,0.1313,0.1278,0.1313,0.2601,0.6078,0.2601,0.9609,0.8687,0.181,0.8722,0.8687,0.529,0.819
phase5_E_loose_2_predictions.json,4,4,decision_loop,loose_2,Loose-2,policy_sweep,What took the place of Mac's Xserve server?,ANSWER,1,1,2,2,RERANK,RETRIEVE_MORE,1,5,mac mini and mac pro,0.3318,0.1313,0.0281,0.0,0.2307,0.4317,0.1307,0.9649,0.8687,0.2775,0.8441,0.8687,0.6682,0.7225
phase5_E_loose_2_predictions.json,4,4,decision_loop,loose_2,Loose-2,policy_sweep,What took the place of Mac's Xserve server?,ANSWER,1,1,3,3,RETRIEVE_MORE,RERANK,1,3,mac mini and mac pro,0.471,0.1313,0.0169,0.0,0.2901,0.4213,0.1901,0.9609,0.8687,0.331,0.8272,0.8687,0.529,0.669
phase5_E_loose_2_predictions.json,4,4,decision_loop,loose_2,Loose-2,policy_sweep,What took the place of Mac's Xserve server?,ANSWER,1,1,4,4,STOP,RETRIEVE_MORE,0,5,mac mini and mac pro,0.3318,0.1313,0.0,0.0,0.2307,0.2954,0.0307,0.9649,0.8687,0.2775,0.8441,0.8687,0.6682,0.7225
phase5_E_loose_2_predictions.json,5,5,decision_loop,loose_2,Loose-2,policy_sweep,What is one example of an application that videoconferencing manufacturers have begun to offer?,ANSWER,0,1,1,1,RETRIEVE_MORE,,2,3,live and still image streaming,0.4617,0.0789,0.0852,0.0789,0.2208,0.6043,0.2208,0.9491,0.9211,0.1185,0.9148,0.9211,0.5383,0.8815
phase5_E_loose_2_predictions.json,5,5,decision_loop,loose_2,Loose-2,policy_sweep,What is one example of an application that videoconferencing manufacturers have begun to offer?,ANSWER,0,1,2,2,RERANK,RETRIEVE_MORE,1,5,live and still image streaming,0.2899,0.0789,0.0265,0.0,0.1818,0.4465,0.0818,0.9753,0.9211,0.2244,0.8883,0.9211,0.7101,0.7756
phase5_E_loose_2_predictions.json,5,5,decision_loop,loose_2,Loose-2,policy_sweep,What is one example of an application that videoconferencing manufacturers have begun to offer?,ANSWER,0,1,3,3,STOP,RERANK,1,3,live and still image streaming,0.3854,0.0789,0.0,0.0,0.2118,0.439,0.1118,0.9933,0.9211,0.2073,0.897,0.9211,0.6146,0.7927
phase5_E_loose_2_predictions.json,6,6,decision_loop,loose_2,Loose-2,policy_sweep,What are Italian dialects termed in the Italian language?,ANSWER,0,1,1,1,RETRIEVE_MORE,,2,3,dialects,0.6918,0.1319,0.2028,0.1319,0.3782,0.6101,0.3782,0.8911,0.8681,0.3837,0.7972,0.8681,0.3082,0.6163
phase5_E_loose_2_predictions.json,6,6,decision_loop,loose_2,Loose-2,policy_sweep,What are Italian dialects termed in the Italian language?,ANSWER,0,1,2,2,STOP,RETRIEVE_MORE,1,5,dialects,0.4657,0.1319,0.0018,0.0,0.304,0.4041,0.204,0.919,0.8681,0.4082,0.7954,0.8681,0.5343,0.5918
phase5_E_loose_2_predictions.json,7,7,decision_loop,loose_2,Loose-2,policy_sweep,"Along with exhibition and distribution, what business did the Universal Film Manufacturing Company engage in?",ANSWER,1,1,1,1,RETRIEVE_MORE,,2,3,movie production,0.5062,0.1815,0.1596,0.1815,0.2932,0.6168,0.2932,0.9133,0.8185,0.1715,0.8404,0.8185,0.4938,0.8285
phase5_E_loose_2_predictions.json,7,7,decision_loop,loose_2,Loose-2,policy_sweep,"Along with exhibition and distribution, what business did the Universal Film Manufacturing Company engage in?",ANSWER,1,1,2,2,RERANK,RETRIEVE_MORE,1,5,movie production,0.3761,0.1815,0.0288,0.0,0.2688,0.4206,0.1688,0.928,0.8185,0.2774,0.8116,0.8185,0.6239,0.7226
phase5_E_loose_2_predictions.json,7,7,decision_loop,loose_2,Loose-2,policy_sweep,"Along with exhibition and distribution, what business did the Universal Film Manufacturing Company engage in?",ANSWER,1,1,3,3,STOP,RERANK,1,3,movie production,0.4559,0.1815,0.0,0.0,0.2915,0.4132,0.1915,0.9474,0.8185,0.2512,0.8234,0.8185,0.5441,0.7488
phase5_E_loose_2_predictions.json,8,8,decision_loop,loose_2,Loose-2,policy_sweep,Whose life was 'Schindler's List' based on?,ANSWER,1,1,1,1,RETRIEVE_MORE,,2,3,oskar schindler,0.6628,0.2277,0.2912,0.2277,0.4236,0.6146,0.4236,0.7817,0.7723,0.4457,0.7088,0.7723,0.3372,0.5543
phase5_E_loose_2_predictions.json,8,8,decision_loop,loose_2,Loose-2,policy_sweep,Whose life was 'Schindler's List' based on?,ANSWER,1,1,2,2,STOP,RETRIEVE_MORE,1,5,oskar schindler,0.5082,0.2277,0.0,0.0,0.3613,0.3829,0.2613,0.8603,0.7723,0.4048,0.7368,0.7723,0.4918,0.5952
phase5_E_loose_2_predictions.json,9,9,decision_loop,loose_2,Loose-2,policy_sweep,In what presidential election year did Schwarzenegger make a name for himself as a prominent Republican?,ANSWER,0,1,1,1,RERANK,,2,3,2008,0.3674,0.1548,0.081,0.1548,0.1995,0.6336,0.1995,0.9919,0.8452,0.0065,0.919,0.8452,0.6326,0.9935
phase5_E_loose_2_predictions.json,9,9,decision_loop,loose_2,Loose-2,policy_sweep,In what presidential election year did Schwarzenegger make a name for himself as a prominent Republican?,ANSWER,0,1,2,2,RETRIEVE_MORE,RERANK,2,3,2008,0.3674,0.1548,0.045,0.0,0.2295,0.5739,0.2295,0.9919,0.8452,0.1565,0.874,0.8452,0.6326,0.8435
phase5_E_loose_2_predictions.json,9,9,decision_loop,loose_2,Loose-2,policy_sweep,In what presidential election year did Schwarzenegger make a name for himself as a prominent Republican?,ANSWER,0,1,3,3,RERANK,RETRIEVE_MORE,1,5,2006,0.3614,0.1548,0.0,0.0,0.2154,0.4343,0.1154,0.9497,0.8452,0.0962,0.8837,0.8452,0.6386,0.9038
phase5_E_loose_2_predictions.json,9,9,decision_loop,loose_2,Loose-2,policy_sweep,In what presidential election year did Schwarzenegger make a name for himself as a prominent Republican?,ANSWER,0,1,4,4,STOP,RERANK,1,3,2008,0.3674,0.1548,0.0,0.0,0.1995,0.4467,0.0995,0.9919,0.8452,0.0065,0.919,0.8452,0.6326,0.9935
phase5_E_loose_2_predictions.json,10,10,decision_loop,loose_2,Loose-2,policy_sweep,What component of the printed circuit board is appraised with boundary scan testing?,ANSWER,0,1,1,1,RETRIEVE_MORE,,2,3,pcb,0.4025,0.144,0.0838,0.144,0.2092,0.6283,0.2092,0.9676,0.856,0.0177,0.9162,0.856,0.5975,0.9823
phase5_E_loose_2_predictions.json,10,10,decision_loop,loose_2,Loose-2,policy_sweep,What component of the printed circuit board is appraised with boundary scan testing?,ANSWER,0,1,2,2,RERANK,RETRIEVE_MORE,1,5,pcb,0.2761,0.144,0.043,0.0,0.1939,0.4478,0.0939,0.9694,0.856,0.1621,0.8732,0.856,0.7239,0.8379
phase5_E_loose_2_predictions.json,10,10,decision_loop,loose_2,Loose-2,policy_sweep,What component of the printed circuit board is appraised with boundary scan testing?,ANSWER,0,1,3,3,RETRIEVE_MORE,RERANK,1,3,pcb,0.4162,0.1685,0.042,0.0245,0.276,0.4327,0.176,0.9864,0.8315,0.2725,0.8313,0.8315,0.5838,0.7275
phase5_E_loose_2_predictions.json,10,10,decision_loop,loose_2,Loose-2,policy_sweep,What component of the printed circuit board is appraised with boundary scan testing?,ANSWER,0,1,4,4,STOP,RETRIEVE_MORE,0,5,pcb,0.3167,0.1685,0.0,0.0,0.2353,0.292,0.0353,0.9571,0.8315,0.2432,0.8342,0.8315,0.6833,0.7568
phase5_E_loose_2_predictions.json,11,11,decision_loop,loose_2,Loose-2,policy_sweep,Who had FA cup coverage from 1988-1997?,ANSWER,0,1,1,1,RETRIEVE_MORE,,2,3,bbc and sky sports,0.4332,0.1318,0.1127,0.1318,0.2395,0.6133,0.2395,0.9802,0.8682,0.1429,0.8873,0.8682,0.5668,0.8571
phase5_E_loose_2_predictions.json,11,11,decision_loop,loose_2,Loose-2,policy_sweep,Who had FA cup coverage from 1988-1997?,ANSWER,0,1,2,2,RERANK,RETRIEVE_MORE,1,5,bbc and sky sports,0.2916,0.1318,0.0303,0.0,0.2106,0.4371,0.1106,0.9834,0.8682,0.2462,0.8569,0.8682,0.7084,0.7538
phase5_E_loose_2_predictions.json,11,11,decision_loop,loose_2,Loose-2,policy_sweep,Who had FA cup coverage from 1988-1997?,ANSWER,0,1,3,3,RETRIEVE_MORE,RERANK,1,3,bbc and sky sports,0.4332,0.1318,0.0147,0.0,0.2695,0.4257,0.1695,0.9802,0.8682,0.2929,0.8423,0.8682,0.5668,0.7071
phase5_E_loose_2_predictions.json,11,11,decision_loop,loose_2,Loose-2,policy_sweep,Who had FA cup coverage from 1988-1997?,ANSWER,0,1,4,4,STOP,RETRIEVE_MORE,0,5,bbc and sky sports,0.2916,0.1318,0.0,0.0,0.2106,0.2999,0.0106,0.9834,0.8682,0.2462,0.8569,0.8682,0.7084,0.7538
phase5_E_loose_2_predictions.json,12,12,decision_loop,loose_2,Loose-2,policy_sweep,What percentage of the population was Caucasian in 1940?,ANSWER,0,1,1,1,RETRIEVE_MORE,,2,3,3.0%,0.5176,0.1475,0.1644,0.1475,0.2991,0.6082,0.2991,0.9334,0.8525,0.2578,0.8356,0.8525,0.4824,0.7422
phase5_E_loose_2_predictions.json,12,12,decision_loop,loose_2,Loose-2,policy_sweep,What percentage of the population was Caucasian in 1940?,ANSWER,0,1,2,2,RERANK,RETRIEVE_MORE,1,5,3.0%,0.3739,0.1475,0.0209,0.0,0.2645,0.4185,0.1645,0.9463,0.8525,0.3362,0.8147,0.8525,0.6261,0.6638
phase5_E_loose_2_predictions.json,12,12,decision_loop,loose_2,Loose-2,policy_sweep,What percentage of the population was Caucasian in 1940?,ANSWER,0,1,3,3,RETRIEVE_MORE,RERANK,1,3,3.0%,0.5115,0.1475,0.0111,0.0,0.3174,0.4107,0.2174,0.9266,0.8525,0.3601,0.8036,0.8525,0.4885,0.6399
phase5_E_loose_2_predictions.json,12,12,decision_loop,loose_2,Loose-2,policy_sweep,What percentage of the population was Caucasian in 1940?,ANSWER,0,1,4,4,STOP,RETRIEVE_MORE,0,5,3.0%,0.3707,0.1475,0.0,0.0,0.2565,0.2884,0.0565,0.942,0.8525,0.3023,0.824,0.8525,0.6293,0.6977
phase5_E_loose_2_predictions.json,13,13,decision_loop,loose_2,Loose-2,policy_sweep,In what year was Columbia University chartered?,ANSWER,0,1,1,1,RETRIEVE_MORE,,2,3,1950,0.5368,0.1087,0.1396,0.1087,0.2773,0.607,0.2773,0.8777,0.8913,0.2025,0.8604,0.8913,0.4632,0.7975
phase5_E_loose_2_predictions.json,13,13,decision_loop,loose_2,Loose-2,policy_sweep,In what year was Columbia University chartered?,ANSWER,0,1,2,2,RERANK,RETRIEVE_MORE,1,5,1950,0.3486,0.1087,0.0108,0.0,0.2272,0.4267,0.1272,0.9421,0.8913,0.2815,0.8496,0.8913,0.6514,0.7185
phase5_E_loose_2_predictions.json,13,13,decision_loop,loose_2,Loose-2,policy_sweep,In what year was Columbia University chartered?,ANSWER,0,1,3,3,STOP,RERANK,1,3,1950,0.4432,0.1087,0.0024,0.0,0.2665,0.4225,0.1665,0.9763,0.8913,0.3123,0.8472,0.8913,0.5568,0.6877
phase5_E_loose_2_predictions.json,14,14,decision_loop,loose_2,Loose-2,policy_sweep,"What is the owner, tenant or manager of a pub known as?",ANSWER,1,1,1,1,RETRIEVE_MORE,,2,3,pub landlord,0.6605,0.2893,0.3294,0.2893,0.4574,0.6165,0.4574,0.7968,0.7107,0.4802,0.6706,0.7107,0.3395,0.5198
phase5_E_loose_2_predictions.json,14,14,decision_loop,loose_2,Loose-2,policy_sweep,"What is the owner, tenant or manager of a pub known as?",ANSWER,1,1,2,2,ANSWER,RETRIEVE_MORE,1,5,pub landlord,0.5128,0.2893,0.0028,0.0,0.4142,0.3599,0.3142,0.8468,0.7107,0.5228,0.6679,0.7107,0.4872,0.4772
phase5_E_loose_2_predictions.json,15,15,decision_loop,loose_2,Loose-2,policy_sweep,How many people signed a petition in protest of Everton FC's crest redesign in 2013?,ANSWER,0,1,1,1,RETRIEVE_MORE,,2,3,"22,000",0.7013,0.1645,0.227,0.1645,0.4,0.6114,0.4,0.8797,0.8355,0.4025,0.773,0.8355,0.2987,0.5975
phase5_E_loose_2_predictions.json,15,15,decision_loop,loose_2,Loose-2,policy_sweep,How many people signed a petition in protest of Everton FC's crest redesign in 2013?,ANSWER,0,1,2,2,STOP,RETRIEVE_MORE,1,5,"22,000",0.4969,0.1645,0.0,0.0,0.32,0.4045,0.22,0.9439,0.8355,0.3604,0.7984,0.8355,0.5031,0.6396
phase5_E_loose_2_predictions.json,16,16,decision_loop,loose_2,Loose-2,policy_sweep,What did Griffith's tool help increase?,ANSWER,1,1,1,1,RETRIEVE_MORE,,2,3,transparency,0.4171,0.0978,0.0817,0.0978,0.2097,0.6105,0.2097,0.9838,0.9022,0.0986,0.9183,0.9022,0.5829,0.9014
phase5_E_loose_2_predictions.json,16,16,decision_loop,loose_2,Loose-2,policy_sweep,What did Griffith's tool help increase?,ANSWER,1,1,2,2,RERANK,RETRIEVE_MORE,1,5,transparency,0.2972,0.0978,0.0391,0.0,0.1921,0.4483,0.0921,0.971,0.9022,0.2203,0.8792,0.9022,0.7028,0.7797
phase5_E_loose_2_predictions.json,16,16,decision_loop,loose_2,Loose-2,policy_sweep,What did Griffith's tool help increase?,ANSWER,1,1,3,3,STOP,RERANK,1,3,transparency,0.4171,0.0978,0.0059,0.0,0.2397,0.433,0.1397,0.9838,0.9022,0.2486,0.8733,0.9022,0.5829,0.7514
phase5_E_loose_2_predictions.json,17,17,decision_loop,loose_2,Loose-2,policy_sweep,Where do samurais' teachings live on?,ANSWER,0,1,1,1,RERANK,,2,3,lichens,0.3704,0.0784,0.0506,0.0784,0.172,0.6137,0.172,0.996,0.9216,0.0351,0.9494,0.9216,0.6296,0.9649
phase5_E_loose_2_predictions.json,17,17,decision_loop,loose_2,Loose-2,policy_sweep,Where do samurais' teachings live on?,ANSWER,0,1,2,2,RETRIEVE_MORE,RERANK,2,3,lichens,0.4207,0.0933,0.0622,0.0148,0.2281,0.5854,0.2281,0.961,0.9067,0.1945,0.8872,0.9067,0.5793,0.8055
phase5_E_loose_2_predictions.json,17,17,decision_loop,loose_2,Loose-2,policy_sweep,Where do samurais' teachings live on?,ANSWER,0,1,3,3,RERANK,RETRIEVE_MORE,1,5,lichens,0.2795,0.0933,0.0,0.0,0.1757,0.4381,0.0757,0.9756,0.9067,0.1795,0.8946,0.9067,0.7205,0.8205
phase5_E_loose_2_predictions.json,17,17,decision_loop,loose_2,Loose-2,policy_sweep,Where do samurais' teachings live on?,ANSWER,0,1,4,4,STOP,RERANK,1,3,lichens,0.3732,0.0933,0.0,0.0,0.2105,0.4385,0.1105,0.9956,0.9067,0.1894,0.8957,0.9067,0.6268,0.8106
phase5_E_loose_2_predictions.json,18,18,decision_loop,loose_2,Loose-2,policy_sweep,How many years does the term of a Richmond city council representative last?,ANSWER,0,1,1,1,RETRIEVE_MORE,,2,3,4,0.5119,0.2008,0.1698,0.2008,0.3017,0.6209,0.3017,0.8945,0.7992,0.161,0.8302,0.7992,0.4881,0.839
phase5_E_loose_2_predictions.json,18,18,decision_loop,loose_2,Loose-2,policy_sweep,How many years does the term of a Richmond city council representative last?,ANSWER,0,1,2,2,RERANK,RETRIEVE_MORE,1,5,4,0.384,0.2008,0.029,0.0,0.2789,0.417,0.1789,0.9144,0.7992,0.2708,0.8012,0.7992,0.616,0.7292
phase5_E_loose_2_predictions.json,18,18,decision_loop,loose_2,Loose-2,policy_sweep,How many years does the term of a Richmond city council representative last?,ANSWER,0,1,3,3,STOP,RERANK,1,3,4,0.4318,0.2008,0.0,0.0,0.2862,0.4138,0.1862,0.9631,0.7992,0.2236,0.8251,0.7992,0.5682,0.7764
phase5_E_loose_2_predictions.json,19,19,decision_loop,loose_2,Loose-2,policy_sweep,When did an investigation occur under school casualties?,ANSWER,1,1,1,1,RETRIEVE_MORE,,2,3,december 2008,0.4199,0.0844,0.0837,0.0844,0.2107,0.6045,0.2107,0.9852,0.9156,0.1286,0.9163,0.9156,0.5801,0.8714
phase5_E_loose_2_predictions.json,19,19,decision_loop,loose_2,Loose-2,policy_sweep,When did an investigation occur under school casualties?,ANSWER,1,1,2,2,RERANK,RETRIEVE_MORE,1,5,december 2008,0.2883,0.0844,0.0341,0.0,0.1865,0.4474,0.0865,0.9792,0.9156,0.2383,0.8822,0.9156,0.7117,0.7617
phase5_E_loose_2_predictions.json,19,19,decision_loop,loose_2,Loose-2,policy_sweep,When did an investigation occur under school casualties?,ANSWER,1,1,3,3,RETRIEVE_MORE,RERANK,1,3,december 2008,0.4199,0.0844,0.0109,0.0,0.2407,0.4343,0.1407,0.9852,0.9156,0.2786,0.8713,0.9156,0.5801,0.7214
phase5_E_loose_2_predictions.json,19,19,decision_loop,loose_2,Loose-2,policy_sweep,When did an investigation occur under school casualties?,ANSWER,1,1,4,4,STOP,RETRIEVE_MORE,0,5,december 2008,0.2883,0.0844,0.0,0.0,0.1865,0.3088,-0.0135,0.9792,0.9156,0.2383,0.8822,0.9156,0.7117,0.7617
phase5_E_loose_2_predictions.json,20,20,decision_loop,loose_2,Loose-2,policy_sweep,How did Liang Ji die?,ANSWER,0,1,1,1,RETRIEVE_MORE,,2,3,killed after deng mengnü resisted liang ji's attempts to control her,0.5017,0.0861,0.1241,0.0861,0.2609,0.6062,0.2609,0.9439,0.9139,0.2329,0.8759,0.9139,0.4983,0.7671
phase5_E_loose_2_predictions.json,20,20,decision_loop,loose_2,Loose-2,policy_sweep,How did Liang Ji die?,ANSWER,0,1,2,2,RETRIEVE_MORE,RETRIEVE_MORE,1,5,killed after deng mengnü resisted liang ji's attempts to control her,0.413,0.0861,0.0443,0.0,0.2516,0.4338,0.1516,0.8859,0.9139,0.3417,0.8316,0.9139,0.587,0.6583
phase5_E_loose_2_predictions.json,20,20,decision_loop,loose_2,Loose-2,policy_sweep,How did Liang Ji die?,ANSWER,0,1,3,3,STOP,RETRIEVE_MORE,0,5,killed after deng mengnü resisted liang ji's attempts to control her,0.3763,0.0861,0.0,0.0,0.2283,0.2998,0.0283,0.9315,0.9139,0.2893,0.8565,0.9139,0.6237,0.7107
phase5_E_loose_2_predictions.json,21,21,decision_loop,loose_2,Loose-2,policy_sweep,Who supported the reaction against the government?,ANSWER,1,1,1,1,RETRIEVE_MORE,,2,3,durango,0.5666,0.2014,0.223,0.2014,0.3566,0.6111,0.3566,0.8956,0.7986,0.338,0.777,0.7986,0.4334,0.662
phase5_E_loose_2_predictions.json,21,21,decision_loop,loose_2,Loose-2,policy_sweep,Who supported the reaction against the government?,ANSWER,1,1,2,2,RETRIEVE_MORE,RETRIEVE_MORE,1,5,durango,0.4236,0.2014,0.0162,0.0,0.3194,0.3978,0.2194,0.9116,0.7986,0.4027,0.7608,0.7986,0.5764,0.5973
phase5_E_loose_2_predictions.json,21,21,decision_loop,loose_2,Loose-2,policy_sweep,Who supported the reaction against the government?,ANSWER,1,1,3,3,ANSWER,RETRIEVE_MORE,0,5,durango,0.42,0.2014,0.0052,0.0,0.314,0.2705,0.114,0.9102,0.7986,0.3818,0.7668,0.7986,0.58,0.6182
phase5_E_loose_2_predictions.json,22,22,decision_loop,loose_2,Loose-2,policy_sweep,What influences role of minority leader?,ANSWER,1,1,1,1,RETRIEVE_MORE,,2,3,more partisan nature of the house,0.4117,0.1348,0.0833,0.1348,0.2104,0.6248,0.2104,0.9627,0.8652,0.0281,0.9167,0.8652,0.5883,0.9719
phase5_E_loose_2_predictions.json,22,22,decision_loop,loose_2,Loose-2,policy_sweep,What influences role of minority leader?,ANSWER,1,1,2,2,RERANK,RETRIEVE_MORE,1,5,more partisan nature of the house,0.2603,0.1348,0.0382,0.0,0.1853,0.4477,0.0853,0.9813,0.8652,0.1678,0.8785,0.8652,0.7397,0.8322
phase5_E_loose_2_predictions.json,22,22,decision_loop,loose_2,Loose-2,policy_sweep,What influences role of minority leader?,ANSWER,1,1,3,3,RETRIEVE_MORE,RERANK,1,3,personality and contextual factors,0.3734,0.154,0.0,0.0191,0.2093,0.4506,0.1093,0.9962,0.846,0.0464,0.9083,0.846,0.6266,0.9536
phase5_E_loose_2_predictions.json,22,22,decision_loop,loose_2,Loose-2,policy_sweep,What influences role of minority leader?,ANSWER,1,1,4,4,STOP,RETRIEVE_MORE,0,5,personality and contextual factors,0.2818,0.154,0.049,0.0,0.2049,0.3204,0.0049,0.9592,0.846,0.185,0.8593,0.846,0.7182,0.815
phase5_E_loose_2_predictions.json,23,23,decision_loop,loose_2,Loose-2,policy_sweep,What genre was 'LA 2017'?,ANSWER,0,1,1,1,RETRIEVE_MORE,,2,3,mp3,0.473,0.1279,0.1051,0.1279,0.2268,0.6143,0.2268,0.8217,0.8721,0.0185,0.8949,0.8721,0.527,0.9815
phase5_E_loose_2_predictions.json,23,23,decision_loop,loose_2,Loose-2,policy_sweep,What genre was 'LA 2017'?,ANSWER,0,1,2,2,RERANK,RETRIEVE_MORE,1,5,mp3,0.3332,0.1279,0.0279,0.0,0.2068,0.4396,0.1068,0.8991,0.8721,0.163,0.867,0.8721,0.6668,0.837
phase5_E_loose_2_predictions.json,23,23,decision_loop,loose_2,Loose-2,policy_sweep,What genre was 'LA 2017'?,ANSWER,0,1,3,3,STOP,RERANK,1,3,mp3,0.3959,0.1279,0.0,0.0,0.2292,0.4334,0.1292,0.9734,0.8721,0.1655,0.8811,0.8721,0.6041,0.8345
phase5_E_loose_2_predictions.json,24,24,decision_loop,loose_2,Loose-2,policy_sweep,Who had issues with JFK's proposal?,ANSWER,1,1,1,1,RETRIEVE_MORE,,2,3,naacp,0.4797,0.1078,0.1236,0.1078,0.2572,0.6062,0.2572,0.9576,0.8922,0.2039,0.8764,0.8922,0.5203,0.7961
phase5_E_loose_2_predictions.json,24,24,decision_loop,loose_2,Loose-2,policy_sweep,Who had issues with JFK's proposal?,ANSWER,1,1,2,2,RERANK,RETRIEVE_MORE,1,5,naacp,0.3389,0.1078,0.0262,0.0,0.2259,0.4331,0.1259,0.9618,0.8922,0.2941,0.8502,0.8922,0.6611,0.7059
phase5_E_loose_2_predictions.json,24,24,decision_loop,loose_2,Loose-2,policy_sweep,Who had issues with JFK's proposal?,ANSWER,1,1,3,3,RETRIEVE_MORE,RERANK,1,3,naacp,0.4797,0.1078,0.0188,0.0,0.2872,0.4235,0.1872,0.9576,0.8922,0.3539,0.8314,0.8922,0.5203,0.6461
phase5_E_loose_2_predictions.json,24,24,decision_loop,loose_2,Loose-2,policy_sweep,Who had issues with JFK's proposal?,ANSWER,1,1,4,4,STOP,RETRIEVE_MORE,0,5,naacp,0.3389,0.1078,0.0,0.0,0.2259,0.2976,0.0259,0.9618,0.8922,0.2941,0.8502,0.8922,0.6611,0.7059
phase5_E_loose_2_predictions.json,25,25,decision_loop,loose_2,Loose-2,policy_sweep,What does CATOBAR allow for?,ANSWER,0,1,1,1,RETRIEVE_MORE,,2,3,catobar recovery,0.539,0.1252,0.1554,0.1252,0.2938,0.6078,0.2938,0.9026,0.8748,0.2443,0.8446,0.8748,0.461,0.7557
phase5_E_loose_2_predictions.json,25,25,decision_loop,loose_2,Loose-2,policy_sweep,What does CATOBAR allow for?,ANSWER,0,1,2,2,RERANK,RETRIEVE_MORE,1,5,catobar recovery,0.3835,0.1252,0.0174,0.0,0.2553,0.4215,0.1553,0.935,0.8748,0.3238,0.8273,0.8748,0.6165,0.6762
phase5_E_loose_2_predictions.json,25,25,decision_loop,loose_2,Loose-2,policy_sweep,What does CATOBAR allow for?,ANSWER,0,1,3,3,RETRIEVE_MORE,RERANK,1,3,catobar recovery,0.4922,0.1252,0.0117,0.0,0.3032,0.4151,0.2032,0.9504,0.8748,0.3731,0.8156,0.8748,0.5078,0.6269
phase5_E_loose_2_predictions.json,25,25,decision_loop,loose_2,Loose-2,policy_sweep,What does CATOBAR allow for?,ANSWER,0,1,4,4,STOP,RETRIEVE_MORE,0,5,catobar recovery,0.3797,0.1252,0.0,0.0,0.2536,0.2895,0.0536,0.9317,0.8748,0.3221,0.8271,0.8748,0.6203,0.6779
phase5_E_loose_2_predictions.json,26,26,decision_loop,loose_2,Loose-2,policy_sweep,Where were these forts commonly built?,ANSWER,0,1,1,1,RETRIEVE_MORE,,2,3,the swedes,0.4311,0.0863,0.0712,0.0863,0.2032,0.6096,0.2032,0.9609,0.9137,0.0674,0.9288,0.9137,0.5689,0.9326
phase5_E_loose_2_predictions.json,26,26,decision_loop,loose_2,Loose-2,policy_sweep,Where were these forts commonly built?,ANSWER,0,1,2,2,RERANK,RETRIEVE_MORE,1,5,the swedes,0.3046,0.0863,0.0385,0.0,0.185,0.452,0.085,0.9638,0.9137,0.1976,0.8903,0.9137,0.6954,0.8024
phase5_E_loose_2_predictions.json,26,26,decision_loop,loose_2,Loose-2,policy_sweep,Where were these forts commonly built?,ANSWER,0,1,3,3,STOP,RERANK,1,3,the swedes,0.4012,0.0863,0.0001,0.0,0.2218,0.4366,0.1218,0.9862,0.9137,0.2127,0.8903,0.9137,0.5988,0.7873
phase5_E_loose_2_predictions.json,27,27,decision_loop,loose_2,Loose-2,policy_sweep,What bacteria is an exception to single circular chromosome rule?,ANSWER,0,1,1,1,RETRIEVE_MORE,,2,3,borrelia burgdorferi,0.5601,0.1645,0.2023,0.1645,0.337,0.6101,0.337,0.9018,0.8355,0.3345,0.7977,0.8355,0.4399,0.6655
phase5_E_loose_2_predictions.json,27,27,decision_loop,loose_2,Loose-2,policy_sweep,What bacteria is an exception to single circular chromosome rule?,ANSWER,0,1,2,2,RETRIEVE_MORE,RETRIEVE_MORE,1,5,borrelia burgdorferi,0.4324,0.1645,0.0211,0.0,0.307,0.4053,0.207,0.9069,0.8355,0.4083,0.7766,0.8355,0.5676,0.5917
phase5_E_loose_2_predictions.json,27,27,decision_loop,loose_2,Loose-2,policy_sweep,What bacteria is an exception to single circular chromosome rule?,ANSWER,0,1,3,3,ANSWER,RETRIEVE_MORE,0,5,borrelia burgdorferi,0.4308,0.1645,0.0119,0.0,0.3063,0.2766,0.1063,0.9063,0.8355,0.4073,0.7768,0.8355,0.5692,0.5927
phase5_E_loose_2_predictions.json,28,28,decision_loop,loose_2,Loose-2,policy_sweep,Who made up most unions between Europeans and natives?,ANSWER,0,1,1,1,RETRIEVE_MORE,,2,3,africans,0.5093,0.0925,0.1344,0.0925,0.2707,0.6067,0.2707,0.94,0.9075,0.2539,0.8656,0.9075,0.4907,0.7461
phase5_E_loose_2_predictions.json,28,28,decision_loop,loose_2,Loose-2,policy_sweep,Who made up most unions between Europeans and natives?,ANSWER,0,1,2,2,RERANK,RETRIEVE_MORE,1,5,africans,0.3444,0.0925,0.0139,0.0,0.2254,0.4286,0.1254,0.9635,0.9075,0.3159,0.8517,0.9075,0.6556,0.6841
phase5_E_loose_2_predictions.json,28,28,decision_loop,loose_2,Loose-2,policy_sweep,Who made up most unions between Europeans and natives?,ANSWER,0,1,3,3,STOP,RERANK,1,3,africans,0.4454,0.0925,0.0,0.0,0.2504,0.4287,0.1504,0.9658,0.9075,0.2643,0.8676,0.9075,0.5546,0.7357
phase5_E_loose_2_predictions.json,29,29,decision_loop,loose_2,Loose-2,policy_sweep,What did the Guardian name her?,ANSWER,0,1,1,1,RERANK,,2,3,beyoncé,0.3576,0.1055,0.0628,0.1055,0.1792,0.6202,0.1792,0.9988,0.8945,0.0328,0.9372,0.8945,0.6424,0.9672
phase5_E_loose_2_predictions.json,29,29,decision_loop,loose_2,Loose-2,policy_sweep,What did the Guardian name her?,ANSWER,0,1,2,2,RETRIEVE_MORE,RERANK,2,3,beyoncé,0.4277,0.1312,0.0734,0.0257,0.2505,0.5817,0.2505,0.9604,0.8688,0.2089,0.8638,0.8688,0.5723,0.7911
phase5_E_loose_2_predictions.json,29,29,decision_loop,loose_2,Loose-2,policy_sweep,What did the Guardian name her?,ANSWER,0,1,3,3,RERANK,RETRIEVE_MORE,1,5,beyoncé,0.3084,0.1312,0.0,0.0,0.2055,0.4284,0.1055,0.9513,0.8688,0.1924,0.8669,0.8688,0.6916,0.8076
phase5_E_loose_2_predictions.json,29,29,decision_loop,loose_2,Loose-2,policy_sweep,What did the Guardian name her?,ANSWER,0,1,4,4,STOP,RERANK,1,3,beyoncé,0.3884,0.1312,0.0,0.0,0.2357,0.4301,0.1357,0.9914,0.8688,0.2034,0.8717,0.8688,0.6116,0.7966
phase5_E_loose_2_predictions.json,30,30,decision_loop,loose_2,Loose-2,policy_sweep,The lower regions and larger towns of the Alps are well-served by what?,ANSWER,0,1,1,1,RETRIEVE_MORE,,2,3,motorways and main roads,0.4726,0.1368,0.1366,0.1368,0.2674,0.6069,0.2674,0.9622,0.8632,0.2023,0.8634,0.8632,0.5274,0.7977
phase5_E_loose_2_predictions.json,30,30,decision_loop,loose_2,Loose-2,policy_sweep,The lower regions and larger towns of the Alps are well-served by what?,ANSWER,0,1,2,2,RERANK,RETRIEVE_MORE,1,5,motorways and main roads,0.3581,0.1368,0.0385,0.0,0.2475,0.4291,0.1475,0.9213,0.8632,0.3033,0.8249,0.8632,0.6419,0.6967
phase5_E_loose_2_predictions.json,30,30,decision_loop,loose_2,Loose-2,policy_sweep,The lower regions and larger towns of the Alps are well-served by what?,ANSWER,0,1,3,3,STOP,RERANK,1,3,motorways and main roads,0.4726,0.1368,0.0065,0.0,0.2974,0.414,0.1974,0.9622,0.8632,0.3523,0.8184,0.8632,0.5274,0.6477
phase5_E_loose_2_predictions.json,31,31,decision_loop,loose_2,Loose-2,policy_sweep,What does the French constitution state for the language in Aslace?,ANSWER,0,1,1,1,RERANK,,2,3,standardisation of dutch language,0.3588,0.0815,0.0446,0.0815,0.1644,0.617,0.1644,0.9965,0.9185,0.0105,0.9554,0.9185,0.6412,0.9895
phase5_E_loose_2_predictions.json,31,31,decision_loop,loose_2,Loose-2,policy_sweep,What does the French constitution state for the language in Aslace?,ANSWER,0,1,2,2,RETRIEVE_MORE,RERANK,2,3,standardisation of dutch language,0.3588,0.0815,0.045,0.0,0.1944,0.5866,0.1944,0.9965,0.9185,0.1605,0.9104,0.9185,0.6412,0.8395
phase5_E_loose_2_predictions.json,31,31,decision_loop,loose_2,Loose-2,policy_sweep,What does the French constitution state for the language in Aslace?,ANSWER,0,1,3,3,RERANK,RETRIEVE_MORE,1,5,standardisation of dutch language,0.2648,0.0815,0.0041,0.0,0.1609,0.4438,0.0609,0.9721,0.9185,0.1577,0.9064,0.9185,0.7352,0.8423
phase5_E_loose_2_predictions.json,31,31,decision_loop,loose_2,Loose-2,policy_sweep,What does the French constitution state for the language in Aslace?,ANSWER,0,1,4,4,STOP,RERANK,1,3,standardisation of dutch language,0.3588,0.0815,0.0,0.0,0.1944,0.4436,0.0944,0.9965,0.9185,0.1605,0.9104,0.9185,0.6412,0.8395
phase5_E_loose_2_predictions.json,32,32,decision_loop,loose_2,Loose-2,policy_sweep,Which BYU building features films in several languages?,ANSWER,1,1,1,1,RETRIEVE_MORE,,2,3,international cinema,0.5971,0.1829,0.228,0.1829,0.3641,0.6114,0.3641,0.8633,0.8171,0.3641,0.772,0.8171,0.4029,0.6359
phase5_E_loose_2_predictions.json,32,32,decision_loop,loose_2,Loose-2,policy_sweep,Which BYU building features films in several languages?,ANSWER,1,1,2,2,STOP,RETRIEVE_MORE,1,5,international cinema,0.4362,0.1829,0.0065,0.0,0.3181,0.3955,0.2181,0.9086,0.8171,0.4159,0.7655,0.8171,0.5638,0.5841
phase5_E_loose_2_predictions.json,33,33,decision_loop,loose_2,Loose-2,policy_sweep,What has helped geneologists researching slaves?,ANSWER,0,1,1,1,RERANK,,2,3,slave ships stopping at ports such as charleston,0.3812,0.0605,0.051,0.0605,0.1739,0.6063,0.1739,0.9953,0.9395,0.0661,0.949,0.9395,0.6188,0.9339
phase5_E_loose_2_predictions.json,33,33,decision_loop,loose_2,Loose-2,policy_sweep,What has helped geneologists researching slaves?,ANSWER,0,1,2,2,RETRIEVE_MORE,RERANK,2,3,slave ships stopping at ports such as charleston,0.3812,0.0605,0.045,0.0,0.2039,0.5844,0.2039,0.9953,0.9395,0.2161,0.904,0.9395,0.6188,0.7839
phase5_E_loose_2_predictions.json,33,33,decision_loop,loose_2,Loose-2,policy_sweep,What has helped geneologists researching slaves?,ANSWER,0,1,3,3,RERANK,RETRIEVE_MORE,1,5,slave ships stopping at ports such as charleston,0.2492,0.0605,0.0,0.0,0.1497,0.4449,0.0497,0.9851,0.9395,0.1762,0.9139,0.9395,0.7508,0.8238
phase5_E_loose_2_predictions.json,33,33,decision_loop,loose_2,Loose-2,policy_sweep,What has helped geneologists researching slaves?,ANSWER,0,1,4,4,RETRIEVE_MORE,RERANK,1,3,treaties,0.4298,0.0777,0.0,0.0172,0.2044,0.4565,0.1044,0.9738,0.9223,0.0951,0.9274,0.9223,0.5702,0.9049
phase5_E_loose_2_predictions.json,33,33,decision_loop,loose_2,Loose-2,policy_sweep,What has helped geneologists researching slaves?,ANSWER,0,1,5,5,STOP,RETRIEVE_MORE,0,5,treaties,0.3086,0.0777,0.0385,0.0,0.1866,0.3265,-0.0134,0.9662,0.9223,0.2183,0.8889,0.9223,0.6914,0.7817
phase5_E_loose_2_predictions.json,34,34,decision_loop,loose_2,Loose-2,policy_sweep,When did the first free election take place?,ANSWER,1,1,1,1,RETRIEVE_MORE,,2,3,1492,0.5376,0.1743,0.1911,0.1743,0.3252,0.6096,0.3252,0.9194,0.8257,0.2929,0.8089,0.8257,0.4624,0.7071
phase5_E_loose_2_predictions.json,34,34,decision_loop,loose_2,Loose-2,policy_sweep,When did the first free election take place?,ANSWER,1,1,2,2,RETRIEVE_MORE,RETRIEVE_MORE,1,5,1492,0.4015,0.1743,0.0208,0.0,0.2927,0.4091,0.1927,0.9292,0.8257,0.3687,0.7881,0.8257,0.5985,0.6313
phase5_E_loose_2_predictions.json,34,34,decision_loop,loose_2,Loose-2,policy_sweep,When did the first free election take place?,ANSWER,1,1,3,3,ANSWER,RETRIEVE_MORE,0,5,1492,0.3995,0.1743,0.0089,0.0,0.2918,0.2794,0.0918,0.9279,0.8257,0.3677,0.7881,0.8257,0.6005,0.6323
phase5_E_loose_2_predictions.json,35,35,decision_loop,loose_2,Loose-2,policy_sweep,Of what discipline is ethology a branch?,ANSWER,1,1,1,1,RETRIEVE_MORE,,2,3,zoology,0.451,0.1628,0.135,0.1628,0.2631,0.6179,0.2631,0.972,0.8372,0.16,0.865,0.8372,0.549,0.84
phase5_E_loose_2_predictions.json,35,35,decision_loop,loose_2,Loose-2,policy_sweep,Of what discipline is ethology a branch?,ANSWER,1,1,2,2,RERANK,RETRIEVE_MORE,1,5,zoology,0.3276,0.1628,0.0111,0.0,0.2288,0.4283,0.1288,0.9829,0.8372,0.2041,0.8539,0.8372,0.6724,0.7959
phase5_E_loose_2_predictions.json,35,35,decision_loop,loose_2,Loose-2,policy_sweep,Of what discipline is ethology a branch?,ANSWER,1,1,3,3,RETRIEVE_MORE,RERANK,1,3,zoology,0.451,0.1628,0.0339,0.0,0.2931,0.4256,0.1931,0.972,0.8372,0.31,0.82,0.8372,0.549,0.69
phase5_E_loose_2_predictions.json,35,35,decision_loop,loose_2,Loose-2,policy_sweep,Of what discipline is ethology a branch?,ANSWER,1,1,4,4,STOP,RETRIEVE_MORE,0,5,zoology,0.3276,0.1628,0.0,0.0,0.2288,0.2989,0.0288,0.9829,0.8372,0.2041,0.8539,0.8372,0.6724,0.7959
phase5_E_loose_2_predictions.json,36,36,decision_loop,loose_2,Loose-2,policy_sweep,What New Haven trial is known to be the longest in the history of Connecticut?,ANSWER,0,1,1,1,RERANK,,2,3,bridgeport,0.3993,0.1679,0.1099,0.1679,0.2313,0.6287,0.2313,0.9902,0.8321,0.0799,0.8901,0.8321,0.6007,0.9201
phase5_E_loose_2_predictions.json,36,36,decision_loop,loose_2,Loose-2,policy_sweep,What New Haven trial is known to be the longest in the history of Connecticut?,ANSWER,0,1,2,2,RETRIEVE_MORE,RERANK,2,3,bridgeport,0.3893,0.1679,0.0269,0.0,0.244,0.5629,0.244,0.9778,0.8321,0.1611,0.8633,0.8321,0.6107,0.8389
phase5_E_loose_2_predictions.json,36,36,decision_loop,loose_2,Loose-2,policy_sweep,What New Haven trial is known to be the longest in the history of Connecticut?,ANSWER,0,1,3,3,RERANK,RETRIEVE_MORE,1,5,bridgeport,0.2686,0.1679,0.0,0.0,0.2011,0.4276,0.1011,0.9787,0.8321,0.1576,0.8645,0.8321,0.7314,0.8424
phase5_E_loose_2_predictions.json,36,36,decision_loop,loose_2,Loose-2,policy_sweep,What New Haven trial is known to be the longest in the history of Connecticut?,ANSWER,0,1,4,4,STOP,RERANK,1,3,bridgeport,0.3893,0.1679,0.0012,0.0,0.244,0.4276,0.144,0.9778,0.8321,0.1611,0.8633,0.8321,0.6107,0.8389
phase5_E_loose_2_predictions.json,37,37,decision_loop,loose_2,Loose-2,policy_sweep,In what periodical was the new sovereign status of the Russian Federation first published?,ANSWER,1,1,1,1,RETRIEVE_MORE,,2,3,rossiyskaya gazeta,0.5032,0.1608,0.1678,0.1608,0.2993,0.6084,0.2993,0.9444,0.8392,0.2543,0.8322,0.8392,0.4968,0.7457
phase5_E_loose_2_predictions.json,37,37,decision_loop,loose_2,Loose-2,policy_sweep,In what periodical was the new sovereign status of the Russian Federation first published?,ANSWER,1,1,2,2,RERANK,RETRIEVE_MORE,1,5,rossiyskaya gazeta,0.3688,0.1608,0.0249,0.0,0.2687,0.4175,0.1687,0.9432,0.8392,0.3364,0.8073,0.8392,0.6312,0.6636
phase5_E_loose_2_predictions.json,37,37,decision_loop,loose_2,Loose-2,policy_sweep,In what periodical was the new sovereign status of the Russian Federation first published?,ANSWER,1,1,3,3,RETRIEVE_MORE,RERANK,1,3,rossiyskaya gazeta,0.5032,0.1608,0.0201,0.0,0.3293,0.4086,0.2293,0.9444,0.8392,0.4043,0.7872,0.8392,0.4968,0.5957
phase5_E_loose_2_predictions.json,37,37,decision_loop,loose_2,Loose-2,policy_sweep,In what periodical was the new sovereign status of the Russian Federation first published?,ANSWER,1,1,4,4,STOP,RETRIEVE_MORE,0,5,rossiyskaya gazeta,0.3688,0.1608,0.0,0.0,0.2687,0.2826,0.0687,0.9432,0.8392,0.3364,0.8073,0.8392,0.6312,0.6636
phase5_E_loose_2_predictions.json,38,38,decision_loop,loose_2,Loose-2,policy_sweep,The first ship to carry a human through space was called what?,ANSWER,0,1,1,1,RETRIEVE_MORE,,2,3,tardis,0.4063,0.1055,0.0872,0.1055,0.2112,0.6117,0.2112,0.9894,0.8945,0.1077,0.9128,0.8945,0.5937,0.8923
phase5_E_loose_2_predictions.json,38,38,decision_loop,loose_2,Loose-2,policy_sweep,The first ship to carry a human through space was called what?,ANSWER,0,1,2,2,RERANK,RETRIEVE_MORE,1,5,tardis,0.2861,0.1055,0.0375,0.0,0.1928,0.4464,0.0928,0.979,0.8945,0.2258,0.8753,0.8945,0.7139,0.7742
phase5_E_loose_2_predictions.json,38,38,decision_loop,loose_2,Loose-2,policy_sweep,The first ship to carry a human through space was called what?,ANSWER,0,1,3,3,RETRIEVE_MORE,RERANK,1,3,tardis,0.4816,0.1321,0.0435,0.0266,0.2879,0.4335,0.1879,0.9385,0.8679,0.2997,0.8318,0.8679,0.5184,0.7003
phase5_E_loose_2_predictions.json,38,38,decision_loop,loose_2,Loose-2,policy_sweep,The first ship to carry a human through space was called what?,ANSWER,0,1,4,4,STOP,RETRIEVE_MORE,0,5,tardis,0.3445,0.1321,0.0,0.0,0.2314,0.2964,0.0314,0.9508,0.8679,0.2571,0.847,0.8679,0.6555,0.7429
phase5_E_loose_2_predictions.json,39,39,decision_loop,loose_2,Loose-2,policy_sweep,What is an alloy?,ANSWER,0,1,1,1,RETRIEVE_MORE,,2,3,alloys,0.4483,0.1009,0.0915,0.1009,0.2246,0.6083,0.2246,0.9618,0.8991,0.1116,0.9085,0.8991,0.5517,0.8884
phase5_E_loose_2_predictions.json,39,39,decision_loop,loose_2,Loose-2,policy_sweep,What is an alloy?,ANSWER,0,1,2,2,RERANK,RETRIEVE_MORE,1,5,alloys,0.3072,0.1009,0.0324,0.0,0.1982,0.4446,0.0982,0.9723,0.8991,0.2265,0.8761,0.8991,0.6928,0.7735
phase5_E_loose_2_predictions.json,39,39,decision_loop,loose_2,Loose-2,policy_sweep,What is an alloy?,ANSWER,0,1,3,3,RETRIEVE_MORE,RERANK,1,3,alloys,0.4843,0.1195,0.0566,0.0187,0.2979,0.4345,0.1979,0.9558,0.8805,0.3728,0.8195,0.8805,0.5157,0.6272
phase5_E_loose_2_predictions.json,39,39,decision_loop,loose_2,Loose-2,policy_sweep,What is an alloy?,ANSWER,0,1,4,4,STOP,RETRIEVE_MORE,0,5,alloys,0.3537,0.1195,0.0,0.0,0.2401,0.293,0.0401,0.954,0.8805,0.3128,0.8372,0.8805,0.6463,0.6872
phase5_E_loose_2_predictions.json,40,40,decision_loop,loose_2,Loose-2,policy_sweep,Where was the Galilean village?,ANSWER,1,1,1,1,RETRIEVE_MORE,,2,3,nazareth,0.5174,0.1696,0.1734,0.1696,0.3075,0.6087,0.3075,0.9324,0.8304,0.2502,0.8266,0.8304,0.4826,0.7498
phase5_E_loose_2_predictions.json,40,40,decision_loop,loose_2,Loose-2,policy_sweep,Where was the Galilean village?,ANSWER,1,1,2,2,RETRIEVE_MORE,RETRIEVE_MORE,1,5,nazareth,0.4018,0.1696,0.0311,0.0,0.2858,0.4159,0.1858,0.9178,0.8304,0.3443,0.7955,0.8304,0.5982,0.6557
phase5_E_loose_2_predictions.json,40,40,decision_loop,loose_2,Loose-2,policy_sweep,Where was the Galilean village?,ANSWER,1,1,3,3,STOP,RETRIEVE_MORE,0,5,nazareth,0.3769,0.1696,0.0,0.0,0.2658,0.2853,0.0658,0.9314,0.8304,0.2876,0.8152,0.8304,0.6231,0.7124
phase5_E_loose_2_predictions.json,41,41,decision_loop,loose_2,Loose-2,policy_sweep,A fifth terminal was opened in 2008 for which UK airline?,ANSWER,0,1,1,1,RETRIEVE_MORE,,2,3,london heathrow airport,0.4387,0.1389,0.1164,0.1389,0.2443,0.6148,0.2443,0.9773,0.8611,0.1413,0.8836,0.8611,0.5613,0.8587
phase5_E_loose_2_predictions.json,41,41,decision_loop,loose_2,Loose-2,policy_sweep,A fifth terminal was opened in 2008 for which UK airline?,ANSWER,0,1,2,2,RERANK,RETRIEVE_MORE,1,5,london heathrow airport,0.3318,0.1389,0.0395,0.0,0.23,0.4362,0.13,0.9532,0.8611,0.2568,0.8442,0.8611,0.6682,0.7432
phase5_E_loose_2_predictions.json,41,41,decision_loop,loose_2,Loose-2,policy_sweep,A fifth terminal was opened in 2008 for which UK airline?,ANSWER,0,1,3,3,STOP,RERANK,1,3,london heathrow airport,0.4332,0.1389,0.0,0.0,0.2617,0.4235,0.1617,0.9682,0.8611,0.2382,0.8527,0.8611,0.5668,0.7618
phase5_E_loose_2_predictions.json,42,42,decision_loop,loose_2,Loose-2,policy_sweep,Does Florida benefit from taxes,ANSWER,0,1,1,1,RETRIEVE_MORE,,2,3,exemptions,0.5134,0.0871,0.1253,0.0871,0.2641,0.6063,0.2641,0.9304,0.9129,0.2262,0.8747,0.9129,0.4866,0.7738
phase5_E_loose_2_predictions.json,42,42,decision_loop,loose_2,Loose-2,policy_sweep,Does Florida benefit from taxes,ANSWER,0,1,2,2,RETRIEVE_MORE,RETRIEVE_MORE,1,5,exemptions,0.4189,0.0871,0.0411,0.0,0.2527,0.4332,0.1527,0.8872,0.9129,0.3346,0.8335,0.9129,0.5811,0.6654
phase5_E_loose_2_predictions.json,42,42,decision_loop,loose_2,Loose-2,policy_sweep,Does Florida benefit from taxes,ANSWER,0,1,3,3,STOP,RETRIEVE_MORE,0,5,exemptions,0.4441,0.104,0.0411,0.0169,0.2856,0.2975,0.0856,0.9,0.896,0.417,0.8029,0.896,0.5559,0.583
phase5_E_loose_2_predictions.json,43,43,decision_loop,loose_2,Loose-2,policy_sweep,What two members of city council were convicted of extortion in 2005?,ANSWER,0,1,1,1,RETRIEVE_MORE,,2,3,the mayor and 10 city council members,0.4075,0.1404,0.0834,0.1404,0.2096,0.627,0.2096,0.9626,0.8596,0.0191,0.9166,0.8596,0.5925,0.9809
phase5_E_loose_2_predictions.json,43,43,decision_loop,loose_2,Loose-2,policy_sweep,What two members of city council were convicted of extortion in 2005?,ANSWER,0,1,2,2,RERANK,RETRIEVE_MORE,1,5,the mayor and 10 city council members,0.2814,0.1404,0.0416,0.0,0.1943,0.4479,0.0943,0.9706,0.8596,0.1632,0.8749,0.8596,0.7186,0.8368
phase5_E_loose_2_predictions.json,43,43,decision_loop,loose_2,Loose-2,policy_sweep,What two members of city council were convicted of extortion in 2005?,ANSWER,0,1,3,3,RETRIEVE_MORE,RERANK,1,3,the mayor and 10 city council members,0.4372,0.1644,0.0481,0.024,0.2847,0.4336,0.1847,0.9778,0.8356,0.2884,0.8268,0.8356,0.5628,0.7116
phase5_E_loose_2_predictions.json,43,43,decision_loop,loose_2,Loose-2,policy_sweep,What two members of city council were convicted of extortion in 2005?,ANSWER,0,1,4,4,STOP,RETRIEVE_MORE,0,5,the mayor and 10 city council members,0.325,0.1644,0.0,0.0,0.2383,0.2919,0.0383,0.9601,0.8356,0.2529,0.8339,0.8356,0.675,0.7471
phase5_E_loose_2_predictions.json,44,44,decision_loop,loose_2,Loose-2,policy_sweep,What can affect how a person is treated?,ANSWER,0,1,1,1,RETRIEVE_MORE,,2,3,sexual_orientation,0.5751,0.1823,0.1986,0.1823,0.3291,0.6099,0.3291,0.8061,0.8177,0.2289,0.8014,0.8177,0.4249,0.7711
phase5_E_loose_2_predictions.json,44,44,decision_loop,loose_2,Loose-2,policy_sweep,What can affect how a person is treated?,ANSWER,0,1,2,2,RETRIEVE_MORE,RETRIEVE_MORE,1,5,sexual_orientation,0.4215,0.1823,0.0126,0.0,0.2931,0.4061,0.1931,0.8763,0.8177,0.3178,0.7888,0.8177,0.5785,0.6822
phase5_E_loose_2_predictions.json,44,44,decision_loop,loose_2,Loose-2,policy_sweep,What can affect how a person is treated?,ANSWER,0,1,3,3,STOP,RETRIEVE_MORE,0,5,sexual_orientation,0.3605,0.1823,0.0,0.0,0.2669,0.2832,0.0669,0.9411,0.8177,0.2935,0.809,0.8177,0.6395,0.7065
phase5_E_loose_2_predictions.json,45,45,decision_loop,loose_2,Loose-2,policy_sweep,What currency did the euro replace in Portugal?,ANSWER,0,1,1,1,RETRIEVE_MORE,,2,3,portuguese escudo,0.4241,0.158,0.1189,0.158,0.2439,0.6216,0.2439,0.9831,0.842,0.1216,0.8811,0.842,0.5759,0.8784
phase5_E_loose_2_predictions.json,45,45,decision_loop,loose_2,Loose-2,policy_sweep,What currency did the euro replace in Portugal?,ANSWER,0,1,2,2,RERANK,RETRIEVE_MORE,1,5,greek drachma,0.3657,0.158,0.0,0.0,0.2077,0.4382,0.1077,0.9338,0.842,0.0431,0.8948,0.842,0.6343,0.9569
phase5_E_loose_2_predictions.json,45,45,decision_loop,loose_2,Loose-2,policy_sweep,What currency did the euro replace in Portugal?,ANSWER,0,1,3,3,RETRIEVE_MORE,RERANK,1,3,portuguese escudo,0.4241,0.158,0.0137,0.0,0.2439,0.4389,0.1439,0.9831,0.842,0.1216,0.8811,0.842,0.5759,0.8784
phase5_E_loose_2_predictions.json,45,45,decision_loop,loose_2,Loose-2,policy_sweep,What currency did the euro replace in Portugal?,ANSWER,0,1,4,4,STOP,RETRIEVE_MORE,0,5,greek drachma,0.3657,0.158,0.0,0.0,0.2077,0.3132,0.0077,0.9338,0.842,0.0431,0.8948,0.842,0.6343,0.9569
phase5_E_loose_2_predictions.json,46,46,decision_loop,loose_2,Loose-2,policy_sweep,"Which Chinese suffix means ""area, district, region, ward""?",ABSTAIN,0,0,1,1,RETRIEVE_MORE,,2,3,q,0.5021,0.078,0.1035,0.078,0.2415,0.6052,0.2415,0.9078,0.922,0.1535,0.8965,0.922,0.4979,0.8465
phase5_E_loose_2_predictions.json,46,46,decision_loop,loose_2,Loose-2,policy_sweep,"Which Chinese suffix means ""area, district, region, ward""?",ABSTAIN,0,0,2,2,RERANK,RETRIEVE_MORE,1,5,q,0.3011,0.078,0.0117,0.0,0.186,0.4394,0.086,0.9606,0.922,0.2275,0.8849,0.922,0.6989,0.7725
phase5_E_loose_2_predictions.json,46,46,decision_loop,loose_2,Loose-2,policy_sweep,"Which Chinese suffix means ""area, district, region, ward""?",ABSTAIN,0,0,3,3,STOP,RERANK,1,3,jackson,0.3766,0.0798,0.0,0.0018,0.1695,0.4599,0.0695,0.9869,0.9202,0.0087,0.9549,0.9202,0.6234,0.9913
phase5_E_loose_2_predictions.json,47,47,decision_loop,loose_2,Loose-2,policy_sweep,What was another goal of the invasion of Saxony?,ANSWER,0,1,1,1,RERANK,,2,3,recapture normandy,0.3946,0.0814,0.0488,0.0814,0.1762,0.6155,0.1762,0.9708,0.9186,0.0074,0.9512,0.9186,0.6054,0.9926
phase5_E_loose_2_predictions.json,47,47,decision_loop,loose_2,Loose-2,policy_sweep,What was another goal of the invasion of Saxony?,ANSWER,0,1,2,2,RETRIEVE_MORE,RERANK,2,3,recapture normandy,0.4673,0.099,0.0988,0.0177,0.2675,0.5879,0.2675,0.9551,0.901,0.2969,0.8524,0.901,0.5327,0.7031
phase5_E_loose_2_predictions.json,47,47,decision_loop,loose_2,Loose-2,policy_sweep,What was another goal of the invasion of Saxony?,ANSWER,0,1,3,3,RERANK,RETRIEVE_MORE,1,5,recapture normandy,0.3291,0.099,0.0,0.0,0.2104,0.4285,0.1104,0.9635,0.901,0.2535,0.8672,0.901,0.6709,0.7465
phase5_E_loose_2_predictions.json,47,47,decision_loop,loose_2,Loose-2,policy_sweep,What was another goal of the invasion of Saxony?,ANSWER,0,1,4,4,STOP,RERANK,1,3,recapture normandy,0.4464,0.099,0.0093,0.0,0.2589,0.429,0.1589,0.9722,0.901,0.2904,0.8578,0.901,0.5536,0.7096
phase5_E_loose_2_predictions.json,48,48,decision_loop,loose_2,Loose-2,policy_sweep,In what year was War on the Floor released?,ANSWER,0,1,1,1,RETRIEVE_MORE,,2,3,2013,0.6326,0.1751,0.2376,0.1751,0.3722,0.6119,0.3722,0.7894,0.8249,0.3598,0.7624,0.8249,0.3674,0.6402
phase5_E_loose_2_predictions.json,48,48,decision_loop,loose_2,Loose-2,policy_sweep,In what year was War on the Floor released?,ANSWER,0,1,2,2,STOP,RETRIEVE_MORE,1,5,2013,0.4543,0.1751,0.0,0.0,0.3195,0.3929,0.2195,0.8771,0.8249,0.4084,0.7653,0.8249,0.5457,0.5916
phase5_E_loose_2_predictions.json,49,49,decision_loop,loose_2,Loose-2,policy_sweep,Who was the main opponent that began to argue that the flat canvas did not support Cubism?,ANSWER,0,1,1,1,RETRIEVE_MORE,,2,3,nasser,0.4028,0.091,0.0739,0.091,0.1994,0.6106,0.1994,0.9896,0.909,0.0876,0.9261,0.909,0.5972,0.9124
phase5_E_loose_2_predictions.json,49,49,decision_loop,loose_2,Loose-2,policy_sweep,Who was the main opponent that began to argue that the flat canvas did not support Cubism?,ANSWER,0,1,2,2,RERANK,RETRIEVE_MORE,1,5,nasser,0.2996,0.091,0.0437,0.0,0.1889,0.4513,0.0889,0.9625,0.909,0.2151,0.8825,0.909,0.7004,0.7849
phase5_E_loose_2_predictions.json,49,49,decision_loop,loose_2,Loose-2,policy_sweep,Who was the main opponent that began to argue that the flat canvas did not support Cubism?,ANSWER,0,1,3,3,RETRIEVE_MORE,RERANK,1,3,nasser,0.4634,0.1071,0.044,0.0161,0.278,0.4361,0.178,0.9669,0.8929,0.3379,0.8385,0.8929,0.5366,0.6621
phase5_E_loose_2_predictions.json,49,49,decision_loop,loose_2,Loose-2,policy_sweep,Who was the main opponent that began to argue that the flat canvas did not support Cubism?,ANSWER,0,1,4,4,STOP,RETRIEVE_MORE,0,5,nasser,0.3467,0.1071,0.0,0.0,0.2277,0.2972,0.0277,0.9491,0.8929,0.2906,0.8491,0.8929,0.6533,0.7094
phase5_F_balanced_predictions.json,0,0,decision_loop,balanced,Balanced,policy_sweep,What poet wrote a long poem describing Roman religious holidays?,ANSWER,1,1,1,1,RETRIEVE_MORE,,2,3,ovid,0.6484,0.1815,0.2627,0.1815,0.3977,0.6131,0.3977,0.8082,0.8185,0.4453,0.7373,0.8185,0.3516,0.5547
phase5_F_balanced_predictions.json,0,0,decision_loop,balanced,Balanced,policy_sweep,What poet wrote a long poem describing Roman religious holidays?,ANSWER,1,1,2,2,STOP,RETRIEVE_MORE,1,5,ovid,0.4733,0.1815,0.0,0.0,0.3315,0.3892,0.2315,0.8595,0.8185,0.4208,0.7549,0.8185,0.5267,0.5792
phase5_F_balanced_predictions.json,1,1,decision_loop,balanced,Balanced,policy_sweep,What is the form of hydrogen and carbon called?,ANSWER,0,1,1,1,RETRIEVE_MORE,,2,3,ortho-para,0.409,0.1404,0.0941,0.1404,0.2199,0.6232,0.2199,0.9822,0.8596,0.0678,0.9059,0.8596,0.591,0.9322
phase5_F_balanced_predictions.json,1,1,decision_loop,balanced,Balanced,policy_sweep,What is the form of hydrogen and carbon called?,ANSWER,0,1,2,2,RERANK,RETRIEVE_MORE,1,5,ortho-para,0.2859,0.1404,0.0404,0.0,0.2028,0.4441,0.1028,0.9746,0.8596,0.1974,0.8655,0.8596,0.7141,0.8026
phase5_F_balanced_predictions.json,1,1,decision_loop,balanced,Balanced,policy_sweep,What is the form of hydrogen and carbon called?,ANSWER,0,1,3,3,RETRIEVE_MORE,RERANK,1,3,ortho-para,0.4489,0.1645,0.0475,0.0241,0.2942,0.4303,0.1942,0.9736,0.8355,0.3151,0.818,0.8355,0.5511,0.6849
phase5_F_balanced_predictions.json,1,1,decision_loop,balanced,Balanced,policy_sweep,What is the form of hydrogen and carbon called?,ANSWER,0,1,4,4,STOP,RETRIEVE_MORE,0,5,ortho-para,0.3298,0.1645,0.0,0.0,0.2437,0.29,0.0437,0.9611,0.8355,0.2713,0.8286,0.8355,0.6702,0.7287
phase5_F_balanced_predictions.json,2,2,decision_loop,balanced,Balanced,policy_sweep,What adjective did Lawrence Toppman use to describe Craig's portrayal of James Bond?,ANSWER,1,1,1,1,RETRIEVE_MORE,,2,3,bored,0.6383,0.3308,0.3315,0.3308,0.4592,0.6166,0.4592,0.8213,0.6692,0.4346,0.6685,0.6692,0.3617,0.5654
phase5_F_balanced_predictions.json,2,2,decision_loop,balanced,Balanced,policy_sweep,What adjective did Lawrence Toppman use to describe Craig's portrayal of James Bond?,ANSWER,1,1,2,2,ANSWER,RETRIEVE_MORE,1,5,bored,0.5064,0.3308,0.0131,0.0,0.425,0.3596,0.325,0.8458,0.6692,0.4948,0.6553,0.6692,0.4936,0.5052
phase5_F_balanced_predictions.json,3,3,decision_loop,balanced,Balanced,policy_sweep,To what two islands does the ferry service connect?,ANSWER,0,1,1,1,RETRIEVE_MORE,,2,3,east cowes and cowes,0.4183,0.12,0.0982,0.12,0.2239,0.6136,0.2239,0.9854,0.88,0.1175,0.9018,0.88,0.5817,0.8825
phase5_F_balanced_predictions.json,3,3,decision_loop,balanced,Balanced,policy_sweep,To what two islands does the ferry service connect?,ANSWER,0,1,2,2,RERANK,RETRIEVE_MORE,1,5,east cowes and cowes,0.3123,0.12,0.0405,0.0,0.2109,0.4427,0.1109,0.9631,0.88,0.2377,0.8613,0.88,0.6877,0.7623
phase5_F_balanced_predictions.json,3,3,decision_loop,balanced,Balanced,policy_sweep,To what two islands does the ferry service connect?,ANSWER,0,1,3,3,STOP,RERANK,1,3,east cowes and cowes,0.4183,0.12,0.0045,0.0,0.2539,0.4267,0.1539,0.9854,0.88,0.2675,0.8568,0.88,0.5817,0.7325
phase5_F_balanced_predictions.json,4,4,decision_loop,balanced,Balanced,policy_sweep,What took the place of Mac's Xserve server?,ANSWER,1,1,1,1,RETRIEVE_MORE,,2,3,mac mini and mac pro,0.471,0.1313,0.1278,0.1313,0.2601,0.6078,0.2601,0.9609,0.8687,0.181,0.8722,0.8687,0.529,0.819
phase5_F_balanced_predictions.json,4,4,decision_loop,balanced,Balanced,policy_sweep,What took the place of Mac's Xserve server?,ANSWER,1,1,2,2,RERANK,RETRIEVE_MORE,1,5,mac mini and mac pro,0.3318,0.1313,0.0281,0.0,0.2307,0.4317,0.1307,0.9649,0.8687,0.2775,0.8441,0.8687,0.6682,0.7225
phase5_F_balanced_predictions.json,4,4,decision_loop,balanced,Balanced,policy_sweep,What took the place of Mac's Xserve server?,ANSWER,1,1,3,3,RETRIEVE_MORE,RERANK,1,3,mac mini and mac pro,0.471,0.1313,0.0169,0.0,0.2901,0.4213,0.1901,0.9609,0.8687,0.331,0.8272,0.8687,0.529,0.669
phase5_F_balanced_predictions.json,4,4,decision_loop,balanced,Balanced,policy_sweep,What took the place of Mac's Xserve server?,ANSWER,1,1,4,4,STOP,RETRIEVE_MORE,0,5,mac mini and mac pro,0.3318,0.1313,0.0,0.0,0.2307,0.2954,0.0307,0.9649,0.8687,0.2775,0.8441,0.8687,0.6682,0.7225
phase5_F_balanced_predictions.json,5,5,decision_loop,balanced,Balanced,policy_sweep,What is one example of an application that videoconferencing manufacturers have begun to offer?,ANSWER,0,1,1,1,RETRIEVE_MORE,,2,3,live and still image streaming,0.4617,0.0789,0.0852,0.0789,0.2208,0.6043,0.2208,0.9491,0.9211,0.1185,0.9148,0.9211,0.5383,0.8815
phase5_F_balanced_predictions.json,5,5,decision_loop,balanced,Balanced,policy_sweep,What is one example of an application that videoconferencing manufacturers have begun to offer?,ANSWER,0,1,2,2,RERANK,RETRIEVE_MORE,1,5,live and still image streaming,0.2899,0.0789,0.0265,0.0,0.1818,0.4465,0.0818,0.9753,0.9211,0.2244,0.8883,0.9211,0.7101,0.7756
phase5_F_balanced_predictions.json,5,5,decision_loop,balanced,Balanced,policy_sweep,What is one example of an application that videoconferencing manufacturers have begun to offer?,ANSWER,0,1,3,3,STOP,RERANK,1,3,live and still image streaming,0.3854,0.0789,0.0,0.0,0.2118,0.439,0.1118,0.9933,0.9211,0.2073,0.897,0.9211,0.6146,0.7927
phase5_F_balanced_predictions.json,6,6,decision_loop,balanced,Balanced,policy_sweep,What are Italian dialects termed in the Italian language?,ANSWER,0,1,1,1,RETRIEVE_MORE,,2,3,dialects,0.6918,0.1319,0.2028,0.1319,0.3782,0.6101,0.3782,0.8911,0.8681,0.3837,0.7972,0.8681,0.3082,0.6163
phase5_F_balanced_predictions.json,6,6,decision_loop,balanced,Balanced,policy_sweep,What are Italian dialects termed in the Italian language?,ANSWER,0,1,2,2,STOP,RETRIEVE_MORE,1,5,dialects,0.4657,0.1319,0.0018,0.0,0.304,0.4041,0.204,0.919,0.8681,0.4082,0.7954,0.8681,0.5343,0.5918
phase5_F_balanced_predictions.json,7,7,decision_loop,balanced,Balanced,policy_sweep,"Along with exhibition and distribution, what business did the Universal Film Manufacturing Company engage in?",ANSWER,1,1,1,1,RETRIEVE_MORE,,2,3,movie production,0.5062,0.1815,0.1596,0.1815,0.2932,0.6168,0.2932,0.9133,0.8185,0.1715,0.8404,0.8185,0.4938,0.8285
phase5_F_balanced_predictions.json,7,7,decision_loop,balanced,Balanced,policy_sweep,"Along with exhibition and distribution, what business did the Universal Film Manufacturing Company engage in?",ANSWER,1,1,2,2,RERANK,RETRIEVE_MORE,1,5,movie production,0.3761,0.1815,0.0288,0.0,0.2688,0.4206,0.1688,0.928,0.8185,0.2774,0.8116,0.8185,0.6239,0.7226
phase5_F_balanced_predictions.json,7,7,decision_loop,balanced,Balanced,policy_sweep,"Along with exhibition and distribution, what business did the Universal Film Manufacturing Company engage in?",ANSWER,1,1,3,3,STOP,RERANK,1,3,movie production,0.4559,0.1815,0.0,0.0,0.2915,0.4132,0.1915,0.9474,0.8185,0.2512,0.8234,0.8185,0.5441,0.7488
phase5_F_balanced_predictions.json,8,8,decision_loop,balanced,Balanced,policy_sweep,Whose life was 'Schindler's List' based on?,ANSWER,1,1,1,1,RETRIEVE_MORE,,2,3,oskar schindler,0.6628,0.2277,0.2912,0.2277,0.4236,0.6146,0.4236,0.7817,0.7723,0.4457,0.7088,0.7723,0.3372,0.5543
phase5_F_balanced_predictions.json,8,8,decision_loop,balanced,Balanced,policy_sweep,Whose life was 'Schindler's List' based on?,ANSWER,1,1,2,2,STOP,RETRIEVE_MORE,1,5,oskar schindler,0.5082,0.2277,0.0,0.0,0.3613,0.3829,0.2613,0.8603,0.7723,0.4048,0.7368,0.7723,0.4918,0.5952
phase5_F_balanced_predictions.json,9,9,decision_loop,balanced,Balanced,policy_sweep,In what presidential election year did Schwarzenegger make a name for himself as a prominent Republican?,ABSTAIN,0,0,1,1,RERANK,,2,3,2008,0.3674,0.1548,0.081,0.1548,0.1995,0.6336,0.1995,0.9919,0.8452,0.0065,0.919,0.8452,0.6326,0.9935
phase5_F_balanced_predictions.json,9,9,decision_loop,balanced,Balanced,policy_sweep,In what presidential election year did Schwarzenegger make a name for himself as a prominent Republican?,ABSTAIN,0,0,2,2,RETRIEVE_MORE,RERANK,2,3,2008,0.3674,0.1548,0.045,0.0,0.2295,0.5739,0.2295,0.9919,0.8452,0.1565,0.874,0.8452,0.6326,0.8435
phase5_F_balanced_predictions.json,9,9,decision_loop,balanced,Balanced,policy_sweep,In what presidential election year did Schwarzenegger make a name for himself as a prominent Republican?,ABSTAIN,0,0,3,3,RERANK,RETRIEVE_MORE,1,5,2006,0.3614,0.1548,0.0,0.0,0.2154,0.4343,0.1154,0.9497,0.8452,0.0962,0.8837,0.8452,0.6386,0.9038
phase5_F_balanced_predictions.json,9,9,decision_loop,balanced,Balanced,policy_sweep,In what presidential election year did Schwarzenegger make a name for himself as a prominent Republican?,ABSTAIN,0,0,4,4,STOP,RERANK,1,3,2008,0.3674,0.1548,0.0,0.0,0.1995,0.4467,0.0995,0.9919,0.8452,0.0065,0.919,0.8452,0.6326,0.9935
phase5_F_balanced_predictions.json,10,10,decision_loop,balanced,Balanced,policy_sweep,What component of the printed circuit board is appraised with boundary scan testing?,ANSWER,0,1,1,1,RETRIEVE_MORE,,2,3,pcb,0.4025,0.144,0.0838,0.144,0.2092,0.6283,0.2092,0.9676,0.856,0.0177,0.9162,0.856,0.5975,0.9823
phase5_F_balanced_predictions.json,10,10,decision_loop,balanced,Balanced,policy_sweep,What component of the printed circuit board is appraised with boundary scan testing?,ANSWER,0,1,2,2,RERANK,RETRIEVE_MORE,1,5,pcb,0.2761,0.144,0.043,0.0,0.1939,0.4478,0.0939,0.9694,0.856,0.1621,0.8732,0.856,0.7239,0.8379
phase5_F_balanced_predictions.json,10,10,decision_loop,balanced,Balanced,policy_sweep,What component of the printed circuit board is appraised with boundary scan testing?,ANSWER,0,1,3,3,RETRIEVE_MORE,RERANK,1,3,pcb,0.4162,0.1685,0.042,0.0245,0.276,0.4327,0.176,0.9864,0.8315,0.2725,0.8313,0.8315,0.5838,0.7275
phase5_F_balanced_predictions.json,10,10,decision_loop,balanced,Balanced,policy_sweep,What component of the printed circuit board is appraised with boundary scan testing?,ANSWER,0,1,4,4,STOP,RETRIEVE_MORE,0,5,pcb,0.3167,0.1685,0.0,0.0,0.2353,0.292,0.0353,0.9571,0.8315,0.2432,0.8342,0.8315,0.6833,0.7568
phase5_F_balanced_predictions.json,11,11,decision_loop,balanced,Balanced,policy_sweep,Who had FA cup coverage from 1988-1997?,ANSWER,0,1,1,1,RETRIEVE_MORE,,2,3,bbc and sky sports,0.4332,0.1318,0.1127,0.1318,0.2395,0.6133,0.2395,0.9802,0.8682,0.1429,0.8873,0.8682,0.5668,0.8571
phase5_F_balanced_predictions.json,11,11,decision_loop,balanced,Balanced,policy_sweep,Who had FA cup coverage from 1988-1997?,ANSWER,0,1,2,2,RERANK,RETRIEVE_MORE,1,5,bbc and sky sports,0.2916,0.1318,0.0303,0.0,0.2106,0.4371,0.1106,0.9834,0.8682,0.2462,0.8569,0.8682,0.7084,0.7538
phase5_F_balanced_predictions.json,11,11,decision_loop,balanced,Balanced,policy_sweep,Who had FA cup coverage from 1988-1997?,ANSWER,0,1,3,3,RETRIEVE_MORE,RERANK,1,3,bbc and sky sports,0.4332,0.1318,0.0147,0.0,0.2695,0.4257,0.1695,0.9802,0.8682,0.2929,0.8423,0.8682,0.5668,0.7071
phase5_F_balanced_predictions.json,11,11,decision_loop,balanced,Balanced,policy_sweep,Who had FA cup coverage from 1988-1997?,ANSWER,0,1,4,4,STOP,RETRIEVE_MORE,0,5,bbc and sky sports,0.2916,0.1318,0.0,0.0,0.2106,0.2999,0.0106,0.9834,0.8682,0.2462,0.8569,0.8682,0.7084,0.7538
phase5_F_balanced_predictions.json,12,12,decision_loop,balanced,Balanced,policy_sweep,What percentage of the population was Caucasian in 1940?,ANSWER,0,1,1,1,RETRIEVE_MORE,,2,3,3.0%,0.5176,0.1475,0.1644,0.1475,0.2991,0.6082,0.2991,0.9334,0.8525,0.2578,0.8356,0.8525,0.4824,0.7422
phase5_F_balanced_predictions.json,12,12,decision_loop,balanced,Balanced,policy_sweep,What percentage of the population was Caucasian in 1940?,ANSWER,0,1,2,2,RERANK,RETRIEVE_MORE,1,5,3.0%,0.3739,0.1475,0.0209,0.0,0.2645,0.4185,0.1645,0.9463,0.8525,0.3362,0.8147,0.8525,0.6261,0.6638
phase5_F_balanced_predictions.json,12,12,decision_loop,balanced,Balanced,policy_sweep,What percentage of the population was Caucasian in 1940?,ANSWER,0,1,3,3,RETRIEVE_MORE,RERANK,1,3,3.0%,0.5115,0.1475,0.0111,0.0,0.3174,0.4107,0.2174,0.9266,0.8525,0.3601,0.8036,0.8525,0.4885,0.6399
phase5_F_balanced_predictions.json,12,12,decision_loop,balanced,Balanced,policy_sweep,What percentage of the population was Caucasian in 1940?,ANSWER,0,1,4,4,STOP,RETRIEVE_MORE,0,5,3.0%,0.3707,0.1475,0.0,0.0,0.2565,0.2884,0.0565,0.942,0.8525,0.3023,0.824,0.8525,0.6293,0.6977
phase5_F_balanced_predictions.json,13,13,decision_loop,balanced,Balanced,policy_sweep,In what year was Columbia University chartered?,ANSWER,0,1,1,1,RETRIEVE_MORE,,2,3,1950,0.5368,0.1087,0.1396,0.1087,0.2773,0.607,0.2773,0.8777,0.8913,0.2025,0.8604,0.8913,0.4632,0.7975
phase5_F_balanced_predictions.json,13,13,decision_loop,balanced,Balanced,policy_sweep,In what year was Columbia University chartered?,ANSWER,0,1,2,2,RERANK,RETRIEVE_MORE,1,5,1950,0.3486,0.1087,0.0108,0.0,0.2272,0.4267,0.1272,0.9421,0.8913,0.2815,0.8496,0.8913,0.6514,0.7185
phase5_F_balanced_predictions.json,13,13,decision_loop,balanced,Balanced,policy_sweep,In what year was Columbia University chartered?,ANSWER,0,1,3,3,STOP,RERANK,1,3,1950,0.4432,0.1087,0.0024,0.0,0.2665,0.4225,0.1665,0.9763,0.8913,0.3123,0.8472,0.8913,0.5568,0.6877
phase5_F_balanced_predictions.json,14,14,decision_loop,balanced,Balanced,policy_sweep,"What is the owner, tenant or manager of a pub known as?",ANSWER,1,1,1,1,RETRIEVE_MORE,,2,3,pub landlord,0.6605,0.2893,0.3294,0.2893,0.4574,0.6165,0.4574,0.7968,0.7107,0.4802,0.6706,0.7107,0.3395,0.5198
phase5_F_balanced_predictions.json,14,14,decision_loop,balanced,Balanced,policy_sweep,"What is the owner, tenant or manager of a pub known as?",ANSWER,1,1,2,2,ANSWER,RETRIEVE_MORE,1,5,pub landlord,0.5128,0.2893,0.0028,0.0,0.4142,0.3599,0.3142,0.8468,0.7107,0.5228,0.6679,0.7107,0.4872,0.4772
phase5_F_balanced_predictions.json,15,15,decision_loop,balanced,Balanced,policy_sweep,How many people signed a petition in protest of Everton FC's crest redesign in 2013?,ANSWER,0,1,1,1,RETRIEVE_MORE,,2,3,"22,000",0.7013,0.1645,0.227,0.1645,0.4,0.6114,0.4,0.8797,0.8355,0.4025,0.773,0.8355,0.2987,0.5975
phase5_F_balanced_predictions.json,15,15,decision_loop,balanced,Balanced,policy_sweep,How many people signed a petition in protest of Everton FC's crest redesign in 2013?,ANSWER,0,1,2,2,STOP,RETRIEVE_MORE,1,5,"22,000",0.4969,0.1645,0.0,0.0,0.32,0.4045,0.22,0.9439,0.8355,0.3604,0.7984,0.8355,0.5031,0.6396
phase5_F_balanced_predictions.json,16,16,decision_loop,balanced,Balanced,policy_sweep,What did Griffith's tool help increase?,ANSWER,1,1,1,1,RETRIEVE_MORE,,2,3,transparency,0.4171,0.0978,0.0817,0.0978,0.2097,0.6105,0.2097,0.9838,0.9022,0.0986,0.9183,0.9022,0.5829,0.9014
phase5_F_balanced_predictions.json,16,16,decision_loop,balanced,Balanced,policy_sweep,What did Griffith's tool help increase?,ANSWER,1,1,2,2,RERANK,RETRIEVE_MORE,1,5,transparency,0.2972,0.0978,0.0391,0.0,0.1921,0.4483,0.0921,0.971,0.9022,0.2203,0.8792,0.9022,0.7028,0.7797
phase5_F_balanced_predictions.json,16,16,decision_loop,balanced,Balanced,policy_sweep,What did Griffith's tool help increase?,ANSWER,1,1,3,3,STOP,RERANK,1,3,transparency,0.4171,0.0978,0.0059,0.0,0.2397,0.433,0.1397,0.9838,0.9022,0.2486,0.8733,0.9022,0.5829,0.7514
phase5_F_balanced_predictions.json,17,17,decision_loop,balanced,Balanced,policy_sweep,Where do samurais' teachings live on?,ANSWER,0,1,1,1,RERANK,,2,3,lichens,0.3704,0.0784,0.0506,0.0784,0.172,0.6137,0.172,0.996,0.9216,0.0351,0.9494,0.9216,0.6296,0.9649
phase5_F_balanced_predictions.json,17,17,decision_loop,balanced,Balanced,policy_sweep,Where do samurais' teachings live on?,ANSWER,0,1,2,2,RETRIEVE_MORE,RERANK,2,3,lichens,0.4207,0.0933,0.0622,0.0148,0.2281,0.5854,0.2281,0.961,0.9067,0.1945,0.8872,0.9067,0.5793,0.8055
phase5_F_balanced_predictions.json,17,17,decision_loop,balanced,Balanced,policy_sweep,Where do samurais' teachings live on?,ANSWER,0,1,3,3,RERANK,RETRIEVE_MORE,1,5,lichens,0.2795,0.0933,0.0,0.0,0.1757,0.4381,0.0757,0.9756,0.9067,0.1795,0.8946,0.9067,0.7205,0.8205
phase5_F_balanced_predictions.json,17,17,decision_loop,balanced,Balanced,policy_sweep,Where do samurais' teachings live on?,ANSWER,0,1,4,4,STOP,RERANK,1,3,lichens,0.3732,0.0933,0.0,0.0,0.2105,0.4385,0.1105,0.9956,0.9067,0.1894,0.8957,0.9067,0.6268,0.8106
phase5_F_balanced_predictions.json,18,18,decision_loop,balanced,Balanced,policy_sweep,How many years does the term of a Richmond city council representative last?,ANSWER,0,1,1,1,RETRIEVE_MORE,,2,3,4,0.5119,0.2008,0.1698,0.2008,0.3017,0.6209,0.3017,0.8945,0.7992,0.161,0.8302,0.7992,0.4881,0.839
phase5_F_balanced_predictions.json,18,18,decision_loop,balanced,Balanced,policy_sweep,How many years does the term of a Richmond city council representative last?,ANSWER,0,1,2,2,RERANK,RETRIEVE_MORE,1,5,4,0.384,0.2008,0.029,0.0,0.2789,0.417,0.1789,0.9144,0.7992,0.2708,0.8012,0.7992,0.616,0.7292
phase5_F_balanced_predictions.json,18,18,decision_loop,balanced,Balanced,policy_sweep,How many years does the term of a Richmond city council representative last?,ANSWER,0,1,3,3,STOP,RERANK,1,3,4,0.4318,0.2008,0.0,0.0,0.2862,0.4138,0.1862,0.9631,0.7992,0.2236,0.8251,0.7992,0.5682,0.7764
phase5_F_balanced_predictions.json,19,19,decision_loop,balanced,Balanced,policy_sweep,When did an investigation occur under school casualties?,ANSWER,1,1,1,1,RETRIEVE_MORE,,2,3,december 2008,0.4199,0.0844,0.0837,0.0844,0.2107,0.6045,0.2107,0.9852,0.9156,0.1286,0.9163,0.9156,0.5801,0.8714
phase5_F_balanced_predictions.json,19,19,decision_loop,balanced,Balanced,policy_sweep,When did an investigation occur under school casualties?,ANSWER,1,1,2,2,RERANK,RETRIEVE_MORE,1,5,december 2008,0.2883,0.0844,0.0341,0.0,0.1865,0.4474,0.0865,0.9792,0.9156,0.2383,0.8822,0.9156,0.7117,0.7617
phase5_F_balanced_predictions.json,19,19,decision_loop,balanced,Balanced,policy_sweep,When did an investigation occur under school casualties?,ANSWER,1,1,3,3,RETRIEVE_MORE,RERANK,1,3,december 2008,0.4199,0.0844,0.0109,0.0,0.2407,0.4343,0.1407,0.9852,0.9156,0.2786,0.8713,0.9156,0.5801,0.7214
phase5_F_balanced_predictions.json,19,19,decision_loop,balanced,Balanced,policy_sweep,When did an investigation occur under school casualties?,ANSWER,1,1,4,4,STOP,RETRIEVE_MORE,0,5,december 2008,0.2883,0.0844,0.0,0.0,0.1865,0.3088,-0.0135,0.9792,0.9156,0.2383,0.8822,0.9156,0.7117,0.7617
phase5_F_balanced_predictions.json,20,20,decision_loop,balanced,Balanced,policy_sweep,How did Liang Ji die?,ANSWER,0,1,1,1,RETRIEVE_MORE,,2,3,killed after deng mengnü resisted liang ji's attempts to control her,0.5017,0.0861,0.1241,0.0861,0.2609,0.6062,0.2609,0.9439,0.9139,0.2329,0.8759,0.9139,0.4983,0.7671
phase5_F_balanced_predictions.json,20,20,decision_loop,balanced,Balanced,policy_sweep,How did Liang Ji die?,ANSWER,0,1,2,2,RETRIEVE_MORE,RETRIEVE_MORE,1,5,killed after deng mengnü resisted liang ji's attempts to control her,0.413,0.0861,0.0443,0.0,0.2516,0.4338,0.1516,0.8859,0.9139,0.3417,0.8316,0.9139,0.587,0.6583
phase5_F_balanced_predictions.json,20,20,decision_loop,balanced,Balanced,policy_sweep,How did Liang Ji die?,ANSWER,0,1,3,3,STOP,RETRIEVE_MORE,0,5,killed after deng mengnü resisted liang ji's attempts to control her,0.3763,0.0861,0.0,0.0,0.2283,0.2998,0.0283,0.9315,0.9139,0.2893,0.8565,0.9139,0.6237,0.7107
phase5_F_balanced_predictions.json,21,21,decision_loop,balanced,Balanced,policy_sweep,Who supported the reaction against the government?,ANSWER,1,1,1,1,RETRIEVE_MORE,,2,3,durango,0.5666,0.2014,0.223,0.2014,0.3566,0.6111,0.3566,0.8956,0.7986,0.338,0.777,0.7986,0.4334,0.662
phase5_F_balanced_predictions.json,21,21,decision_loop,balanced,Balanced,policy_sweep,Who supported the reaction against the government?,ANSWER,1,1,2,2,RETRIEVE_MORE,RETRIEVE_MORE,1,5,durango,0.4236,0.2014,0.0162,0.0,0.3194,0.3978,0.2194,0.9116,0.7986,0.4027,0.7608,0.7986,0.5764,0.5973
phase5_F_balanced_predictions.json,21,21,decision_loop,balanced,Balanced,policy_sweep,Who supported the reaction against the government?,ANSWER,1,1,3,3,ANSWER,RETRIEVE_MORE,0,5,durango,0.42,0.2014,0.0052,0.0,0.314,0.2705,0.114,0.9102,0.7986,0.3818,0.7668,0.7986,0.58,0.6182
phase5_F_balanced_predictions.json,22,22,decision_loop,balanced,Balanced,policy_sweep,What influences role of minority leader?,ANSWER,1,1,1,1,RETRIEVE_MORE,,2,3,more partisan nature of the house,0.4117,0.1348,0.0833,0.1348,0.2104,0.6248,0.2104,0.9627,0.8652,0.0281,0.9167,0.8652,0.5883,0.9719
phase5_F_balanced_predictions.json,22,22,decision_loop,balanced,Balanced,policy_sweep,What influences role of minority leader?,ANSWER,1,1,2,2,RERANK,RETRIEVE_MORE,1,5,more partisan nature of the house,0.2603,0.1348,0.0382,0.0,0.1853,0.4477,0.0853,0.9813,0.8652,0.1678,0.8785,0.8652,0.7397,0.8322
phase5_F_balanced_predictions.json,22,22,decision_loop,balanced,Balanced,policy_sweep,What influences role of minority leader?,ANSWER,1,1,3,3,RETRIEVE_MORE,RERANK,1,3,personality and contextual factors,0.3734,0.154,0.0,0.0191,0.2093,0.4506,0.1093,0.9962,0.846,0.0464,0.9083,0.846,0.6266,0.9536
phase5_F_balanced_predictions.json,22,22,decision_loop,balanced,Balanced,policy_sweep,What influences role of minority leader?,ANSWER,1,1,4,4,STOP,RETRIEVE_MORE,0,5,personality and contextual factors,0.2818,0.154,0.049,0.0,0.2049,0.3204,0.0049,0.9592,0.846,0.185,0.8593,0.846,0.7182,0.815
phase5_F_balanced_predictions.json,23,23,decision_loop,balanced,Balanced,policy_sweep,What genre was 'LA 2017'?,ANSWER,0,1,1,1,RETRIEVE_MORE,,2,3,mp3,0.473,0.1279,0.1051,0.1279,0.2268,0.6143,0.2268,0.8217,0.8721,0.0185,0.8949,0.8721,0.527,0.9815
phase5_F_balanced_predictions.json,23,23,decision_loop,balanced,Balanced,policy_sweep,What genre was 'LA 2017'?,ANSWER,0,1,2,2,RERANK,RETRIEVE_MORE,1,5,mp3,0.3332,0.1279,0.0279,0.0,0.2068,0.4396,0.1068,0.8991,0.8721,0.163,0.867,0.8721,0.6668,0.837
phase5_F_balanced_predictions.json,23,23,decision_loop,balanced,Balanced,policy_sweep,What genre was 'LA 2017'?,ANSWER,0,1,3,3,STOP,RERANK,1,3,mp3,0.3959,0.1279,0.0,0.0,0.2292,0.4334,0.1292,0.9734,0.8721,0.1655,0.8811,0.8721,0.6041,0.8345
phase5_F_balanced_predictions.json,24,24,decision_loop,balanced,Balanced,policy_sweep,Who had issues with JFK's proposal?,ANSWER,1,1,1,1,RETRIEVE_MORE,,2,3,naacp,0.4797,0.1078,0.1236,0.1078,0.2572,0.6062,0.2572,0.9576,0.8922,0.2039,0.8764,0.8922,0.5203,0.7961
phase5_F_balanced_predictions.json,24,24,decision_loop,balanced,Balanced,policy_sweep,Who had issues with JFK's proposal?,ANSWER,1,1,2,2,RERANK,RETRIEVE_MORE,1,5,naacp,0.3389,0.1078,0.0262,0.0,0.2259,0.4331,0.1259,0.9618,0.8922,0.2941,0.8502,0.8922,0.6611,0.7059
phase5_F_balanced_predictions.json,24,24,decision_loop,balanced,Balanced,policy_sweep,Who had issues with JFK's proposal?,ANSWER,1,1,3,3,RETRIEVE_MORE,RERANK,1,3,naacp,0.4797,0.1078,0.0188,0.0,0.2872,0.4235,0.1872,0.9576,0.8922,0.3539,0.8314,0.8922,0.5203,0.6461
phase5_F_balanced_predictions.json,24,24,decision_loop,balanced,Balanced,policy_sweep,Who had issues with JFK's proposal?,ANSWER,1,1,4,4,STOP,RETRIEVE_MORE,0,5,naacp,0.3389,0.1078,0.0,0.0,0.2259,0.2976,0.0259,0.9618,0.8922,0.2941,0.8502,0.8922,0.6611,0.7059
phase5_F_balanced_predictions.json,25,25,decision_loop,balanced,Balanced,policy_sweep,What does CATOBAR allow for?,ANSWER,0,1,1,1,RETRIEVE_MORE,,2,3,catobar recovery,0.539,0.1252,0.1554,0.1252,0.2938,0.6078,0.2938,0.9026,0.8748,0.2443,0.8446,0.8748,0.461,0.7557
phase5_F_balanced_predictions.json,25,25,decision_loop,balanced,Balanced,policy_sweep,What does CATOBAR allow for?,ANSWER,0,1,2,2,RERANK,RETRIEVE_MORE,1,5,catobar recovery,0.3835,0.1252,0.0174,0.0,0.2553,0.4215,0.1553,0.935,0.8748,0.3238,0.8273,0.8748,0.6165,0.6762
phase5_F_balanced_predictions.json,25,25,decision_loop,balanced,Balanced,policy_sweep,What does CATOBAR allow for?,ANSWER,0,1,3,3,RETRIEVE_MORE,RERANK,1,3,catobar recovery,0.4922,0.1252,0.0117,0.0,0.3032,0.4151,0.2032,0.9504,0.8748,0.3731,0.8156,0.8748,0.5078,0.6269
phase5_F_balanced_predictions.json,25,25,decision_loop,balanced,Balanced,policy_sweep,What does CATOBAR allow for?,ANSWER,0,1,4,4,STOP,RETRIEVE_MORE,0,5,catobar recovery,0.3797,0.1252,0.0,0.0,0.2536,0.2895,0.0536,0.9317,0.8748,0.3221,0.8271,0.8748,0.6203,0.6779
phase5_F_balanced_predictions.json,26,26,decision_loop,balanced,Balanced,policy_sweep,Where were these forts commonly built?,ANSWER,0,1,1,1,RETRIEVE_MORE,,2,3,the swedes,0.4311,0.0863,0.0712,0.0863,0.2032,0.6096,0.2032,0.9609,0.9137,0.0674,0.9288,0.9137,0.5689,0.9326
phase5_F_balanced_predictions.json,26,26,decision_loop,balanced,Balanced,policy_sweep,Where were these forts commonly built?,ANSWER,0,1,2,2,RERANK,RETRIEVE_MORE,1,5,the swedes,0.3046,0.0863,0.0385,0.0,0.185,0.452,0.085,0.9638,0.9137,0.1976,0.8903,0.9137,0.6954,0.8024
phase5_F_balanced_predictions.json,26,26,decision_loop,balanced,Balanced,policy_sweep,Where were these forts commonly built?,ANSWER,0,1,3,3,STOP,RERANK,1,3,the swedes,0.4012,0.0863,0.0001,0.0,0.2218,0.4366,0.1218,0.9862,0.9137,0.2127,0.8903,0.9137,0.5988,0.7873
phase5_F_balanced_predictions.json,27,27,decision_loop,balanced,Balanced,policy_sweep,What bacteria is an exception to single circular chromosome rule?,ANSWER,0,1,1,1,RETRIEVE_MORE,,2,3,borrelia burgdorferi,0.5601,0.1645,0.2023,0.1645,0.337,0.6101,0.337,0.9018,0.8355,0.3345,0.7977,0.8355,0.4399,0.6655
phase5_F_balanced_predictions.json,27,27,decision_loop,balanced,Balanced,policy_sweep,What bacteria is an exception to single circular chromosome rule?,ANSWER,0,1,2,2,RETRIEVE_MORE,RETRIEVE_MORE,1,5,borrelia burgdorferi,0.4324,0.1645,0.0211,0.0,0.307,0.4053,0.207,0.9069,0.8355,0.4083,0.7766,0.8355,0.5676,0.5917
phase5_F_balanced_predictions.json,27,27,decision_loop,balanced,Balanced,policy_sweep,What bacteria is an exception to single circular chromosome rule?,ANSWER,0,1,3,3,ANSWER,RETRIEVE_MORE,0,5,borrelia burgdorferi,0.4308,0.1645,0.0119,0.0,0.3063,0.2766,0.1063,0.9063,0.8355,0.4073,0.7768,0.8355,0.5692,0.5927
phase5_F_balanced_predictions.json,28,28,decision_loop,balanced,Balanced,policy_sweep,Who made up most unions between Europeans and natives?,ANSWER,0,1,1,1,RETRIEVE_MORE,,2,3,africans,0.5093,0.0925,0.1344,0.0925,0.2707,0.6067,0.2707,0.94,0.9075,0.2539,0.8656,0.9075,0.4907,0.7461
phase5_F_balanced_predictions.json,28,28,decision_loop,balanced,Balanced,policy_sweep,Who made up most unions between Europeans and natives?,ANSWER,0,1,2,2,RERANK,RETRIEVE_MORE,1,5,africans,0.3444,0.0925,0.0139,0.0,0.2254,0.4286,0.1254,0.9635,0.9075,0.3159,0.8517,0.9075,0.6556,0.6841
phase5_F_balanced_predictions.json,28,28,decision_loop,balanced,Balanced,policy_sweep,Who made up most unions between Europeans and natives?,ANSWER,0,1,3,3,STOP,RERANK,1,3,africans,0.4454,0.0925,0.0,0.0,0.2504,0.4287,0.1504,0.9658,0.9075,0.2643,0.8676,0.9075,0.5546,0.7357
phase5_F_balanced_predictions.json,29,29,decision_loop,balanced,Balanced,policy_sweep,What did the Guardian name her?,ANSWER,0,1,1,1,RERANK,,2,3,beyoncé,0.3576,0.1055,0.0628,0.1055,0.1792,0.6202,0.1792,0.9988,0.8945,0.0328,0.9372,0.8945,0.6424,0.9672
phase5_F_balanced_predictions.json,29,29,decision_loop,balanced,Balanced,policy_sweep,What did the Guardian name her?,ANSWER,0,1,2,2,RETRIEVE_MORE,RERANK,2,3,beyoncé,0.4277,0.1312,0.0734,0.0257,0.2505,0.5817,0.2505,0.9604,0.8688,0.2089,0.8638,0.8688,0.5723,0.7911
phase5_F_balanced_predictions.json,29,29,decision_loop,balanced,Balanced,policy_sweep,What did the Guardian name her?,ANSWER,0,1,3,3,RERANK,RETRIEVE_MORE,1,5,beyoncé,0.3084,0.1312,0.0,0.0,0.2055,0.4284,0.1055,0.9513,0.8688,0.1924,0.8669,0.8688,0.6916,0.8076
phase5_F_balanced_predictions.json,29,29,decision_loop,balanced,Balanced,policy_sweep,What did the Guardian name her?,ANSWER,0,1,4,4,STOP,RERANK,1,3,beyoncé,0.3884,0.1312,0.0,0.0,0.2357,0.4301,0.1357,0.9914,0.8688,0.2034,0.8717,0.8688,0.6116,0.7966
phase5_F_balanced_predictions.json,30,30,decision_loop,balanced,Balanced,policy_sweep,The lower regions and larger towns of the Alps are well-served by what?,ANSWER,0,1,1,1,RETRIEVE_MORE,,2,3,motorways and main roads,0.4726,0.1368,0.1366,0.1368,0.2674,0.6069,0.2674,0.9622,0.8632,0.2023,0.8634,0.8632,0.5274,0.7977
phase5_F_balanced_predictions.json,30,30,decision_loop,balanced,Balanced,policy_sweep,The lower regions and larger towns of the Alps are well-served by what?,ANSWER,0,1,2,2,RERANK,RETRIEVE_MORE,1,5,motorways and main roads,0.3581,0.1368,0.0385,0.0,0.2475,0.4291,0.1475,0.9213,0.8632,0.3033,0.8249,0.8632,0.6419,0.6967
phase5_F_balanced_predictions.json,30,30,decision_loop,balanced,Balanced,policy_sweep,The lower regions and larger towns of the Alps are well-served by what?,ANSWER,0,1,3,3,STOP,RERANK,1,3,motorways and main roads,0.4726,0.1368,0.0065,0.0,0.2974,0.414,0.1974,0.9622,0.8632,0.3523,0.8184,0.8632,0.5274,0.6477
phase5_F_balanced_predictions.json,31,31,decision_loop,balanced,Balanced,policy_sweep,What does the French constitution state for the language in Aslace?,ABSTAIN,0,0,1,1,RERANK,,2,3,standardisation of dutch language,0.3588,0.0815,0.0446,0.0815,0.1644,0.617,0.1644,0.9965,0.9185,0.0105,0.9554,0.9185,0.6412,0.9895
phase5_F_balanced_predictions.json,31,31,decision_loop,balanced,Balanced,policy_sweep,What does the French constitution state for the language in Aslace?,ABSTAIN,0,0,2,2,RETRIEVE_MORE,RERANK,2,3,standardisation of dutch language,0.3588,0.0815,0.045,0.0,0.1944,0.5866,0.1944,0.9965,0.9185,0.1605,0.9104,0.9185,0.6412,0.8395
phase5_F_balanced_predictions.json,31,31,decision_loop,balanced,Balanced,policy_sweep,What does the French constitution state for the language in Aslace?,ABSTAIN,0,0,3,3,RERANK,RETRIEVE_MORE,1,5,standardisation of dutch language,0.2648,0.0815,0.0041,0.0,0.1609,0.4438,0.0609,0.9721,0.9185,0.1577,0.9064,0.9185,0.7352,0.8423
phase5_F_balanced_predictions.json,31,31,decision_loop,balanced,Balanced,policy_sweep,What does the French constitution state for the language in Aslace?,ABSTAIN,0,0,4,4,STOP,RERANK,1,3,standardisation of dutch language,0.3588,0.0815,0.0,0.0,0.1944,0.4436,0.0944,0.9965,0.9185,0.1605,0.9104,0.9185,0.6412,0.8395
phase5_F_balanced_predictions.json,32,32,decision_loop,balanced,Balanced,policy_sweep,Which BYU building features films in several languages?,ANSWER,1,1,1,1,RETRIEVE_MORE,,2,3,international cinema,0.5971,0.1829,0.228,0.1829,0.3641,0.6114,0.3641,0.8633,0.8171,0.3641,0.772,0.8171,0.4029,0.6359
phase5_F_balanced_predictions.json,32,32,decision_loop,balanced,Balanced,policy_sweep,Which BYU building features films in several languages?,ANSWER,1,1,2,2,STOP,RETRIEVE_MORE,1,5,international cinema,0.4362,0.1829,0.0065,0.0,0.3181,0.3955,0.2181,0.9086,0.8171,0.4159,0.7655,0.8171,0.5638,0.5841
phase5_F_balanced_predictions.json,33,33,decision_loop,balanced,Balanced,policy_sweep,What has helped geneologists researching slaves?,ANSWER,0,1,1,1,RERANK,,2,3,slave ships stopping at ports such as charleston,0.3812,0.0605,0.051,0.0605,0.1739,0.6063,0.1739,0.9953,0.9395,0.0661,0.949,0.9395,0.6188,0.9339
phase5_F_balanced_predictions.json,33,33,decision_loop,balanced,Balanced,policy_sweep,What has helped geneologists researching slaves?,ANSWER,0,1,2,2,RETRIEVE_MORE,RERANK,2,3,slave ships stopping at ports such as charleston,0.3812,0.0605,0.045,0.0,0.2039,0.5844,0.2039,0.9953,0.9395,0.2161,0.904,0.9395,0.6188,0.7839
phase5_F_balanced_predictions.json,33,33,decision_loop,balanced,Balanced,policy_sweep,What has helped geneologists researching slaves?,ANSWER,0,1,3,3,RERANK,RETRIEVE_MORE,1,5,slave ships stopping at ports such as charleston,0.2492,0.0605,0.0,0.0,0.1497,0.4449,0.0497,0.9851,0.9395,0.1762,0.9139,0.9395,0.7508,0.8238
phase5_F_balanced_predictions.json,33,33,decision_loop,balanced,Balanced,policy_sweep,What has helped geneologists researching slaves?,ANSWER,0,1,4,4,RETRIEVE_MORE,RERANK,1,3,treaties,0.4298,0.0777,0.0,0.0172,0.2044,0.4565,0.1044,0.9738,0.9223,0.0951,0.9274,0.9223,0.5702,0.9049
phase5_F_balanced_predictions.json,33,33,decision_loop,balanced,Balanced,policy_sweep,What has helped geneologists researching slaves?,ANSWER,0,1,5,5,STOP,RETRIEVE_MORE,0,5,treaties,0.3086,0.0777,0.0385,0.0,0.1866,0.3265,-0.0134,0.9662,0.9223,0.2183,0.8889,0.9223,0.6914,0.7817
phase5_F_balanced_predictions.json,34,34,decision_loop,balanced,Balanced,policy_sweep,When did the first free election take place?,ANSWER,1,1,1,1,RETRIEVE_MORE,,2,3,1492,0.5376,0.1743,0.1911,0.1743,0.3252,0.6096,0.3252,0.9194,0.8257,0.2929,0.8089,0.8257,0.4624,0.7071
phase5_F_balanced_predictions.json,34,34,decision_loop,balanced,Balanced,policy_sweep,When did the first free election take place?,ANSWER,1,1,2,2,RETRIEVE_MORE,RETRIEVE_MORE,1,5,1492,0.4015,0.1743,0.0208,0.0,0.2927,0.4091,0.1927,0.9292,0.8257,0.3687,0.7881,0.8257,0.5985,0.6313
phase5_F_balanced_predictions.json,34,34,decision_loop,balanced,Balanced,policy_sweep,When did the first free election take place?,ANSWER,1,1,3,3,ANSWER,RETRIEVE_MORE,0,5,1492,0.3995,0.1743,0.0089,0.0,0.2918,0.2794,0.0918,0.9279,0.8257,0.3677,0.7881,0.8257,0.6005,0.6323
phase5_F_balanced_predictions.json,35,35,decision_loop,balanced,Balanced,policy_sweep,Of what discipline is ethology a branch?,ANSWER,1,1,1,1,RETRIEVE_MORE,,2,3,zoology,0.451,0.1628,0.135,0.1628,0.2631,0.6179,0.2631,0.972,0.8372,0.16,0.865,0.8372,0.549,0.84
phase5_F_balanced_predictions.json,35,35,decision_loop,balanced,Balanced,policy_sweep,Of what discipline is ethology a branch?,ANSWER,1,1,2,2,RERANK,RETRIEVE_MORE,1,5,zoology,0.3276,0.1628,0.0111,0.0,0.2288,0.4283,0.1288,0.9829,0.8372,0.2041,0.8539,0.8372,0.6724,0.7959
phase5_F_balanced_predictions.json,35,35,decision_loop,balanced,Balanced,policy_sweep,Of what discipline is ethology a branch?,ANSWER,1,1,3,3,RETRIEVE_MORE,RERANK,1,3,zoology,0.451,0.1628,0.0339,0.0,0.2931,0.4256,0.1931,0.972,0.8372,0.31,0.82,0.8372,0.549,0.69
phase5_F_balanced_predictions.json,35,35,decision_loop,balanced,Balanced,policy_sweep,Of what discipline is ethology a branch?,ANSWER,1,1,4,4,STOP,RETRIEVE_MORE,0,5,zoology,0.3276,0.1628,0.0,0.0,0.2288,0.2989,0.0288,0.9829,0.8372,0.2041,0.8539,0.8372,0.6724,0.7959
phase5_F_balanced_predictions.json,36,36,decision_loop,balanced,Balanced,policy_sweep,What New Haven trial is known to be the longest in the history of Connecticut?,ANSWER,0,1,1,1,RERANK,,2,3,bridgeport,0.3993,0.1679,0.1099,0.1679,0.2313,0.6287,0.2313,0.9902,0.8321,0.0799,0.8901,0.8321,0.6007,0.9201
phase5_F_balanced_predictions.json,36,36,decision_loop,balanced,Balanced,policy_sweep,What New Haven trial is known to be the longest in the history of Connecticut?,ANSWER,0,1,2,2,RETRIEVE_MORE,RERANK,2,3,bridgeport,0.3893,0.1679,0.0269,0.0,0.244,0.5629,0.244,0.9778,0.8321,0.1611,0.8633,0.8321,0.6107,0.8389
phase5_F_balanced_predictions.json,36,36,decision_loop,balanced,Balanced,policy_sweep,What New Haven trial is known to be the longest in the history of Connecticut?,ANSWER,0,1,3,3,RERANK,RETRIEVE_MORE,1,5,bridgeport,0.2686,0.1679,0.0,0.0,0.2011,0.4276,0.1011,0.9787,0.8321,0.1576,0.8645,0.8321,0.7314,0.8424
phase5_F_balanced_predictions.json,36,36,decision_loop,balanced,Balanced,policy_sweep,What New Haven trial is known to be the longest in the history of Connecticut?,ANSWER,0,1,4,4,STOP,RERANK,1,3,bridgeport,0.3893,0.1679,0.0012,0.0,0.244,0.4276,0.144,0.9778,0.8321,0.1611,0.8633,0.8321,0.6107,0.8389
phase5_F_balanced_predictions.json,37,37,decision_loop,balanced,Balanced,policy_sweep,In what periodical was the new sovereign status of the Russian Federation first published?,ANSWER,1,1,1,1,RETRIEVE_MORE,,2,3,rossiyskaya gazeta,0.5032,0.1608,0.1678,0.1608,0.2993,0.6084,0.2993,0.9444,0.8392,0.2543,0.8322,0.8392,0.4968,0.7457
phase5_F_balanced_predictions.json,37,37,decision_loop,balanced,Balanced,policy_sweep,In what periodical was the new sovereign status of the Russian Federation first published?,ANSWER,1,1,2,2,RERANK,RETRIEVE_MORE,1,5,rossiyskaya gazeta,0.3688,0.1608,0.0249,0.0,0.2687,0.4175,0.1687,0.9432,0.8392,0.3364,0.8073,0.8392,0.6312,0.6636
phase5_F_balanced_predictions.json,37,37,decision_loop,balanced,Balanced,policy_sweep,In what periodical was the new sovereign status of the Russian Federation first published?,ANSWER,1,1,3,3,RETRIEVE_MORE,RERANK,1,3,rossiyskaya gazeta,0.5032,0.1608,0.0201,0.0,0.3293,0.4086,0.2293,0.9444,0.8392,0.4043,0.7872,0.8392,0.4968,0.5957
phase5_F_balanced_predictions.json,37,37,decision_loop,balanced,Balanced,policy_sweep,In what periodical was the new sovereign status of the Russian Federation first published?,ANSWER,1,1,4,4,STOP,RETRIEVE_MORE,0,5,rossiyskaya gazeta,0.3688,0.1608,0.0,0.0,0.2687,0.2826,0.0687,0.9432,0.8392,0.3364,0.8073,0.8392,0.6312,0.6636
phase5_F_balanced_predictions.json,38,38,decision_loop,balanced,Balanced,policy_sweep,The first ship to carry a human through space was called what?,ANSWER,0,1,1,1,RETRIEVE_MORE,,2,3,tardis,0.4063,0.1055,0.0872,0.1055,0.2112,0.6117,0.2112,0.9894,0.8945,0.1077,0.9128,0.8945,0.5937,0.8923
phase5_F_balanced_predictions.json,38,38,decision_loop,balanced,Balanced,policy_sweep,The first ship to carry a human through space was called what?,ANSWER,0,1,2,2,RERANK,RETRIEVE_MORE,1,5,tardis,0.2861,0.1055,0.0375,0.0,0.1928,0.4464,0.0928,0.979,0.8945,0.2258,0.8753,0.8945,0.7139,0.7742
phase5_F_balanced_predictions.json,38,38,decision_loop,balanced,Balanced,policy_sweep,The first ship to carry a human through space was called what?,ANSWER,0,1,3,3,RETRIEVE_MORE,RERANK,1,3,tardis,0.4816,0.1321,0.0435,0.0266,0.2879,0.4335,0.1879,0.9385,0.8679,0.2997,0.8318,0.8679,0.5184,0.7003
phase5_F_balanced_predictions.json,38,38,decision_loop,balanced,Balanced,policy_sweep,The first ship to carry a human through space was called what?,ANSWER,0,1,4,4,STOP,RETRIEVE_MORE,0,5,tardis,0.3445,0.1321,0.0,0.0,0.2314,0.2964,0.0314,0.9508,0.8679,0.2571,0.847,0.8679,0.6555,0.7429
phase5_F_balanced_predictions.json,39,39,decision_loop,balanced,Balanced,policy_sweep,What is an alloy?,ANSWER,0,1,1,1,RETRIEVE_MORE,,2,3,alloys,0.4483,0.1009,0.0915,0.1009,0.2246,0.6083,0.2246,0.9618,0.8991,0.1116,0.9085,0.8991,0.5517,0.8884
phase5_F_balanced_predictions.json,39,39,decision_loop,balanced,Balanced,policy_sweep,What is an alloy?,ANSWER,0,1,2,2,RERANK,RETRIEVE_MORE,1,5,alloys,0.3072,0.1009,0.0324,0.0,0.1982,0.4446,0.0982,0.9723,0.8991,0.2265,0.8761,0.8991,0.6928,0.7735
phase5_F_balanced_predictions.json,39,39,decision_loop,balanced,Balanced,policy_sweep,What is an alloy?,ANSWER,0,1,3,3,RETRIEVE_MORE,RERANK,1,3,alloys,0.4843,0.1195,0.0566,0.0187,0.2979,0.4345,0.1979,0.9558,0.8805,0.3728,0.8195,0.8805,0.5157,0.6272
phase5_F_balanced_predictions.json,39,39,decision_loop,balanced,Balanced,policy_sweep,What is an alloy?,ANSWER,0,1,4,4,STOP,RETRIEVE_MORE,0,5,alloys,0.3537,0.1195,0.0,0.0,0.2401,0.293,0.0401,0.954,0.8805,0.3128,0.8372,0.8805,0.6463,0.6872
phase5_F_balanced_predictions.json,40,40,decision_loop,balanced,Balanced,policy_sweep,Where was the Galilean village?,ANSWER,1,1,1,1,RETRIEVE_MORE,,2,3,nazareth,0.5174,0.1696,0.1734,0.1696,0.3075,0.6087,0.3075,0.9324,0.8304,0.2502,0.8266,0.8304,0.4826,0.7498
phase5_F_balanced_predictions.json,40,40,decision_loop,balanced,Balanced,policy_sweep,Where was the Galilean village?,ANSWER,1,1,2,2,RETRIEVE_MORE,RETRIEVE_MORE,1,5,nazareth,0.4018,0.1696,0.0311,0.0,0.2858,0.4159,0.1858,0.9178,0.8304,0.3443,0.7955,0.8304,0.5982,0.6557
phase5_F_balanced_predictions.json,40,40,decision_loop,balanced,Balanced,policy_sweep,Where was the Galilean village?,ANSWER,1,1,3,3,STOP,RETRIEVE_MORE,0,5,nazareth,0.3769,0.1696,0.0,0.0,0.2658,0.2853,0.0658,0.9314,0.8304,0.2876,0.8152,0.8304,0.6231,0.7124
phase5_F_balanced_predictions.json,41,41,decision_loop,balanced,Balanced,policy_sweep,A fifth terminal was opened in 2008 for which UK airline?,ANSWER,0,1,1,1,RETRIEVE_MORE,,2,3,london heathrow airport,0.4387,0.1389,0.1164,0.1389,0.2443,0.6148,0.2443,0.9773,0.8611,0.1413,0.8836,0.8611,0.5613,0.8587
phase5_F_balanced_predictions.json,41,41,decision_loop,balanced,Balanced,policy_sweep,A fifth terminal was opened in 2008 for which UK airline?,ANSWER,0,1,2,2,RERANK,RETRIEVE_MORE,1,5,london heathrow airport,0.3318,0.1389,0.0395,0.0,0.23,0.4362,0.13,0.9532,0.8611,0.2568,0.8442,0.8611,0.6682,0.7432
phase5_F_balanced_predictions.json,41,41,decision_loop,balanced,Balanced,policy_sweep,A fifth terminal was opened in 2008 for which UK airline?,ANSWER,0,1,3,3,STOP,RERANK,1,3,london heathrow airport,0.4332,0.1389,0.0,0.0,0.2617,0.4235,0.1617,0.9682,0.8611,0.2382,0.8527,0.8611,0.5668,0.7618
phase5_F_balanced_predictions.json,42,42,decision_loop,balanced,Balanced,policy_sweep,Does Florida benefit from taxes,ANSWER,0,1,1,1,RETRIEVE_MORE,,2,3,exemptions,0.5134,0.0871,0.1253,0.0871,0.2641,0.6063,0.2641,0.9304,0.9129,0.2262,0.8747,0.9129,0.4866,0.7738
phase5_F_balanced_predictions.json,42,42,decision_loop,balanced,Balanced,policy_sweep,Does Florida benefit from taxes,ANSWER,0,1,2,2,RETRIEVE_MORE,RETRIEVE_MORE,1,5,exemptions,0.4189,0.0871,0.0411,0.0,0.2527,0.4332,0.1527,0.8872,0.9129,0.3346,0.8335,0.9129,0.5811,0.6654
phase5_F_balanced_predictions.json,42,42,decision_loop,balanced,Balanced,policy_sweep,Does Florida benefit from taxes,ANSWER,0,1,3,3,STOP,RETRIEVE_MORE,0,5,exemptions,0.4441,0.104,0.0411,0.0169,0.2856,0.2975,0.0856,0.9,0.896,0.417,0.8029,0.896,0.5559,0.583
phase5_F_balanced_predictions.json,43,43,decision_loop,balanced,Balanced,policy_sweep,What two members of city council were convicted of extortion in 2005?,ANSWER,0,1,1,1,RETRIEVE_MORE,,2,3,the mayor and 10 city council members,0.4075,0.1404,0.0834,0.1404,0.2096,0.627,0.2096,0.9626,0.8596,0.0191,0.9166,0.8596,0.5925,0.9809
phase5_F_balanced_predictions.json,43,43,decision_loop,balanced,Balanced,policy_sweep,What two members of city council were convicted of extortion in 2005?,ANSWER,0,1,2,2,RERANK,RETRIEVE_MORE,1,5,the mayor and 10 city council members,0.2814,0.1404,0.0416,0.0,0.1943,0.4479,0.0943,0.9706,0.8596,0.1632,0.8749,0.8596,0.7186,0.8368
phase5_F_balanced_predictions.json,43,43,decision_loop,balanced,Balanced,policy_sweep,What two members of city council were convicted of extortion in 2005?,ANSWER,0,1,3,3,RETRIEVE_MORE,RERANK,1,3,the mayor and 10 city council members,0.4372,0.1644,0.0481,0.024,0.2847,0.4336,0.1847,0.9778,0.8356,0.2884,0.8268,0.8356,0.5628,0.7116
phase5_F_balanced_predictions.json,43,43,decision_loop,balanced,Balanced,policy_sweep,What two members of city council were convicted of extortion in 2005?,ANSWER,0,1,4,4,STOP,RETRIEVE_MORE,0,5,the mayor and 10 city council members,0.325,0.1644,0.0,0.0,0.2383,0.2919,0.0383,0.9601,0.8356,0.2529,0.8339,0.8356,0.675,0.7471
phase5_F_balanced_predictions.json,44,44,decision_loop,balanced,Balanced,policy_sweep,What can affect how a person is treated?,ANSWER,0,1,1,1,RETRIEVE_MORE,,2,3,sexual_orientation,0.5751,0.1823,0.1986,0.1823,0.3291,0.6099,0.3291,0.8061,0.8177,0.2289,0.8014,0.8177,0.4249,0.7711
phase5_F_balanced_predictions.json,44,44,decision_loop,balanced,Balanced,policy_sweep,What can affect how a person is treated?,ANSWER,0,1,2,2,RETRIEVE_MORE,RETRIEVE_MORE,1,5,sexual_orientation,0.4215,0.1823,0.0126,0.0,0.2931,0.4061,0.1931,0.8763,0.8177,0.3178,0.7888,0.8177,0.5785,0.6822
phase5_F_balanced_predictions.json,44,44,decision_loop,balanced,Balanced,policy_sweep,What can affect how a person is treated?,ANSWER,0,1,3,3,STOP,RETRIEVE_MORE,0,5,sexual_orientation,0.3605,0.1823,0.0,0.0,0.2669,0.2832,0.0669,0.9411,0.8177,0.2935,0.809,0.8177,0.6395,0.7065
phase5_F_balanced_predictions.json,45,45,decision_loop,balanced,Balanced,policy_sweep,What currency did the euro replace in Portugal?,ANSWER,0,1,1,1,RETRIEVE_MORE,,2,3,portuguese escudo,0.4241,0.158,0.1189,0.158,0.2439,0.6216,0.2439,0.9831,0.842,0.1216,0.8811,0.842,0.5759,0.8784
phase5_F_balanced_predictions.json,45,45,decision_loop,balanced,Balanced,policy_sweep,What currency did the euro replace in Portugal?,ANSWER,0,1,2,2,RERANK,RETRIEVE_MORE,1,5,greek drachma,0.3657,0.158,0.0,0.0,0.2077,0.4382,0.1077,0.9338,0.842,0.0431,0.8948,0.842,0.6343,0.9569
phase5_F_balanced_predictions.json,45,45,decision_loop,balanced,Balanced,policy_sweep,What currency did the euro replace in Portugal?,ANSWER,0,1,3,3,RETRIEVE_MORE,RERANK,1,3,portuguese escudo,0.4241,0.158,0.0137,0.0,0.2439,0.4389,0.1439,0.9831,0.842,0.1216,0.8811,0.842,0.5759,0.8784
phase5_F_balanced_predictions.json,45,45,decision_loop,balanced,Balanced,policy_sweep,What currency did the euro replace in Portugal?,ANSWER,0,1,4,4,STOP,RETRIEVE_MORE,0,5,greek drachma,0.3657,0.158,0.0,0.0,0.2077,0.3132,0.0077,0.9338,0.842,0.0431,0.8948,0.842,0.6343,0.9569
phase5_F_balanced_predictions.json,46,46,decision_loop,balanced,Balanced,policy_sweep,"Which Chinese suffix means ""area, district, region, ward""?",ABSTAIN,0,0,1,1,RETRIEVE_MORE,,2,3,q,0.5021,0.078,0.1035,0.078,0.2415,0.6052,0.2415,0.9078,0.922,0.1535,0.8965,0.922,0.4979,0.8465
phase5_F_balanced_predictions.json,46,46,decision_loop,balanced,Balanced,policy_sweep,"Which Chinese suffix means ""area, district, region, ward""?",ABSTAIN,0,0,2,2,RERANK,RETRIEVE_MORE,1,5,q,0.3011,0.078,0.0117,0.0,0.186,0.4394,0.086,0.9606,0.922,0.2275,0.8849,0.922,0.6989,0.7725
phase5_F_balanced_predictions.json,46,46,decision_loop,balanced,Balanced,policy_sweep,"Which Chinese suffix means ""area, district, region, ward""?",ABSTAIN,0,0,3,3,STOP,RERANK,1,3,jackson,0.3766,0.0798,0.0,0.0018,0.1695,0.4599,0.0695,0.9869,0.9202,0.0087,0.9549,0.9202,0.6234,0.9913
phase5_F_balanced_predictions.json,47,47,decision_loop,balanced,Balanced,policy_sweep,What was another goal of the invasion of Saxony?,ANSWER,0,1,1,1,RERANK,,2,3,recapture normandy,0.3946,0.0814,0.0488,0.0814,0.1762,0.6155,0.1762,0.9708,0.9186,0.0074,0.9512,0.9186,0.6054,0.9926
phase5_F_balanced_predictions.json,47,47,decision_loop,balanced,Balanced,policy_sweep,What was another goal of the invasion of Saxony?,ANSWER,0,1,2,2,RETRIEVE_MORE,RERANK,2,3,recapture normandy,0.4673,0.099,0.0988,0.0177,0.2675,0.5879,0.2675,0.9551,0.901,0.2969,0.8524,0.901,0.5327,0.7031
phase5_F_balanced_predictions.json,47,47,decision_loop,balanced,Balanced,policy_sweep,What was another goal of the invasion of Saxony?,ANSWER,0,1,3,3,RERANK,RETRIEVE_MORE,1,5,recapture normandy,0.3291,0.099,0.0,0.0,0.2104,0.4285,0.1104,0.9635,0.901,0.2535,0.8672,0.901,0.6709,0.7465
phase5_F_balanced_predictions.json,47,47,decision_loop,balanced,Balanced,policy_sweep,What was another goal of the invasion of Saxony?,ANSWER,0,1,4,4,STOP,RERANK,1,3,recapture normandy,0.4464,0.099,0.0093,0.0,0.2589,0.429,0.1589,0.9722,0.901,0.2904,0.8578,0.901,0.5536,0.7096
phase5_F_balanced_predictions.json,48,48,decision_loop,balanced,Balanced,policy_sweep,In what year was War on the Floor released?,ANSWER,0,1,1,1,RETRIEVE_MORE,,2,3,2013,0.6326,0.1751,0.2376,0.1751,0.3722,0.6119,0.3722,0.7894,0.8249,0.3598,0.7624,0.8249,0.3674,0.6402
phase5_F_balanced_predictions.json,48,48,decision_loop,balanced,Balanced,policy_sweep,In what year was War on the Floor released?,ANSWER,0,1,2,2,STOP,RETRIEVE_MORE,1,5,2013,0.4543,0.1751,0.0,0.0,0.3195,0.3929,0.2195,0.8771,0.8249,0.4084,0.7653,0.8249,0.5457,0.5916
phase5_F_balanced_predictions.json,49,49,decision_loop,balanced,Balanced,policy_sweep,Who was the main opponent that began to argue that the flat canvas did not support Cubism?,ANSWER,0,1,1,1,RETRIEVE_MORE,,2,3,nasser,0.4028,0.091,0.0739,0.091,0.1994,0.6106,0.1994,0.9896,0.909,0.0876,0.9261,0.909,0.5972,0.9124
phase5_F_balanced_predictions.json,49,49,decision_loop,balanced,Balanced,policy_sweep,Who was the main opponent that began to argue that the flat canvas did not support Cubism?,ANSWER,0,1,2,2,RERANK,RETRIEVE_MORE,1,5,nasser,0.2996,0.091,0.0437,0.0,0.1889,0.4513,0.0889,0.9625,0.909,0.2151,0.8825,0.909,0.7004,0.7849
phase5_F_balanced_predictions.json,49,49,decision_loop,balanced,Balanced,policy_sweep,Who was the main opponent that began to argue that the flat canvas did not support Cubism?,ANSWER,0,1,3,3,RETRIEVE_MORE,RERANK,1,3,nasser,0.4634,0.1071,0.044,0.0161,0.278,0.4361,0.178,0.9669,0.8929,0.3379,0.8385,0.8929,0.5366,0.6621
phase5_F_balanced_predictions.json,49,49,decision_loop,balanced,Balanced,policy_sweep,Who was the main opponent that began to argue that the flat canvas did not support Cubism?,ANSWER,0,1,4,4,STOP,RETRIEVE_MORE,0,5,nasser,0.3467,0.1071,0.0,0.0,0.2277,0.2972,0.0277,0.9491,0.8929,0.2906,0.8491,0.8929,0.6533,0.7094
phase5_G_selective_predictions.json,0,0,decision_loop,selective,Selective,policy_sweep,What poet wrote a long poem describing Roman religious holidays?,ANSWER,1,1,1,1,RETRIEVE_MORE,,2,3,ovid,0.6484,0.1815,0.2627,0.1815,0.3977,0.6131,0.3977,0.8082,0.8185,0.4453,0.7373,0.8185,0.3516,0.5547
phase5_G_selective_predictions.json,0,0,decision_loop,selective,Selective,policy_sweep,What poet wrote a long poem describing Roman religious holidays?,ANSWER,1,1,2,2,STOP,RETRIEVE_MORE,1,5,ovid,0.4733,0.1815,0.0,0.0,0.3315,0.3892,0.2315,0.8595,0.8185,0.4208,0.7549,0.8185,0.5267,0.5792
phase5_G_selective_predictions.json,1,1,decision_loop,selective,Selective,policy_sweep,What is the form of hydrogen and carbon called?,ANSWER,0,1,1,1,RETRIEVE_MORE,,2,3,ortho-para,0.409,0.1404,0.0941,0.1404,0.2199,0.6232,0.2199,0.9822,0.8596,0.0678,0.9059,0.8596,0.591,0.9322
phase5_G_selective_predictions.json,1,1,decision_loop,selective,Selective,policy_sweep,What is the form of hydrogen and carbon called?,ANSWER,0,1,2,2,RERANK,RETRIEVE_MORE,1,5,ortho-para,0.2859,0.1404,0.0404,0.0,0.2028,0.4441,0.1028,0.9746,0.8596,0.1974,0.8655,0.8596,0.7141,0.8026
phase5_G_selective_predictions.json,1,1,decision_loop,selective,Selective,policy_sweep,What is the form of hydrogen and carbon called?,ANSWER,0,1,3,3,RETRIEVE_MORE,RERANK,1,3,ortho-para,0.4489,0.1645,0.0475,0.0241,0.2942,0.4303,0.1942,0.9736,0.8355,0.3151,0.818,0.8355,0.5511,0.6849
phase5_G_selective_predictions.json,1,1,decision_loop,selective,Selective,policy_sweep,What is the form of hydrogen and carbon called?,ANSWER,0,1,4,4,STOP,RETRIEVE_MORE,0,5,ortho-para,0.3298,0.1645,0.0,0.0,0.2437,0.29,0.0437,0.9611,0.8355,0.2713,0.8286,0.8355,0.6702,0.7287
phase5_G_selective_predictions.json,2,2,decision_loop,selective,Selective,policy_sweep,What adjective did Lawrence Toppman use to describe Craig's portrayal of James Bond?,ANSWER,1,1,1,1,RETRIEVE_MORE,,2,3,bored,0.6383,0.3308,0.3315,0.3308,0.4592,0.6166,0.4592,0.8213,0.6692,0.4346,0.6685,0.6692,0.3617,0.5654
phase5_G_selective_predictions.json,2,2,decision_loop,selective,Selective,policy_sweep,What adjective did Lawrence Toppman use to describe Craig's portrayal of James Bond?,ANSWER,1,1,2,2,ANSWER,RETRIEVE_MORE,1,5,bored,0.5064,0.3308,0.0131,0.0,0.425,0.3596,0.325,0.8458,0.6692,0.4948,0.6553,0.6692,0.4936,0.5052
phase5_G_selective_predictions.json,3,3,decision_loop,selective,Selective,policy_sweep,To what two islands does the ferry service connect?,ANSWER,0,1,1,1,RETRIEVE_MORE,,2,3,east cowes and cowes,0.4183,0.12,0.0982,0.12,0.2239,0.6136,0.2239,0.9854,0.88,0.1175,0.9018,0.88,0.5817,0.8825
phase5_G_selective_predictions.json,3,3,decision_loop,selective,Selective,policy_sweep,To what two islands does the ferry service connect?,ANSWER,0,1,2,2,RERANK,RETRIEVE_MORE,1,5,east cowes and cowes,0.3123,0.12,0.0405,0.0,0.2109,0.4427,0.1109,0.9631,0.88,0.2377,0.8613,0.88,0.6877,0.7623
phase5_G_selective_predictions.json,3,3,decision_loop,selective,Selective,policy_sweep,To what two islands does the ferry service connect?,ANSWER,0,1,3,3,STOP,RERANK,1,3,east cowes and cowes,0.4183,0.12,0.0045,0.0,0.2539,0.4267,0.1539,0.9854,0.88,0.2675,0.8568,0.88,0.5817,0.7325
phase5_G_selective_predictions.json,4,4,decision_loop,selective,Selective,policy_sweep,What took the place of Mac's Xserve server?,ANSWER,1,1,1,1,RETRIEVE_MORE,,2,3,mac mini and mac pro,0.471,0.1313,0.1278,0.1313,0.2601,0.6078,0.2601,0.9609,0.8687,0.181,0.8722,0.8687,0.529,0.819
phase5_G_selective_predictions.json,4,4,decision_loop,selective,Selective,policy_sweep,What took the place of Mac's Xserve server?,ANSWER,1,1,2,2,RERANK,RETRIEVE_MORE,1,5,mac mini and mac pro,0.3318,0.1313,0.0281,0.0,0.2307,0.4317,0.1307,0.9649,0.8687,0.2775,0.8441,0.8687,0.6682,0.7225
phase5_G_selective_predictions.json,4,4,decision_loop,selective,Selective,policy_sweep,What took the place of Mac's Xserve server?,ANSWER,1,1,3,3,RETRIEVE_MORE,RERANK,1,3,mac mini and mac pro,0.471,0.1313,0.0169,0.0,0.2901,0.4213,0.1901,0.9609,0.8687,0.331,0.8272,0.8687,0.529,0.669
phase5_G_selective_predictions.json,4,4,decision_loop,selective,Selective,policy_sweep,What took the place of Mac's Xserve server?,ANSWER,1,1,4,4,STOP,RETRIEVE_MORE,0,5,mac mini and mac pro,0.3318,0.1313,0.0,0.0,0.2307,0.2954,0.0307,0.9649,0.8687,0.2775,0.8441,0.8687,0.6682,0.7225
phase5_G_selective_predictions.json,5,5,decision_loop,selective,Selective,policy_sweep,What is one example of an application that videoconferencing manufacturers have begun to offer?,ABSTAIN,0,0,1,1,RETRIEVE_MORE,,2,3,live and still image streaming,0.4617,0.0789,0.0852,0.0789,0.2208,0.6043,0.2208,0.9491,0.9211,0.1185,0.9148,0.9211,0.5383,0.8815
phase5_G_selective_predictions.json,5,5,decision_loop,selective,Selective,policy_sweep,What is one example of an application that videoconferencing manufacturers have begun to offer?,ABSTAIN,0,0,2,2,RERANK,RETRIEVE_MORE,1,5,live and still image streaming,0.2899,0.0789,0.0265,0.0,0.1818,0.4465,0.0818,0.9753,0.9211,0.2244,0.8883,0.9211,0.7101,0.7756
phase5_G_selective_predictions.json,5,5,decision_loop,selective,Selective,policy_sweep,What is one example of an application that videoconferencing manufacturers have begun to offer?,ABSTAIN,0,0,3,3,STOP,RERANK,1,3,live and still image streaming,0.3854,0.0789,0.0,0.0,0.2118,0.439,0.1118,0.9933,0.9211,0.2073,0.897,0.9211,0.6146,0.7927
phase5_G_selective_predictions.json,6,6,decision_loop,selective,Selective,policy_sweep,What are Italian dialects termed in the Italian language?,ANSWER,0,1,1,1,RETRIEVE_MORE,,2,3,dialects,0.6918,0.1319,0.2028,0.1319,0.3782,0.6101,0.3782,0.8911,0.8681,0.3837,0.7972,0.8681,0.3082,0.6163
phase5_G_selective_predictions.json,6,6,decision_loop,selective,Selective,policy_sweep,What are Italian dialects termed in the Italian language?,ANSWER,0,1,2,2,STOP,RETRIEVE_MORE,1,5,dialects,0.4657,0.1319,0.0018,0.0,0.304,0.4041,0.204,0.919,0.8681,0.4082,0.7954,0.8681,0.5343,0.5918
phase5_G_selective_predictions.json,7,7,decision_loop,selective,Selective,policy_sweep,"Along with exhibition and distribution, what business did the Universal Film Manufacturing Company engage in?",ANSWER,1,1,1,1,RETRIEVE_MORE,,2,3,movie production,0.5062,0.1815,0.1596,0.1815,0.2932,0.6168,0.2932,0.9133,0.8185,0.1715,0.8404,0.8185,0.4938,0.8285
phase5_G_selective_predictions.json,7,7,decision_loop,selective,Selective,policy_sweep,"Along with exhibition and distribution, what business did the Universal Film Manufacturing Company engage in?",ANSWER,1,1,2,2,RERANK,RETRIEVE_MORE,1,5,movie production,0.3761,0.1815,0.0288,0.0,0.2688,0.4206,0.1688,0.928,0.8185,0.2774,0.8116,0.8185,0.6239,0.7226
phase5_G_selective_predictions.json,7,7,decision_loop,selective,Selective,policy_sweep,"Along with exhibition and distribution, what business did the Universal Film Manufacturing Company engage in?",ANSWER,1,1,3,3,STOP,RERANK,1,3,movie production,0.4559,0.1815,0.0,0.0,0.2915,0.4132,0.1915,0.9474,0.8185,0.2512,0.8234,0.8185,0.5441,0.7488
phase5_G_selective_predictions.json,8,8,decision_loop,selective,Selective,policy_sweep,Whose life was 'Schindler's List' based on?,ANSWER,1,1,1,1,RETRIEVE_MORE,,2,3,oskar schindler,0.6628,0.2277,0.2912,0.2277,0.4236,0.6146,0.4236,0.7817,0.7723,0.4457,0.7088,0.7723,0.3372,0.5543
phase5_G_selective_predictions.json,8,8,decision_loop,selective,Selective,policy_sweep,Whose life was 'Schindler's List' based on?,ANSWER,1,1,2,2,STOP,RETRIEVE_MORE,1,5,oskar schindler,0.5082,0.2277,0.0,0.0,0.3613,0.3829,0.2613,0.8603,0.7723,0.4048,0.7368,0.7723,0.4918,0.5952
phase5_G_selective_predictions.json,9,9,decision_loop,selective,Selective,policy_sweep,In what presidential election year did Schwarzenegger make a name for himself as a prominent Republican?,ABSTAIN,0,0,1,1,RERANK,,2,3,2008,0.3674,0.1548,0.081,0.1548,0.1995,0.6336,0.1995,0.9919,0.8452,0.0065,0.919,0.8452,0.6326,0.9935
phase5_G_selective_predictions.json,9,9,decision_loop,selective,Selective,policy_sweep,In what presidential election year did Schwarzenegger make a name for himself as a prominent Republican?,ABSTAIN,0,0,2,2,RETRIEVE_MORE,RERANK,2,3,2008,0.3674,0.1548,0.045,0.0,0.2295,0.5739,0.2295,0.9919,0.8452,0.1565,0.874,0.8452,0.6326,0.8435
phase5_G_selective_predictions.json,9,9,decision_loop,selective,Selective,policy_sweep,In what presidential election year did Schwarzenegger make a name for himself as a prominent Republican?,ABSTAIN,0,0,3,3,RERANK,RETRIEVE_MORE,1,5,2006,0.3614,0.1548,0.0,0.0,0.2154,0.4343,0.1154,0.9497,0.8452,0.0962,0.8837,0.8452,0.6386,0.9038
phase5_G_selective_predictions.json,9,9,decision_loop,selective,Selective,policy_sweep,In what presidential election year did Schwarzenegger make a name for himself as a prominent Republican?,ABSTAIN,0,0,4,4,STOP,RERANK,1,3,2008,0.3674,0.1548,0.0,0.0,0.1995,0.4467,0.0995,0.9919,0.8452,0.0065,0.919,0.8452,0.6326,0.9935
phase5_G_selective_predictions.json,10,10,decision_loop,selective,Selective,policy_sweep,What component of the printed circuit board is appraised with boundary scan testing?,ANSWER,0,1,1,1,RETRIEVE_MORE,,2,3,pcb,0.4025,0.144,0.0838,0.144,0.2092,0.6283,0.2092,0.9676,0.856,0.0177,0.9162,0.856,0.5975,0.9823
phase5_G_selective_predictions.json,10,10,decision_loop,selective,Selective,policy_sweep,What component of the printed circuit board is appraised with boundary scan testing?,ANSWER,0,1,2,2,RERANK,RETRIEVE_MORE,1,5,pcb,0.2761,0.144,0.043,0.0,0.1939,0.4478,0.0939,0.9694,0.856,0.1621,0.8732,0.856,0.7239,0.8379
phase5_G_selective_predictions.json,10,10,decision_loop,selective,Selective,policy_sweep,What component of the printed circuit board is appraised with boundary scan testing?,ANSWER,0,1,3,3,RETRIEVE_MORE,RERANK,1,3,pcb,0.4162,0.1685,0.042,0.0245,0.276,0.4327,0.176,0.9864,0.8315,0.2725,0.8313,0.8315,0.5838,0.7275
phase5_G_selective_predictions.json,10,10,decision_loop,selective,Selective,policy_sweep,What component of the printed circuit board is appraised with boundary scan testing?,ANSWER,0,1,4,4,STOP,RETRIEVE_MORE,0,5,pcb,0.3167,0.1685,0.0,0.0,0.2353,0.292,0.0353,0.9571,0.8315,0.2432,0.8342,0.8315,0.6833,0.7568
phase5_G_selective_predictions.json,11,11,decision_loop,selective,Selective,policy_sweep,Who had FA cup coverage from 1988-1997?,ANSWER,0,1,1,1,RETRIEVE_MORE,,2,3,bbc and sky sports,0.4332,0.1318,0.1127,0.1318,0.2395,0.6133,0.2395,0.9802,0.8682,0.1429,0.8873,0.8682,0.5668,0.8571
phase5_G_selective_predictions.json,11,11,decision_loop,selective,Selective,policy_sweep,Who had FA cup coverage from 1988-1997?,ANSWER,0,1,2,2,RERANK,RETRIEVE_MORE,1,5,bbc and sky sports,0.2916,0.1318,0.0303,0.0,0.2106,0.4371,0.1106,0.9834,0.8682,0.2462,0.8569,0.8682,0.7084,0.7538
phase5_G_selective_predictions.json,11,11,decision_loop,selective,Selective,policy_sweep,Who had FA cup coverage from 1988-1997?,ANSWER,0,1,3,3,RETRIEVE_MORE,RERANK,1,3,bbc and sky sports,0.4332,0.1318,0.0147,0.0,0.2695,0.4257,0.1695,0.9802,0.8682,0.2929,0.8423,0.8682,0.5668,0.7071
phase5_G_selective_predictions.json,11,11,decision_loop,selective,Selective,policy_sweep,Who had FA cup coverage from 1988-1997?,ANSWER,0,1,4,4,STOP,RETRIEVE_MORE,0,5,bbc and sky sports,0.2916,0.1318,0.0,0.0,0.2106,0.2999,0.0106,0.9834,0.8682,0.2462,0.8569,0.8682,0.7084,0.7538
phase5_G_selective_predictions.json,12,12,decision_loop,selective,Selective,policy_sweep,What percentage of the population was Caucasian in 1940?,ANSWER,0,1,1,1,RETRIEVE_MORE,,2,3,3.0%,0.5176,0.1475,0.1644,0.1475,0.2991,0.6082,0.2991,0.9334,0.8525,0.2578,0.8356,0.8525,0.4824,0.7422
phase5_G_selective_predictions.json,12,12,decision_loop,selective,Selective,policy_sweep,What percentage of the population was Caucasian in 1940?,ANSWER,0,1,2,2,RERANK,RETRIEVE_MORE,1,5,3.0%,0.3739,0.1475,0.0209,0.0,0.2645,0.4185,0.1645,0.9463,0.8525,0.3362,0.8147,0.8525,0.6261,0.6638
phase5_G_selective_predictions.json,12,12,decision_loop,selective,Selective,policy_sweep,What percentage of the population was Caucasian in 1940?,ANSWER,0,1,3,3,RETRIEVE_MORE,RERANK,1,3,3.0%,0.5115,0.1475,0.0111,0.0,0.3174,0.4107,0.2174,0.9266,0.8525,0.3601,0.8036,0.8525,0.4885,0.6399
phase5_G_selective_predictions.json,12,12,decision_loop,selective,Selective,policy_sweep,What percentage of the population was Caucasian in 1940?,ANSWER,0,1,4,4,STOP,RETRIEVE_MORE,0,5,3.0%,0.3707,0.1475,0.0,0.0,0.2565,0.2884,0.0565,0.942,0.8525,0.3023,0.824,0.8525,0.6293,0.6977
phase5_G_selective_predictions.json,13,13,decision_loop,selective,Selective,policy_sweep,In what year was Columbia University chartered?,ANSWER,0,1,1,1,RETRIEVE_MORE,,2,3,1950,0.5368,0.1087,0.1396,0.1087,0.2773,0.607,0.2773,0.8777,0.8913,0.2025,0.8604,0.8913,0.4632,0.7975
phase5_G_selective_predictions.json,13,13,decision_loop,selective,Selective,policy_sweep,In what year was Columbia University chartered?,ANSWER,0,1,2,2,RERANK,RETRIEVE_MORE,1,5,1950,0.3486,0.1087,0.0108,0.0,0.2272,0.4267,0.1272,0.9421,0.8913,0.2815,0.8496,0.8913,0.6514,0.7185
phase5_G_selective_predictions.json,13,13,decision_loop,selective,Selective,policy_sweep,In what year was Columbia University chartered?,ANSWER,0,1,3,3,STOP,RERANK,1,3,1950,0.4432,0.1087,0.0024,0.0,0.2665,0.4225,0.1665,0.9763,0.8913,0.3123,0.8472,0.8913,0.5568,0.6877
phase5_G_selective_predictions.json,14,14,decision_loop,selective,Selective,policy_sweep,"What is the owner, tenant or manager of a pub known as?",ANSWER,1,1,1,1,RETRIEVE_MORE,,2,3,pub landlord,0.6605,0.2893,0.3294,0.2893,0.4574,0.6165,0.4574,0.7968,0.7107,0.4802,0.6706,0.7107,0.3395,0.5198
phase5_G_selective_predictions.json,14,14,decision_loop,selective,Selective,policy_sweep,"What is the owner, tenant or manager of a pub known as?",ANSWER,1,1,2,2,ANSWER,RETRIEVE_MORE,1,5,pub landlord,0.5128,0.2893,0.0028,0.0,0.4142,0.3599,0.3142,0.8468,0.7107,0.5228,0.6679,0.7107,0.4872,0.4772
phase5_G_selective_predictions.json,15,15,decision_loop,selective,Selective,policy_sweep,How many people signed a petition in protest of Everton FC's crest redesign in 2013?,ANSWER,0,1,1,1,RETRIEVE_MORE,,2,3,"22,000",0.7013,0.1645,0.227,0.1645,0.4,0.6114,0.4,0.8797,0.8355,0.4025,0.773,0.8355,0.2987,0.5975
phase5_G_selective_predictions.json,15,15,decision_loop,selective,Selective,policy_sweep,How many people signed a petition in protest of Everton FC's crest redesign in 2013?,ANSWER,0,1,2,2,STOP,RETRIEVE_MORE,1,5,"22,000",0.4969,0.1645,0.0,0.0,0.32,0.4045,0.22,0.9439,0.8355,0.3604,0.7984,0.8355,0.5031,0.6396
phase5_G_selective_predictions.json,16,16,decision_loop,selective,Selective,policy_sweep,What did Griffith's tool help increase?,ANSWER,1,1,1,1,RETRIEVE_MORE,,2,3,transparency,0.4171,0.0978,0.0817,0.0978,0.2097,0.6105,0.2097,0.9838,0.9022,0.0986,0.9183,0.9022,0.5829,0.9014
phase5_G_selective_predictions.json,16,16,decision_loop,selective,Selective,policy_sweep,What did Griffith's tool help increase?,ANSWER,1,1,2,2,RERANK,RETRIEVE_MORE,1,5,transparency,0.2972,0.0978,0.0391,0.0,0.1921,0.4483,0.0921,0.971,0.9022,0.2203,0.8792,0.9022,0.7028,0.7797
phase5_G_selective_predictions.json,16,16,decision_loop,selective,Selective,policy_sweep,What did Griffith's tool help increase?,ANSWER,1,1,3,3,STOP,RERANK,1,3,transparency,0.4171,0.0978,0.0059,0.0,0.2397,0.433,0.1397,0.9838,0.9022,0.2486,0.8733,0.9022,0.5829,0.7514
phase5_G_selective_predictions.json,17,17,decision_loop,selective,Selective,policy_sweep,Where do samurais' teachings live on?,ABSTAIN,0,0,1,1,RERANK,,2,3,lichens,0.3704,0.0784,0.0506,0.0784,0.172,0.6137,0.172,0.996,0.9216,0.0351,0.9494,0.9216,0.6296,0.9649
phase5_G_selective_predictions.json,17,17,decision_loop,selective,Selective,policy_sweep,Where do samurais' teachings live on?,ABSTAIN,0,0,2,2,RETRIEVE_MORE,RERANK,2,3,lichens,0.4207,0.0933,0.0622,0.0148,0.2281,0.5854,0.2281,0.961,0.9067,0.1945,0.8872,0.9067,0.5793,0.8055
phase5_G_selective_predictions.json,17,17,decision_loop,selective,Selective,policy_sweep,Where do samurais' teachings live on?,ABSTAIN,0,0,3,3,RERANK,RETRIEVE_MORE,1,5,lichens,0.2795,0.0933,0.0,0.0,0.1757,0.4381,0.0757,0.9756,0.9067,0.1795,0.8946,0.9067,0.7205,0.8205
phase5_G_selective_predictions.json,17,17,decision_loop,selective,Selective,policy_sweep,Where do samurais' teachings live on?,ABSTAIN,0,0,4,4,STOP,RERANK,1,3,lichens,0.3732,0.0933,0.0,0.0,0.2105,0.4385,0.1105,0.9956,0.9067,0.1894,0.8957,0.9067,0.6268,0.8106
phase5_G_selective_predictions.json,18,18,decision_loop,selective,Selective,policy_sweep,How many years does the term of a Richmond city council representative last?,ANSWER,0,1,1,1,RETRIEVE_MORE,,2,3,4,0.5119,0.2008,0.1698,0.2008,0.3017,0.6209,0.3017,0.8945,0.7992,0.161,0.8302,0.7992,0.4881,0.839
phase5_G_selective_predictions.json,18,18,decision_loop,selective,Selective,policy_sweep,How many years does the term of a Richmond city council representative last?,ANSWER,0,1,2,2,RERANK,RETRIEVE_MORE,1,5,4,0.384,0.2008,0.029,0.0,0.2789,0.417,0.1789,0.9144,0.7992,0.2708,0.8012,0.7992,0.616,0.7292
phase5_G_selective_predictions.json,18,18,decision_loop,selective,Selective,policy_sweep,How many years does the term of a Richmond city council representative last?,ANSWER,0,1,3,3,STOP,RERANK,1,3,4,0.4318,0.2008,0.0,0.0,0.2862,0.4138,0.1862,0.9631,0.7992,0.2236,0.8251,0.7992,0.5682,0.7764
phase5_G_selective_predictions.json,19,19,decision_loop,selective,Selective,policy_sweep,When did an investigation occur under school casualties?,ABSTAIN,0,0,1,1,RETRIEVE_MORE,,2,3,december 2008,0.4199,0.0844,0.0837,0.0844,0.2107,0.6045,0.2107,0.9852,0.9156,0.1286,0.9163,0.9156,0.5801,0.8714
phase5_G_selective_predictions.json,19,19,decision_loop,selective,Selective,policy_sweep,When did an investigation occur under school casualties?,ABSTAIN,0,0,2,2,RERANK,RETRIEVE_MORE,1,5,december 2008,0.2883,0.0844,0.0341,0.0,0.1865,0.4474,0.0865,0.9792,0.9156,0.2383,0.8822,0.9156,0.7117,0.7617
phase5_G_selective_predictions.json,19,19,decision_loop,selective,Selective,policy_sweep,When did an investigation occur under school casualties?,ABSTAIN,0,0,3,3,RETRIEVE_MORE,RERANK,1,3,december 2008,0.4199,0.0844,0.0109,0.0,0.2407,0.4343,0.1407,0.9852,0.9156,0.2786,0.8713,0.9156,0.5801,0.7214
phase5_G_selective_predictions.json,19,19,decision_loop,selective,Selective,policy_sweep,When did an investigation occur under school casualties?,ABSTAIN,0,0,4,4,STOP,RETRIEVE_MORE,0,5,december 2008,0.2883,0.0844,0.0,0.0,0.1865,0.3088,-0.0135,0.9792,0.9156,0.2383,0.8822,0.9156,0.7117,0.7617
phase5_G_selective_predictions.json,20,20,decision_loop,selective,Selective,policy_sweep,How did Liang Ji die?,ANSWER,0,1,1,1,RETRIEVE_MORE,,2,3,killed after deng mengnü resisted liang ji's attempts to control her,0.5017,0.0861,0.1241,0.0861,0.2609,0.6062,0.2609,0.9439,0.9139,0.2329,0.8759,0.9139,0.4983,0.7671
phase5_G_selective_predictions.json,20,20,decision_loop,selective,Selective,policy_sweep,How did Liang Ji die?,ANSWER,0,1,2,2,RETRIEVE_MORE,RETRIEVE_MORE,1,5,killed after deng mengnü resisted liang ji's attempts to control her,0.413,0.0861,0.0443,0.0,0.2516,0.4338,0.1516,0.8859,0.9139,0.3417,0.8316,0.9139,0.587,0.6583
phase5_G_selective_predictions.json,20,20,decision_loop,selective,Selective,policy_sweep,How did Liang Ji die?,ANSWER,0,1,3,3,STOP,RETRIEVE_MORE,0,5,killed after deng mengnü resisted liang ji's attempts to control her,0.3763,0.0861,0.0,0.0,0.2283,0.2998,0.0283,0.9315,0.9139,0.2893,0.8565,0.9139,0.6237,0.7107
phase5_G_selective_predictions.json,21,21,decision_loop,selective,Selective,policy_sweep,Who supported the reaction against the government?,ANSWER,1,1,1,1,RETRIEVE_MORE,,2,3,durango,0.5666,0.2014,0.223,0.2014,0.3566,0.6111,0.3566,0.8956,0.7986,0.338,0.777,0.7986,0.4334,0.662
phase5_G_selective_predictions.json,21,21,decision_loop,selective,Selective,policy_sweep,Who supported the reaction against the government?,ANSWER,1,1,2,2,RETRIEVE_MORE,RETRIEVE_MORE,1,5,durango,0.4236,0.2014,0.0162,0.0,0.3194,0.3978,0.2194,0.9116,0.7986,0.4027,0.7608,0.7986,0.5764,0.5973
phase5_G_selective_predictions.json,21,21,decision_loop,selective,Selective,policy_sweep,Who supported the reaction against the government?,ANSWER,1,1,3,3,ANSWER,RETRIEVE_MORE,0,5,durango,0.42,0.2014,0.0052,0.0,0.314,0.2705,0.114,0.9102,0.7986,0.3818,0.7668,0.7986,0.58,0.6182
phase5_G_selective_predictions.json,22,22,decision_loop,selective,Selective,policy_sweep,What influences role of minority leader?,ANSWER,1,1,1,1,RETRIEVE_MORE,,2,3,more partisan nature of the house,0.4117,0.1348,0.0833,0.1348,0.2104,0.6248,0.2104,0.9627,0.8652,0.0281,0.9167,0.8652,0.5883,0.9719
phase5_G_selective_predictions.json,22,22,decision_loop,selective,Selective,policy_sweep,What influences role of minority leader?,ANSWER,1,1,2,2,RERANK,RETRIEVE_MORE,1,5,more partisan nature of the house,0.2603,0.1348,0.0382,0.0,0.1853,0.4477,0.0853,0.9813,0.8652,0.1678,0.8785,0.8652,0.7397,0.8322
phase5_G_selective_predictions.json,22,22,decision_loop,selective,Selective,policy_sweep,What influences role of minority leader?,ANSWER,1,1,3,3,RETRIEVE_MORE,RERANK,1,3,personality and contextual factors,0.3734,0.154,0.0,0.0191,0.2093,0.4506,0.1093,0.9962,0.846,0.0464,0.9083,0.846,0.6266,0.9536
phase5_G_selective_predictions.json,22,22,decision_loop,selective,Selective,policy_sweep,What influences role of minority leader?,ANSWER,1,1,4,4,STOP,RETRIEVE_MORE,0,5,personality and contextual factors,0.2818,0.154,0.049,0.0,0.2049,0.3204,0.0049,0.9592,0.846,0.185,0.8593,0.846,0.7182,0.815
phase5_G_selective_predictions.json,23,23,decision_loop,selective,Selective,policy_sweep,What genre was 'LA 2017'?,ABSTAIN,0,0,1,1,RETRIEVE_MORE,,2,3,mp3,0.473,0.1279,0.1051,0.1279,0.2268,0.6143,0.2268,0.8217,0.8721,0.0185,0.8949,0.8721,0.527,0.9815
phase5_G_selective_predictions.json,23,23,decision_loop,selective,Selective,policy_sweep,What genre was 'LA 2017'?,ABSTAIN,0,0,2,2,RERANK,RETRIEVE_MORE,1,5,mp3,0.3332,0.1279,0.0279,0.0,0.2068,0.4396,0.1068,0.8991,0.8721,0.163,0.867,0.8721,0.6668,0.837
phase5_G_selective_predictions.json,23,23,decision_loop,selective,Selective,policy_sweep,What genre was 'LA 2017'?,ABSTAIN,0,0,3,3,STOP,RERANK,1,3,mp3,0.3959,0.1279,0.0,0.0,0.2292,0.4334,0.1292,0.9734,0.8721,0.1655,0.8811,0.8721,0.6041,0.8345
phase5_G_selective_predictions.json,24,24,decision_loop,selective,Selective,policy_sweep,Who had issues with JFK's proposal?,ANSWER,1,1,1,1,RETRIEVE_MORE,,2,3,naacp,0.4797,0.1078,0.1236,0.1078,0.2572,0.6062,0.2572,0.9576,0.8922,0.2039,0.8764,0.8922,0.5203,0.7961
phase5_G_selective_predictions.json,24,24,decision_loop,selective,Selective,policy_sweep,Who had issues with JFK's proposal?,ANSWER,1,1,2,2,RERANK,RETRIEVE_MORE,1,5,naacp,0.3389,0.1078,0.0262,0.0,0.2259,0.4331,0.1259,0.9618,0.8922,0.2941,0.8502,0.8922,0.6611,0.7059
phase5_G_selective_predictions.json,24,24,decision_loop,selective,Selective,policy_sweep,Who had issues with JFK's proposal?,ANSWER,1,1,3,3,RETRIEVE_MORE,RERANK,1,3,naacp,0.4797,0.1078,0.0188,0.0,0.2872,0.4235,0.1872,0.9576,0.8922,0.3539,0.8314,0.8922,0.5203,0.6461
phase5_G_selective_predictions.json,24,24,decision_loop,selective,Selective,policy_sweep,Who had issues with JFK's proposal?,ANSWER,1,1,4,4,STOP,RETRIEVE_MORE,0,5,naacp,0.3389,0.1078,0.0,0.0,0.2259,0.2976,0.0259,0.9618,0.8922,0.2941,0.8502,0.8922,0.6611,0.7059
phase5_G_selective_predictions.json,25,25,decision_loop,selective,Selective,policy_sweep,What does CATOBAR allow for?,ANSWER,0,1,1,1,RETRIEVE_MORE,,2,3,catobar recovery,0.539,0.1252,0.1554,0.1252,0.2938,0.6078,0.2938,0.9026,0.8748,0.2443,0.8446,0.8748,0.461,0.7557
phase5_G_selective_predictions.json,25,25,decision_loop,selective,Selective,policy_sweep,What does CATOBAR allow for?,ANSWER,0,1,2,2,RERANK,RETRIEVE_MORE,1,5,catobar recovery,0.3835,0.1252,0.0174,0.0,0.2553,0.4215,0.1553,0.935,0.8748,0.3238,0.8273,0.8748,0.6165,0.6762
phase5_G_selective_predictions.json,25,25,decision_loop,selective,Selective,policy_sweep,What does CATOBAR allow for?,ANSWER,0,1,3,3,RETRIEVE_MORE,RERANK,1,3,catobar recovery,0.4922,0.1252,0.0117,0.0,0.3032,0.4151,0.2032,0.9504,0.8748,0.3731,0.8156,0.8748,0.5078,0.6269
phase5_G_selective_predictions.json,25,25,decision_loop,selective,Selective,policy_sweep,What does CATOBAR allow for?,ANSWER,0,1,4,4,STOP,RETRIEVE_MORE,0,5,catobar recovery,0.3797,0.1252,0.0,0.0,0.2536,0.2895,0.0536,0.9317,0.8748,0.3221,0.8271,0.8748,0.6203,0.6779
phase5_G_selective_predictions.json,26,26,decision_loop,selective,Selective,policy_sweep,Where were these forts commonly built?,ABSTAIN,0,0,1,1,RETRIEVE_MORE,,2,3,the swedes,0.4311,0.0863,0.0712,0.0863,0.2032,0.6096,0.2032,0.9609,0.9137,0.0674,0.9288,0.9137,0.5689,0.9326
phase5_G_selective_predictions.json,26,26,decision_loop,selective,Selective,policy_sweep,Where were these forts commonly built?,ABSTAIN,0,0,2,2,RERANK,RETRIEVE_MORE,1,5,the swedes,0.3046,0.0863,0.0385,0.0,0.185,0.452,0.085,0.9638,0.9137,0.1976,0.8903,0.9137,0.6954,0.8024
phase5_G_selective_predictions.json,26,26,decision_loop,selective,Selective,policy_sweep,Where were these forts commonly built?,ABSTAIN,0,0,3,3,STOP,RERANK,1,3,the swedes,0.4012,0.0863,0.0001,0.0,0.2218,0.4366,0.1218,0.9862,0.9137,0.2127,0.8903,0.9137,0.5988,0.7873
phase5_G_selective_predictions.json,27,27,decision_loop,selective,Selective,policy_sweep,What bacteria is an exception to single circular chromosome rule?,ANSWER,0,1,1,1,RETRIEVE_MORE,,2,3,borrelia burgdorferi,0.5601,0.1645,0.2023,0.1645,0.337,0.6101,0.337,0.9018,0.8355,0.3345,0.7977,0.8355,0.4399,0.6655
phase5_G_selective_predictions.json,27,27,decision_loop,selective,Selective,policy_sweep,What bacteria is an exception to single circular chromosome rule?,ANSWER,0,1,2,2,RETRIEVE_MORE,RETRIEVE_MORE,1,5,borrelia burgdorferi,0.4324,0.1645,0.0211,0.0,0.307,0.4053,0.207,0.9069,0.8355,0.4083,0.7766,0.8355,0.5676,0.5917
phase5_G_selective_predictions.json,27,27,decision_loop,selective,Selective,policy_sweep,What bacteria is an exception to single circular chromosome rule?,ANSWER,0,1,3,3,ANSWER,RETRIEVE_MORE,0,5,borrelia burgdorferi,0.4308,0.1645,0.0119,0.0,0.3063,0.2766,0.1063,0.9063,0.8355,0.4073,0.7768,0.8355,0.5692,0.5927
phase5_G_selective_predictions.json,28,28,decision_loop,selective,Selective,policy_sweep,Who made up most unions between Europeans and natives?,ANSWER,0,1,1,1,RETRIEVE_MORE,,2,3,africans,0.5093,0.0925,0.1344,0.0925,0.2707,0.6067,0.2707,0.94,0.9075,0.2539,0.8656,0.9075,0.4907,0.7461
phase5_G_selective_predictions.json,28,28,decision_loop,selective,Selective,policy_sweep,Who made up most unions between Europeans and natives?,ANSWER,0,1,2,2,RERANK,RETRIEVE_MORE,1,5,africans,0.3444,0.0925,0.0139,0.0,0.2254,0.4286,0.1254,0.9635,0.9075,0.3159,0.8517,0.9075,0.6556,0.6841
phase5_G_selective_predictions.json,28,28,decision_loop,selective,Selective,policy_sweep,Who made up most unions between Europeans and natives?,ANSWER,0,1,3,3,STOP,RERANK,1,3,africans,0.4454,0.0925,0.0,0.0,0.2504,0.4287,0.1504,0.9658,0.9075,0.2643,0.8676,0.9075,0.5546,0.7357
phase5_G_selective_predictions.json,29,29,decision_loop,selective,Selective,policy_sweep,What did the Guardian name her?,ANSWER,0,1,1,1,RERANK,,2,3,beyoncé,0.3576,0.1055,0.0628,0.1055,0.1792,0.6202,0.1792,0.9988,0.8945,0.0328,0.9372,0.8945,0.6424,0.9672
phase5_G_selective_predictions.json,29,29,decision_loop,selective,Selective,policy_sweep,What did the Guardian name her?,ANSWER,0,1,2,2,RETRIEVE_MORE,RERANK,2,3,beyoncé,0.4277,0.1312,0.0734,0.0257,0.2505,0.5817,0.2505,0.9604,0.8688,0.2089,0.8638,0.8688,0.5723,0.7911
phase5_G_selective_predictions.json,29,29,decision_loop,selective,Selective,policy_sweep,What did the Guardian name her?,ANSWER,0,1,3,3,RERANK,RETRIEVE_MORE,1,5,beyoncé,0.3084,0.1312,0.0,0.0,0.2055,0.4284,0.1055,0.9513,0.8688,0.1924,0.8669,0.8688,0.6916,0.8076
phase5_G_selective_predictions.json,29,29,decision_loop,selective,Selective,policy_sweep,What did the Guardian name her?,ANSWER,0,1,4,4,STOP,RERANK,1,3,beyoncé,0.3884,0.1312,0.0,0.0,0.2357,0.4301,0.1357,0.9914,0.8688,0.2034,0.8717,0.8688,0.6116,0.7966
phase5_G_selective_predictions.json,30,30,decision_loop,selective,Selective,policy_sweep,The lower regions and larger towns of the Alps are well-served by what?,ANSWER,0,1,1,1,RETRIEVE_MORE,,2,3,motorways and main roads,0.4726,0.1368,0.1366,0.1368,0.2674,0.6069,0.2674,0.9622,0.8632,0.2023,0.8634,0.8632,0.5274,0.7977
phase5_G_selective_predictions.json,30,30,decision_loop,selective,Selective,policy_sweep,The lower regions and larger towns of the Alps are well-served by what?,ANSWER,0,1,2,2,RERANK,RETRIEVE_MORE,1,5,motorways and main roads,0.3581,0.1368,0.0385,0.0,0.2475,0.4291,0.1475,0.9213,0.8632,0.3033,0.8249,0.8632,0.6419,0.6967
phase5_G_selective_predictions.json,30,30,decision_loop,selective,Selective,policy_sweep,The lower regions and larger towns of the Alps are well-served by what?,ANSWER,0,1,3,3,STOP,RERANK,1,3,motorways and main roads,0.4726,0.1368,0.0065,0.0,0.2974,0.414,0.1974,0.9622,0.8632,0.3523,0.8184,0.8632,0.5274,0.6477
phase5_G_selective_predictions.json,31,31,decision_loop,selective,Selective,policy_sweep,What does the French constitution state for the language in Aslace?,ABSTAIN,0,0,1,1,RERANK,,2,3,standardisation of dutch language,0.3588,0.0815,0.0446,0.0815,0.1644,0.617,0.1644,0.9965,0.9185,0.0105,0.9554,0.9185,0.6412,0.9895
phase5_G_selective_predictions.json,31,31,decision_loop,selective,Selective,policy_sweep,What does the French constitution state for the language in Aslace?,ABSTAIN,0,0,2,2,RETRIEVE_MORE,RERANK,2,3,standardisation of dutch language,0.3588,0.0815,0.045,0.0,0.1944,0.5866,0.1944,0.9965,0.9185,0.1605,0.9104,0.9185,0.6412,0.8395
phase5_G_selective_predictions.json,31,31,decision_loop,selective,Selective,policy_sweep,What does the French constitution state for the language in Aslace?,ABSTAIN,0,0,3,3,RERANK,RETRIEVE_MORE,1,5,standardisation of dutch language,0.2648,0.0815,0.0041,0.0,0.1609,0.4438,0.0609,0.9721,0.9185,0.1577,0.9064,0.9185,0.7352,0.8423
phase5_G_selective_predictions.json,31,31,decision_loop,selective,Selective,policy_sweep,What does the French constitution state for the language in Aslace?,ABSTAIN,0,0,4,4,STOP,RERANK,1,3,standardisation of dutch language,0.3588,0.0815,0.0,0.0,0.1944,0.4436,0.0944,0.9965,0.9185,0.1605,0.9104,0.9185,0.6412,0.8395
phase5_G_selective_predictions.json,32,32,decision_loop,selective,Selective,policy_sweep,Which BYU building features films in several languages?,ANSWER,1,1,1,1,RETRIEVE_MORE,,2,3,international cinema,0.5971,0.1829,0.228,0.1829,0.3641,0.6114,0.3641,0.8633,0.8171,0.3641,0.772,0.8171,0.4029,0.6359
phase5_G_selective_predictions.json,32,32,decision_loop,selective,Selective,policy_sweep,Which BYU building features films in several languages?,ANSWER,1,1,2,2,STOP,RETRIEVE_MORE,1,5,international cinema,0.4362,0.1829,0.0065,0.0,0.3181,0.3955,0.2181,0.9086,0.8171,0.4159,0.7655,0.8171,0.5638,0.5841
phase5_G_selective_predictions.json,33,33,decision_loop,selective,Selective,policy_sweep,What has helped geneologists researching slaves?,ABSTAIN,0,0,1,1,RERANK,,2,3,slave ships stopping at ports such as charleston,0.3812,0.0605,0.051,0.0605,0.1739,0.6063,0.1739,0.9953,0.9395,0.0661,0.949,0.9395,0.6188,0.9339
phase5_G_selective_predictions.json,33,33,decision_loop,selective,Selective,policy_sweep,What has helped geneologists researching slaves?,ABSTAIN,0,0,2,2,RETRIEVE_MORE,RERANK,2,3,slave ships stopping at ports such as charleston,0.3812,0.0605,0.045,0.0,0.2039,0.5844,0.2039,0.9953,0.9395,0.2161,0.904,0.9395,0.6188,0.7839
phase5_G_selective_predictions.json,33,33,decision_loop,selective,Selective,policy_sweep,What has helped geneologists researching slaves?,ABSTAIN,0,0,3,3,RERANK,RETRIEVE_MORE,1,5,slave ships stopping at ports such as charleston,0.2492,0.0605,0.0,0.0,0.1497,0.4449,0.0497,0.9851,0.9395,0.1762,0.9139,0.9395,0.7508,0.8238
phase5_G_selective_predictions.json,33,33,decision_loop,selective,Selective,policy_sweep,What has helped geneologists researching slaves?,ABSTAIN,0,0,4,4,RETRIEVE_MORE,RERANK,1,3,treaties,0.4298,0.0777,0.0,0.0172,0.2044,0.4565,0.1044,0.9738,0.9223,0.0951,0.9274,0.9223,0.5702,0.9049
phase5_G_selective_predictions.json,33,33,decision_loop,selective,Selective,policy_sweep,What has helped geneologists researching slaves?,ABSTAIN,0,0,5,5,STOP,RETRIEVE_MORE,0,5,treaties,0.3086,0.0777,0.0385,0.0,0.1866,0.3265,-0.0134,0.9662,0.9223,0.2183,0.8889,0.9223,0.6914,0.7817
phase5_G_selective_predictions.json,34,34,decision_loop,selective,Selective,policy_sweep,When did the first free election take place?,ANSWER,1,1,1,1,RETRIEVE_MORE,,2,3,1492,0.5376,0.1743,0.1911,0.1743,0.3252,0.6096,0.3252,0.9194,0.8257,0.2929,0.8089,0.8257,0.4624,0.7071
phase5_G_selective_predictions.json,34,34,decision_loop,selective,Selective,policy_sweep,When did the first free election take place?,ANSWER,1,1,2,2,RETRIEVE_MORE,RETRIEVE_MORE,1,5,1492,0.4015,0.1743,0.0208,0.0,0.2927,0.4091,0.1927,0.9292,0.8257,0.3687,0.7881,0.8257,0.5985,0.6313
phase5_G_selective_predictions.json,34,34,decision_loop,selective,Selective,policy_sweep,When did the first free election take place?,ANSWER,1,1,3,3,ANSWER,RETRIEVE_MORE,0,5,1492,0.3995,0.1743,0.0089,0.0,0.2918,0.2794,0.0918,0.9279,0.8257,0.3677,0.7881,0.8257,0.6005,0.6323
phase5_G_selective_predictions.json,35,35,decision_loop,selective,Selective,policy_sweep,Of what discipline is ethology a branch?,ANSWER,1,1,1,1,RETRIEVE_MORE,,2,3,zoology,0.451,0.1628,0.135,0.1628,0.2631,0.6179,0.2631,0.972,0.8372,0.16,0.865,0.8372,0.549,0.84
phase5_G_selective_predictions.json,35,35,decision_loop,selective,Selective,policy_sweep,Of what discipline is ethology a branch?,ANSWER,1,1,2,2,RERANK,RETRIEVE_MORE,1,5,zoology,0.3276,0.1628,0.0111,0.0,0.2288,0.4283,0.1288,0.9829,0.8372,0.2041,0.8539,0.8372,0.6724,0.7959
phase5_G_selective_predictions.json,35,35,decision_loop,selective,Selective,policy_sweep,Of what discipline is ethology a branch?,ANSWER,1,1,3,3,RETRIEVE_MORE,RERANK,1,3,zoology,0.451,0.1628,0.0339,0.0,0.2931,0.4256,0.1931,0.972,0.8372,0.31,0.82,0.8372,0.549,0.69
phase5_G_selective_predictions.json,35,35,decision_loop,selective,Selective,policy_sweep,Of what discipline is ethology a branch?,ANSWER,1,1,4,4,STOP,RETRIEVE_MORE,0,5,zoology,0.3276,0.1628,0.0,0.0,0.2288,0.2989,0.0288,0.9829,0.8372,0.2041,0.8539,0.8372,0.6724,0.7959
phase5_G_selective_predictions.json,36,36,decision_loop,selective,Selective,policy_sweep,What New Haven trial is known to be the longest in the history of Connecticut?,ANSWER,0,1,1,1,RERANK,,2,3,bridgeport,0.3993,0.1679,0.1099,0.1679,0.2313,0.6287,0.2313,0.9902,0.8321,0.0799,0.8901,0.8321,0.6007,0.9201
phase5_G_selective_predictions.json,36,36,decision_loop,selective,Selective,policy_sweep,What New Haven trial is known to be the longest in the history of Connecticut?,ANSWER,0,1,2,2,RETRIEVE_MORE,RERANK,2,3,bridgeport,0.3893,0.1679,0.0269,0.0,0.244,0.5629,0.244,0.9778,0.8321,0.1611,0.8633,0.8321,0.6107,0.8389
phase5_G_selective_predictions.json,36,36,decision_loop,selective,Selective,policy_sweep,What New Haven trial is known to be the longest in the history of Connecticut?,ANSWER,0,1,3,3,RERANK,RETRIEVE_MORE,1,5,bridgeport,0.2686,0.1679,0.0,0.0,0.2011,0.4276,0.1011,0.9787,0.8321,0.1576,0.8645,0.8321,0.7314,0.8424
phase5_G_selective_predictions.json,36,36,decision_loop,selective,Selective,policy_sweep,What New Haven trial is known to be the longest in the history of Connecticut?,ANSWER,0,1,4,4,STOP,RERANK,1,3,bridgeport,0.3893,0.1679,0.0012,0.0,0.244,0.4276,0.144,0.9778,0.8321,0.1611,0.8633,0.8321,0.6107,0.8389
phase5_G_selective_predictions.json,37,37,decision_loop,selective,Selective,policy_sweep,In what periodical was the new sovereign status of the Russian Federation first published?,ANSWER,1,1,1,1,RETRIEVE_MORE,,2,3,rossiyskaya gazeta,0.5032,0.1608,0.1678,0.1608,0.2993,0.6084,0.2993,0.9444,0.8392,0.2543,0.8322,0.8392,0.4968,0.7457
phase5_G_selective_predictions.json,37,37,decision_loop,selective,Selective,policy_sweep,In what periodical was the new sovereign status of the Russian Federation first published?,ANSWER,1,1,2,2,RERANK,RETRIEVE_MORE,1,5,rossiyskaya gazeta,0.3688,0.1608,0.0249,0.0,0.2687,0.4175,0.1687,0.9432,0.8392,0.3364,0.8073,0.8392,0.6312,0.6636
phase5_G_selective_predictions.json,37,37,decision_loop,selective,Selective,policy_sweep,In what periodical was the new sovereign status of the Russian Federation first published?,ANSWER,1,1,3,3,RETRIEVE_MORE,RERANK,1,3,rossiyskaya gazeta,0.5032,0.1608,0.0201,0.0,0.3293,0.4086,0.2293,0.9444,0.8392,0.4043,0.7872,0.8392,0.4968,0.5957
phase5_G_selective_predictions.json,37,37,decision_loop,selective,Selective,policy_sweep,In what periodical was the new sovereign status of the Russian Federation first published?,ANSWER,1,1,4,4,STOP,RETRIEVE_MORE,0,5,rossiyskaya gazeta,0.3688,0.1608,0.0,0.0,0.2687,0.2826,0.0687,0.9432,0.8392,0.3364,0.8073,0.8392,0.6312,0.6636
phase5_G_selective_predictions.json,38,38,decision_loop,selective,Selective,policy_sweep,The first ship to carry a human through space was called what?,ANSWER,0,1,1,1,RETRIEVE_MORE,,2,3,tardis,0.4063,0.1055,0.0872,0.1055,0.2112,0.6117,0.2112,0.9894,0.8945,0.1077,0.9128,0.8945,0.5937,0.8923
phase5_G_selective_predictions.json,38,38,decision_loop,selective,Selective,policy_sweep,The first ship to carry a human through space was called what?,ANSWER,0,1,2,2,RERANK,RETRIEVE_MORE,1,5,tardis,0.2861,0.1055,0.0375,0.0,0.1928,0.4464,0.0928,0.979,0.8945,0.2258,0.8753,0.8945,0.7139,0.7742
phase5_G_selective_predictions.json,38,38,decision_loop,selective,Selective,policy_sweep,The first ship to carry a human through space was called what?,ANSWER,0,1,3,3,RETRIEVE_MORE,RERANK,1,3,tardis,0.4816,0.1321,0.0435,0.0266,0.2879,0.4335,0.1879,0.9385,0.8679,0.2997,0.8318,0.8679,0.5184,0.7003
phase5_G_selective_predictions.json,38,38,decision_loop,selective,Selective,policy_sweep,The first ship to carry a human through space was called what?,ANSWER,0,1,4,4,STOP,RETRIEVE_MORE,0,5,tardis,0.3445,0.1321,0.0,0.0,0.2314,0.2964,0.0314,0.9508,0.8679,0.2571,0.847,0.8679,0.6555,0.7429
phase5_G_selective_predictions.json,39,39,decision_loop,selective,Selective,policy_sweep,What is an alloy?,ANSWER,0,1,1,1,RETRIEVE_MORE,,2,3,alloys,0.4483,0.1009,0.0915,0.1009,0.2246,0.6083,0.2246,0.9618,0.8991,0.1116,0.9085,0.8991,0.5517,0.8884
phase5_G_selective_predictions.json,39,39,decision_loop,selective,Selective,policy_sweep,What is an alloy?,ANSWER,0,1,2,2,RERANK,RETRIEVE_MORE,1,5,alloys,0.3072,0.1009,0.0324,0.0,0.1982,0.4446,0.0982,0.9723,0.8991,0.2265,0.8761,0.8991,0.6928,0.7735
phase5_G_selective_predictions.json,39,39,decision_loop,selective,Selective,policy_sweep,What is an alloy?,ANSWER,0,1,3,3,RETRIEVE_MORE,RERANK,1,3,alloys,0.4843,0.1195,0.0566,0.0187,0.2979,0.4345,0.1979,0.9558,0.8805,0.3728,0.8195,0.8805,0.5157,0.6272
phase5_G_selective_predictions.json,39,39,decision_loop,selective,Selective,policy_sweep,What is an alloy?,ANSWER,0,1,4,4,STOP,RETRIEVE_MORE,0,5,alloys,0.3537,0.1195,0.0,0.0,0.2401,0.293,0.0401,0.954,0.8805,0.3128,0.8372,0.8805,0.6463,0.6872
phase5_G_selective_predictions.json,40,40,decision_loop,selective,Selective,policy_sweep,Where was the Galilean village?,ANSWER,1,1,1,1,RETRIEVE_MORE,,2,3,nazareth,0.5174,0.1696,0.1734,0.1696,0.3075,0.6087,0.3075,0.9324,0.8304,0.2502,0.8266,0.8304,0.4826,0.7498
phase5_G_selective_predictions.json,40,40,decision_loop,selective,Selective,policy_sweep,Where was the Galilean village?,ANSWER,1,1,2,2,RETRIEVE_MORE,RETRIEVE_MORE,1,5,nazareth,0.4018,0.1696,0.0311,0.0,0.2858,0.4159,0.1858,0.9178,0.8304,0.3443,0.7955,0.8304,0.5982,0.6557
phase5_G_selective_predictions.json,40,40,decision_loop,selective,Selective,policy_sweep,Where was the Galilean village?,ANSWER,1,1,3,3,STOP,RETRIEVE_MORE,0,5,nazareth,0.3769,0.1696,0.0,0.0,0.2658,0.2853,0.0658,0.9314,0.8304,0.2876,0.8152,0.8304,0.6231,0.7124
phase5_G_selective_predictions.json,41,41,decision_loop,selective,Selective,policy_sweep,A fifth terminal was opened in 2008 for which UK airline?,ANSWER,0,1,1,1,RETRIEVE_MORE,,2,3,london heathrow airport,0.4387,0.1389,0.1164,0.1389,0.2443,0.6148,0.2443,0.9773,0.8611,0.1413,0.8836,0.8611,0.5613,0.8587
phase5_G_selective_predictions.json,41,41,decision_loop,selective,Selective,policy_sweep,A fifth terminal was opened in 2008 for which UK airline?,ANSWER,0,1,2,2,RERANK,RETRIEVE_MORE,1,5,london heathrow airport,0.3318,0.1389,0.0395,0.0,0.23,0.4362,0.13,0.9532,0.8611,0.2568,0.8442,0.8611,0.6682,0.7432
phase5_G_selective_predictions.json,41,41,decision_loop,selective,Selective,policy_sweep,A fifth terminal was opened in 2008 for which UK airline?,ANSWER,0,1,3,3,STOP,RERANK,1,3,london heathrow airport,0.4332,0.1389,0.0,0.0,0.2617,0.4235,0.1617,0.9682,0.8611,0.2382,0.8527,0.8611,0.5668,0.7618
phase5_G_selective_predictions.json,42,42,decision_loop,selective,Selective,policy_sweep,Does Florida benefit from taxes,ANSWER,0,1,1,1,RETRIEVE_MORE,,2,3,exemptions,0.5134,0.0871,0.1253,0.0871,0.2641,0.6063,0.2641,0.9304,0.9129,0.2262,0.8747,0.9129,0.4866,0.7738
phase5_G_selective_predictions.json,42,42,decision_loop,selective,Selective,policy_sweep,Does Florida benefit from taxes,ANSWER,0,1,2,2,RETRIEVE_MORE,RETRIEVE_MORE,1,5,exemptions,0.4189,0.0871,0.0411,0.0,0.2527,0.4332,0.1527,0.8872,0.9129,0.3346,0.8335,0.9129,0.5811,0.6654
phase5_G_selective_predictions.json,42,42,decision_loop,selective,Selective,policy_sweep,Does Florida benefit from taxes,ANSWER,0,1,3,3,STOP,RETRIEVE_MORE,0,5,exemptions,0.4441,0.104,0.0411,0.0169,0.2856,0.2975,0.0856,0.9,0.896,0.417,0.8029,0.896,0.5559,0.583
phase5_G_selective_predictions.json,43,43,decision_loop,selective,Selective,policy_sweep,What two members of city council were convicted of extortion in 2005?,ANSWER,0,1,1,1,RETRIEVE_MORE,,2,3,the mayor and 10 city council members,0.4075,0.1404,0.0834,0.1404,0.2096,0.627,0.2096,0.9626,0.8596,0.0191,0.9166,0.8596,0.5925,0.9809
phase5_G_selective_predictions.json,43,43,decision_loop,selective,Selective,policy_sweep,What two members of city council were convicted of extortion in 2005?,ANSWER,0,1,2,2,RERANK,RETRIEVE_MORE,1,5,the mayor and 10 city council members,0.2814,0.1404,0.0416,0.0,0.1943,0.4479,0.0943,0.9706,0.8596,0.1632,0.8749,0.8596,0.7186,0.8368
phase5_G_selective_predictions.json,43,43,decision_loop,selective,Selective,policy_sweep,What two members of city council were convicted of extortion in 2005?,ANSWER,0,1,3,3,RETRIEVE_MORE,RERANK,1,3,the mayor and 10 city council members,0.4372,0.1644,0.0481,0.024,0.2847,0.4336,0.1847,0.9778,0.8356,0.2884,0.8268,0.8356,0.5628,0.7116
phase5_G_selective_predictions.json,43,43,decision_loop,selective,Selective,policy_sweep,What two members of city council were convicted of extortion in 2005?,ANSWER,0,1,4,4,STOP,RETRIEVE_MORE,0,5,the mayor and 10 city council members,0.325,0.1644,0.0,0.0,0.2383,0.2919,0.0383,0.9601,0.8356,0.2529,0.8339,0.8356,0.675,0.7471
phase5_G_selective_predictions.json,44,44,decision_loop,selective,Selective,policy_sweep,What can affect how a person is treated?,ANSWER,0,1,1,1,RETRIEVE_MORE,,2,3,sexual_orientation,0.5751,0.1823,0.1986,0.1823,0.3291,0.6099,0.3291,0.8061,0.8177,0.2289,0.8014,0.8177,0.4249,0.7711
phase5_G_selective_predictions.json,44,44,decision_loop,selective,Selective,policy_sweep,What can affect how a person is treated?,ANSWER,0,1,2,2,RETRIEVE_MORE,RETRIEVE_MORE,1,5,sexual_orientation,0.4215,0.1823,0.0126,0.0,0.2931,0.4061,0.1931,0.8763,0.8177,0.3178,0.7888,0.8177,0.5785,0.6822
phase5_G_selective_predictions.json,44,44,decision_loop,selective,Selective,policy_sweep,What can affect how a person is treated?,ANSWER,0,1,3,3,STOP,RETRIEVE_MORE,0,5,sexual_orientation,0.3605,0.1823,0.0,0.0,0.2669,0.2832,0.0669,0.9411,0.8177,0.2935,0.809,0.8177,0.6395,0.7065
phase5_G_selective_predictions.json,45,45,decision_loop,selective,Selective,policy_sweep,What currency did the euro replace in Portugal?,ABSTAIN,0,0,1,1,RETRIEVE_MORE,,2,3,portuguese escudo,0.4241,0.158,0.1189,0.158,0.2439,0.6216,0.2439,0.9831,0.842,0.1216,0.8811,0.842,0.5759,0.8784
phase5_G_selective_predictions.json,45,45,decision_loop,selective,Selective,policy_sweep,What currency did the euro replace in Portugal?,ABSTAIN,0,0,2,2,RERANK,RETRIEVE_MORE,1,5,greek drachma,0.3657,0.158,0.0,0.0,0.2077,0.4382,0.1077,0.9338,0.842,0.0431,0.8948,0.842,0.6343,0.9569
phase5_G_selective_predictions.json,45,45,decision_loop,selective,Selective,policy_sweep,What currency did the euro replace in Portugal?,ABSTAIN,0,0,3,3,RETRIEVE_MORE,RERANK,1,3,portuguese escudo,0.4241,0.158,0.0137,0.0,0.2439,0.4389,0.1439,0.9831,0.842,0.1216,0.8811,0.842,0.5759,0.8784
phase5_G_selective_predictions.json,45,45,decision_loop,selective,Selective,policy_sweep,What currency did the euro replace in Portugal?,ABSTAIN,0,0,4,4,STOP,RETRIEVE_MORE,0,5,greek drachma,0.3657,0.158,0.0,0.0,0.2077,0.3132,0.0077,0.9338,0.842,0.0431,0.8948,0.842,0.6343,0.9569
phase5_G_selective_predictions.json,46,46,decision_loop,selective,Selective,policy_sweep,"Which Chinese suffix means ""area, district, region, ward""?",ABSTAIN,0,0,1,1,RETRIEVE_MORE,,2,3,q,0.5021,0.078,0.1035,0.078,0.2415,0.6052,0.2415,0.9078,0.922,0.1535,0.8965,0.922,0.4979,0.8465
phase5_G_selective_predictions.json,46,46,decision_loop,selective,Selective,policy_sweep,"Which Chinese suffix means ""area, district, region, ward""?",ABSTAIN,0,0,2,2,RERANK,RETRIEVE_MORE,1,5,q,0.3011,0.078,0.0117,0.0,0.186,0.4394,0.086,0.9606,0.922,0.2275,0.8849,0.922,0.6989,0.7725
phase5_G_selective_predictions.json,46,46,decision_loop,selective,Selective,policy_sweep,"Which Chinese suffix means ""area, district, region, ward""?",ABSTAIN,0,0,3,3,STOP,RERANK,1,3,jackson,0.3766,0.0798,0.0,0.0018,0.1695,0.4599,0.0695,0.9869,0.9202,0.0087,0.9549,0.9202,0.6234,0.9913
phase5_G_selective_predictions.json,47,47,decision_loop,selective,Selective,policy_sweep,What was another goal of the invasion of Saxony?,ANSWER,0,1,1,1,RERANK,,2,3,recapture normandy,0.3946,0.0814,0.0488,0.0814,0.1762,0.6155,0.1762,0.9708,0.9186,0.0074,0.9512,0.9186,0.6054,0.9926
phase5_G_selective_predictions.json,47,47,decision_loop,selective,Selective,policy_sweep,What was another goal of the invasion of Saxony?,ANSWER,0,1,2,2,RETRIEVE_MORE,RERANK,2,3,recapture normandy,0.4673,0.099,0.0988,0.0177,0.2675,0.5879,0.2675,0.9551,0.901,0.2969,0.8524,0.901,0.5327,0.7031
phase5_G_selective_predictions.json,47,47,decision_loop,selective,Selective,policy_sweep,What was another goal of the invasion of Saxony?,ANSWER,0,1,3,3,RERANK,RETRIEVE_MORE,1,5,recapture normandy,0.3291,0.099,0.0,0.0,0.2104,0.4285,0.1104,0.9635,0.901,0.2535,0.8672,0.901,0.6709,0.7465
phase5_G_selective_predictions.json,47,47,decision_loop,selective,Selective,policy_sweep,What was another goal of the invasion of Saxony?,ANSWER,0,1,4,4,STOP,RERANK,1,3,recapture normandy,0.4464,0.099,0.0093,0.0,0.2589,0.429,0.1589,0.9722,0.901,0.2904,0.8578,0.901,0.5536,0.7096
phase5_G_selective_predictions.json,48,48,decision_loop,selective,Selective,policy_sweep,In what year was War on the Floor released?,ANSWER,0,1,1,1,RETRIEVE_MORE,,2,3,2013,0.6326,0.1751,0.2376,0.1751,0.3722,0.6119,0.3722,0.7894,0.8249,0.3598,0.7624,0.8249,0.3674,0.6402
phase5_G_selective_predictions.json,48,48,decision_loop,selective,Selective,policy_sweep,In what year was War on the Floor released?,ANSWER,0,1,2,2,STOP,RETRIEVE_MORE,1,5,2013,0.4543,0.1751,0.0,0.0,0.3195,0.3929,0.2195,0.8771,0.8249,0.4084,0.7653,0.8249,0.5457,0.5916
phase5_G_selective_predictions.json,49,49,decision_loop,selective,Selective,policy_sweep,Who was the main opponent that began to argue that the flat canvas did not support Cubism?,ANSWER,0,1,1,1,RETRIEVE_MORE,,2,3,nasser,0.4028,0.091,0.0739,0.091,0.1994,0.6106,0.1994,0.9896,0.909,0.0876,0.9261,0.909,0.5972,0.9124
phase5_G_selective_predictions.json,49,49,decision_loop,selective,Selective,policy_sweep,Who was the main opponent that began to argue that the flat canvas did not support Cubism?,ANSWER,0,1,2,2,RERANK,RETRIEVE_MORE,1,5,nasser,0.2996,0.091,0.0437,0.0,0.1889,0.4513,0.0889,0.9625,0.909,0.2151,0.8825,0.909,0.7004,0.7849
phase5_G_selective_predictions.json,49,49,decision_loop,selective,Selective,policy_sweep,Who was the main opponent that began to argue that the flat canvas did not support Cubism?,ANSWER,0,1,3,3,RETRIEVE_MORE,RERANK,1,3,nasser,0.4634,0.1071,0.044,0.0161,0.278,0.4361,0.178,0.9669,0.8929,0.3379,0.8385,0.8929,0.5366,0.6621
phase5_G_selective_predictions.json,49,49,decision_loop,selective,Selective,policy_sweep,Who was the main opponent that began to argue that the flat canvas did not support Cubism?,ANSWER,0,1,4,4,STOP,RETRIEVE_MORE,0,5,nasser,0.3467,0.1071,0.0,0.0,0.2277,0.2972,0.0277,0.9491,0.8929,0.2906,0.8491,0.8929,0.6533,0.7094
phase5_H_more_selective_predictions.json,0,0,decision_loop,more_selective,More Selective,policy_sweep,What poet wrote a long poem describing Roman religious holidays?,ANSWER,1,1,1,1,RETRIEVE_MORE,,2,3,ovid,0.6484,0.1815,0.2627,0.1815,0.3977,0.6131,0.3977,0.8082,0.8185,0.4453,0.7373,0.8185,0.3516,0.5547
phase5_H_more_selective_predictions.json,0,0,decision_loop,more_selective,More Selective,policy_sweep,What poet wrote a long poem describing Roman religious holidays?,ANSWER,1,1,2,2,STOP,RETRIEVE_MORE,1,5,ovid,0.4733,0.1815,0.0,0.0,0.3315,0.3892,0.2315,0.8595,0.8185,0.4208,0.7549,0.8185,0.5267,0.5792
phase5_H_more_selective_predictions.json,1,1,decision_loop,more_selective,More Selective,policy_sweep,What is the form of hydrogen and carbon called?,ANSWER,0,1,1,1,RETRIEVE_MORE,,2,3,ortho-para,0.409,0.1404,0.0941,0.1404,0.2199,0.6232,0.2199,0.9822,0.8596,0.0678,0.9059,0.8596,0.591,0.9322
phase5_H_more_selective_predictions.json,1,1,decision_loop,more_selective,More Selective,policy_sweep,What is the form of hydrogen and carbon called?,ANSWER,0,1,2,2,RERANK,RETRIEVE_MORE,1,5,ortho-para,0.2859,0.1404,0.0404,0.0,0.2028,0.4441,0.1028,0.9746,0.8596,0.1974,0.8655,0.8596,0.7141,0.8026
phase5_H_more_selective_predictions.json,1,1,decision_loop,more_selective,More Selective,policy_sweep,What is the form of hydrogen and carbon called?,ANSWER,0,1,3,3,RETRIEVE_MORE,RERANK,1,3,ortho-para,0.4489,0.1645,0.0475,0.0241,0.2942,0.4303,0.1942,0.9736,0.8355,0.3151,0.818,0.8355,0.5511,0.6849
phase5_H_more_selective_predictions.json,1,1,decision_loop,more_selective,More Selective,policy_sweep,What is the form of hydrogen and carbon called?,ANSWER,0,1,4,4,STOP,RETRIEVE_MORE,0,5,ortho-para,0.3298,0.1645,0.0,0.0,0.2437,0.29,0.0437,0.9611,0.8355,0.2713,0.8286,0.8355,0.6702,0.7287
phase5_H_more_selective_predictions.json,2,2,decision_loop,more_selective,More Selective,policy_sweep,What adjective did Lawrence Toppman use to describe Craig's portrayal of James Bond?,ANSWER,1,1,1,1,RETRIEVE_MORE,,2,3,bored,0.6383,0.3308,0.3315,0.3308,0.4592,0.6166,0.4592,0.8213,0.6692,0.4346,0.6685,0.6692,0.3617,0.5654
phase5_H_more_selective_predictions.json,2,2,decision_loop,more_selective,More Selective,policy_sweep,What adjective did Lawrence Toppman use to describe Craig's portrayal of James Bond?,ANSWER,1,1,2,2,ANSWER,RETRIEVE_MORE,1,5,bored,0.5064,0.3308,0.0131,0.0,0.425,0.3596,0.325,0.8458,0.6692,0.4948,0.6553,0.6692,0.4936,0.5052
phase5_H_more_selective_predictions.json,3,3,decision_loop,more_selective,More Selective,policy_sweep,To what two islands does the ferry service connect?,ANSWER,0,1,1,1,RETRIEVE_MORE,,2,3,east cowes and cowes,0.4183,0.12,0.0982,0.12,0.2239,0.6136,0.2239,0.9854,0.88,0.1175,0.9018,0.88,0.5817,0.8825
phase5_H_more_selective_predictions.json,3,3,decision_loop,more_selective,More Selective,policy_sweep,To what two islands does the ferry service connect?,ANSWER,0,1,2,2,RERANK,RETRIEVE_MORE,1,5,east cowes and cowes,0.3123,0.12,0.0405,0.0,0.2109,0.4427,0.1109,0.9631,0.88,0.2377,0.8613,0.88,0.6877,0.7623
phase5_H_more_selective_predictions.json,3,3,decision_loop,more_selective,More Selective,policy_sweep,To what two islands does the ferry service connect?,ANSWER,0,1,3,3,STOP,RERANK,1,3,east cowes and cowes,0.4183,0.12,0.0045,0.0,0.2539,0.4267,0.1539,0.9854,0.88,0.2675,0.8568,0.88,0.5817,0.7325
phase5_H_more_selective_predictions.json,4,4,decision_loop,more_selective,More Selective,policy_sweep,What took the place of Mac's Xserve server?,ANSWER,1,1,1,1,RETRIEVE_MORE,,2,3,mac mini and mac pro,0.471,0.1313,0.1278,0.1313,0.2601,0.6078,0.2601,0.9609,0.8687,0.181,0.8722,0.8687,0.529,0.819
phase5_H_more_selective_predictions.json,4,4,decision_loop,more_selective,More Selective,policy_sweep,What took the place of Mac's Xserve server?,ANSWER,1,1,2,2,RERANK,RETRIEVE_MORE,1,5,mac mini and mac pro,0.3318,0.1313,0.0281,0.0,0.2307,0.4317,0.1307,0.9649,0.8687,0.2775,0.8441,0.8687,0.6682,0.7225
phase5_H_more_selective_predictions.json,4,4,decision_loop,more_selective,More Selective,policy_sweep,What took the place of Mac's Xserve server?,ANSWER,1,1,3,3,RETRIEVE_MORE,RERANK,1,3,mac mini and mac pro,0.471,0.1313,0.0169,0.0,0.2901,0.4213,0.1901,0.9609,0.8687,0.331,0.8272,0.8687,0.529,0.669
phase5_H_more_selective_predictions.json,4,4,decision_loop,more_selective,More Selective,policy_sweep,What took the place of Mac's Xserve server?,ANSWER,1,1,4,4,STOP,RETRIEVE_MORE,0,5,mac mini and mac pro,0.3318,0.1313,0.0,0.0,0.2307,0.2954,0.0307,0.9649,0.8687,0.2775,0.8441,0.8687,0.6682,0.7225
phase5_H_more_selective_predictions.json,5,5,decision_loop,more_selective,More Selective,policy_sweep,What is one example of an application that videoconferencing manufacturers have begun to offer?,ABSTAIN,0,0,1,1,RETRIEVE_MORE,,2,3,live and still image streaming,0.4617,0.0789,0.0852,0.0789,0.2208,0.6043,0.2208,0.9491,0.9211,0.1185,0.9148,0.9211,0.5383,0.8815
phase5_H_more_selective_predictions.json,5,5,decision_loop,more_selective,More Selective,policy_sweep,What is one example of an application that videoconferencing manufacturers have begun to offer?,ABSTAIN,0,0,2,2,RERANK,RETRIEVE_MORE,1,5,live and still image streaming,0.2899,0.0789,0.0265,0.0,0.1818,0.4465,0.0818,0.9753,0.9211,0.2244,0.8883,0.9211,0.7101,0.7756
phase5_H_more_selective_predictions.json,5,5,decision_loop,more_selective,More Selective,policy_sweep,What is one example of an application that videoconferencing manufacturers have begun to offer?,ABSTAIN,0,0,3,3,STOP,RERANK,1,3,live and still image streaming,0.3854,0.0789,0.0,0.0,0.2118,0.439,0.1118,0.9933,0.9211,0.2073,0.897,0.9211,0.6146,0.7927
phase5_H_more_selective_predictions.json,6,6,decision_loop,more_selective,More Selective,policy_sweep,What are Italian dialects termed in the Italian language?,ANSWER,0,1,1,1,RETRIEVE_MORE,,2,3,dialects,0.6918,0.1319,0.2028,0.1319,0.3782,0.6101,0.3782,0.8911,0.8681,0.3837,0.7972,0.8681,0.3082,0.6163
phase5_H_more_selective_predictions.json,6,6,decision_loop,more_selective,More Selective,policy_sweep,What are Italian dialects termed in the Italian language?,ANSWER,0,1,2,2,STOP,RETRIEVE_MORE,1,5,dialects,0.4657,0.1319,0.0018,0.0,0.304,0.4041,0.204,0.919,0.8681,0.4082,0.7954,0.8681,0.5343,0.5918
phase5_H_more_selective_predictions.json,7,7,decision_loop,more_selective,More Selective,policy_sweep,"Along with exhibition and distribution, what business did the Universal Film Manufacturing Company engage in?",ANSWER,1,1,1,1,RETRIEVE_MORE,,2,3,movie production,0.5062,0.1815,0.1596,0.1815,0.2932,0.6168,0.2932,0.9133,0.8185,0.1715,0.8404,0.8185,0.4938,0.8285
phase5_H_more_selective_predictions.json,7,7,decision_loop,more_selective,More Selective,policy_sweep,"Along with exhibition and distribution, what business did the Universal Film Manufacturing Company engage in?",ANSWER,1,1,2,2,RERANK,RETRIEVE_MORE,1,5,movie production,0.3761,0.1815,0.0288,0.0,0.2688,0.4206,0.1688,0.928,0.8185,0.2774,0.8116,0.8185,0.6239,0.7226
phase5_H_more_selective_predictions.json,7,7,decision_loop,more_selective,More Selective,policy_sweep,"Along with exhibition and distribution, what business did the Universal Film Manufacturing Company engage in?",ANSWER,1,1,3,3,STOP,RERANK,1,3,movie production,0.4559,0.1815,0.0,0.0,0.2915,0.4132,0.1915,0.9474,0.8185,0.2512,0.8234,0.8185,0.5441,0.7488
phase5_H_more_selective_predictions.json,8,8,decision_loop,more_selective,More Selective,policy_sweep,Whose life was 'Schindler's List' based on?,ANSWER,1,1,1,1,RETRIEVE_MORE,,2,3,oskar schindler,0.6628,0.2277,0.2912,0.2277,0.4236,0.6146,0.4236,0.7817,0.7723,0.4457,0.7088,0.7723,0.3372,0.5543
phase5_H_more_selective_predictions.json,8,8,decision_loop,more_selective,More Selective,policy_sweep,Whose life was 'Schindler's List' based on?,ANSWER,1,1,2,2,STOP,RETRIEVE_MORE,1,5,oskar schindler,0.5082,0.2277,0.0,0.0,0.3613,0.3829,0.2613,0.8603,0.7723,0.4048,0.7368,0.7723,0.4918,0.5952
phase5_H_more_selective_predictions.json,9,9,decision_loop,more_selective,More Selective,policy_sweep,In what presidential election year did Schwarzenegger make a name for himself as a prominent Republican?,ABSTAIN,0,0,1,1,RERANK,,2,3,2008,0.3674,0.1548,0.081,0.1548,0.1995,0.6336,0.1995,0.9919,0.8452,0.0065,0.919,0.8452,0.6326,0.9935
phase5_H_more_selective_predictions.json,9,9,decision_loop,more_selective,More Selective,policy_sweep,In what presidential election year did Schwarzenegger make a name for himself as a prominent Republican?,ABSTAIN,0,0,2,2,RETRIEVE_MORE,RERANK,2,3,2008,0.3674,0.1548,0.045,0.0,0.2295,0.5739,0.2295,0.9919,0.8452,0.1565,0.874,0.8452,0.6326,0.8435
phase5_H_more_selective_predictions.json,9,9,decision_loop,more_selective,More Selective,policy_sweep,In what presidential election year did Schwarzenegger make a name for himself as a prominent Republican?,ABSTAIN,0,0,3,3,RERANK,RETRIEVE_MORE,1,5,2006,0.3614,0.1548,0.0,0.0,0.2154,0.4343,0.1154,0.9497,0.8452,0.0962,0.8837,0.8452,0.6386,0.9038
phase5_H_more_selective_predictions.json,9,9,decision_loop,more_selective,More Selective,policy_sweep,In what presidential election year did Schwarzenegger make a name for himself as a prominent Republican?,ABSTAIN,0,0,4,4,STOP,RERANK,1,3,2008,0.3674,0.1548,0.0,0.0,0.1995,0.4467,0.0995,0.9919,0.8452,0.0065,0.919,0.8452,0.6326,0.9935
phase5_H_more_selective_predictions.json,10,10,decision_loop,more_selective,More Selective,policy_sweep,What component of the printed circuit board is appraised with boundary scan testing?,ANSWER,0,1,1,1,RETRIEVE_MORE,,2,3,pcb,0.4025,0.144,0.0838,0.144,0.2092,0.6283,0.2092,0.9676,0.856,0.0177,0.9162,0.856,0.5975,0.9823
phase5_H_more_selective_predictions.json,10,10,decision_loop,more_selective,More Selective,policy_sweep,What component of the printed circuit board is appraised with boundary scan testing?,ANSWER,0,1,2,2,RERANK,RETRIEVE_MORE,1,5,pcb,0.2761,0.144,0.043,0.0,0.1939,0.4478,0.0939,0.9694,0.856,0.1621,0.8732,0.856,0.7239,0.8379
phase5_H_more_selective_predictions.json,10,10,decision_loop,more_selective,More Selective,policy_sweep,What component of the printed circuit board is appraised with boundary scan testing?,ANSWER,0,1,3,3,RETRIEVE_MORE,RERANK,1,3,pcb,0.4162,0.1685,0.042,0.0245,0.276,0.4327,0.176,0.9864,0.8315,0.2725,0.8313,0.8315,0.5838,0.7275
phase5_H_more_selective_predictions.json,10,10,decision_loop,more_selective,More Selective,policy_sweep,What component of the printed circuit board is appraised with boundary scan testing?,ANSWER,0,1,4,4,STOP,RETRIEVE_MORE,0,5,pcb,0.3167,0.1685,0.0,0.0,0.2353,0.292,0.0353,0.9571,0.8315,0.2432,0.8342,0.8315,0.6833,0.7568
phase5_H_more_selective_predictions.json,11,11,decision_loop,more_selective,More Selective,policy_sweep,Who had FA cup coverage from 1988-1997?,ANSWER,0,1,1,1,RETRIEVE_MORE,,2,3,bbc and sky sports,0.4332,0.1318,0.1127,0.1318,0.2395,0.6133,0.2395,0.9802,0.8682,0.1429,0.8873,0.8682,0.5668,0.8571
phase5_H_more_selective_predictions.json,11,11,decision_loop,more_selective,More Selective,policy_sweep,Who had FA cup coverage from 1988-1997?,ANSWER,0,1,2,2,RERANK,RETRIEVE_MORE,1,5,bbc and sky sports,0.2916,0.1318,0.0303,0.0,0.2106,0.4371,0.1106,0.9834,0.8682,0.2462,0.8569,0.8682,0.7084,0.7538
phase5_H_more_selective_predictions.json,11,11,decision_loop,more_selective,More Selective,policy_sweep,Who had FA cup coverage from 1988-1997?,ANSWER,0,1,3,3,RETRIEVE_MORE,RERANK,1,3,bbc and sky sports,0.4332,0.1318,0.0147,0.0,0.2695,0.4257,0.1695,0.9802,0.8682,0.2929,0.8423,0.8682,0.5668,0.7071
phase5_H_more_selective_predictions.json,11,11,decision_loop,more_selective,More Selective,policy_sweep,Who had FA cup coverage from 1988-1997?,ANSWER,0,1,4,4,STOP,RETRIEVE_MORE,0,5,bbc and sky sports,0.2916,0.1318,0.0,0.0,0.2106,0.2999,0.0106,0.9834,0.8682,0.2462,0.8569,0.8682,0.7084,0.7538
phase5_H_more_selective_predictions.json,12,12,decision_loop,more_selective,More Selective,policy_sweep,What percentage of the population was Caucasian in 1940?,ANSWER,0,1,1,1,RETRIEVE_MORE,,2,3,3.0%,0.5176,0.1475,0.1644,0.1475,0.2991,0.6082,0.2991,0.9334,0.8525,0.2578,0.8356,0.8525,0.4824,0.7422
phase5_H_more_selective_predictions.json,12,12,decision_loop,more_selective,More Selective,policy_sweep,What percentage of the population was Caucasian in 1940?,ANSWER,0,1,2,2,RERANK,RETRIEVE_MORE,1,5,3.0%,0.3739,0.1475,0.0209,0.0,0.2645,0.4185,0.1645,0.9463,0.8525,0.3362,0.8147,0.8525,0.6261,0.6638
phase5_H_more_selective_predictions.json,12,12,decision_loop,more_selective,More Selective,policy_sweep,What percentage of the population was Caucasian in 1940?,ANSWER,0,1,3,3,RETRIEVE_MORE,RERANK,1,3,3.0%,0.5115,0.1475,0.0111,0.0,0.3174,0.4107,0.2174,0.9266,0.8525,0.3601,0.8036,0.8525,0.4885,0.6399
phase5_H_more_selective_predictions.json,12,12,decision_loop,more_selective,More Selective,policy_sweep,What percentage of the population was Caucasian in 1940?,ANSWER,0,1,4,4,STOP,RETRIEVE_MORE,0,5,3.0%,0.3707,0.1475,0.0,0.0,0.2565,0.2884,0.0565,0.942,0.8525,0.3023,0.824,0.8525,0.6293,0.6977
phase5_H_more_selective_predictions.json,13,13,decision_loop,more_selective,More Selective,policy_sweep,In what year was Columbia University chartered?,ANSWER,0,1,1,1,RETRIEVE_MORE,,2,3,1950,0.5368,0.1087,0.1396,0.1087,0.2773,0.607,0.2773,0.8777,0.8913,0.2025,0.8604,0.8913,0.4632,0.7975
phase5_H_more_selective_predictions.json,13,13,decision_loop,more_selective,More Selective,policy_sweep,In what year was Columbia University chartered?,ANSWER,0,1,2,2,RERANK,RETRIEVE_MORE,1,5,1950,0.3486,0.1087,0.0108,0.0,0.2272,0.4267,0.1272,0.9421,0.8913,0.2815,0.8496,0.8913,0.6514,0.7185
phase5_H_more_selective_predictions.json,13,13,decision_loop,more_selective,More Selective,policy_sweep,In what year was Columbia University chartered?,ANSWER,0,1,3,3,STOP,RERANK,1,3,1950,0.4432,0.1087,0.0024,0.0,0.2665,0.4225,0.1665,0.9763,0.8913,0.3123,0.8472,0.8913,0.5568,0.6877
phase5_H_more_selective_predictions.json,14,14,decision_loop,more_selective,More Selective,policy_sweep,"What is the owner, tenant or manager of a pub known as?",ANSWER,1,1,1,1,RETRIEVE_MORE,,2,3,pub landlord,0.6605,0.2893,0.3294,0.2893,0.4574,0.6165,0.4574,0.7968,0.7107,0.4802,0.6706,0.7107,0.3395,0.5198
phase5_H_more_selective_predictions.json,14,14,decision_loop,more_selective,More Selective,policy_sweep,"What is the owner, tenant or manager of a pub known as?",ANSWER,1,1,2,2,ANSWER,RETRIEVE_MORE,1,5,pub landlord,0.5128,0.2893,0.0028,0.0,0.4142,0.3599,0.3142,0.8468,0.7107,0.5228,0.6679,0.7107,0.4872,0.4772
phase5_H_more_selective_predictions.json,15,15,decision_loop,more_selective,More Selective,policy_sweep,How many people signed a petition in protest of Everton FC's crest redesign in 2013?,ANSWER,0,1,1,1,RETRIEVE_MORE,,2,3,"22,000",0.7013,0.1645,0.227,0.1645,0.4,0.6114,0.4,0.8797,0.8355,0.4025,0.773,0.8355,0.2987,0.5975
phase5_H_more_selective_predictions.json,15,15,decision_loop,more_selective,More Selective,policy_sweep,How many people signed a petition in protest of Everton FC's crest redesign in 2013?,ANSWER,0,1,2,2,STOP,RETRIEVE_MORE,1,5,"22,000",0.4969,0.1645,0.0,0.0,0.32,0.4045,0.22,0.9439,0.8355,0.3604,0.7984,0.8355,0.5031,0.6396
phase5_H_more_selective_predictions.json,16,16,decision_loop,more_selective,More Selective,policy_sweep,What did Griffith's tool help increase?,ABSTAIN,0,0,1,1,RETRIEVE_MORE,,2,3,transparency,0.4171,0.0978,0.0817,0.0978,0.2097,0.6105,0.2097,0.9838,0.9022,0.0986,0.9183,0.9022,0.5829,0.9014
phase5_H_more_selective_predictions.json,16,16,decision_loop,more_selective,More Selective,policy_sweep,What did Griffith's tool help increase?,ABSTAIN,0,0,2,2,RERANK,RETRIEVE_MORE,1,5,transparency,0.2972,0.0978,0.0391,0.0,0.1921,0.4483,0.0921,0.971,0.9022,0.2203,0.8792,0.9022,0.7028,0.7797
phase5_H_more_selective_predictions.json,16,16,decision_loop,more_selective,More Selective,policy_sweep,What did Griffith's tool help increase?,ABSTAIN,0,0,3,3,STOP,RERANK,1,3,transparency,0.4171,0.0978,0.0059,0.0,0.2397,0.433,0.1397,0.9838,0.9022,0.2486,0.8733,0.9022,0.5829,0.7514
phase5_H_more_selective_predictions.json,17,17,decision_loop,more_selective,More Selective,policy_sweep,Where do samurais' teachings live on?,ABSTAIN,0,0,1,1,RERANK,,2,3,lichens,0.3704,0.0784,0.0506,0.0784,0.172,0.6137,0.172,0.996,0.9216,0.0351,0.9494,0.9216,0.6296,0.9649
phase5_H_more_selective_predictions.json,17,17,decision_loop,more_selective,More Selective,policy_sweep,Where do samurais' teachings live on?,ABSTAIN,0,0,2,2,RETRIEVE_MORE,RERANK,2,3,lichens,0.4207,0.0933,0.0622,0.0148,0.2281,0.5854,0.2281,0.961,0.9067,0.1945,0.8872,0.9067,0.5793,0.8055
phase5_H_more_selective_predictions.json,17,17,decision_loop,more_selective,More Selective,policy_sweep,Where do samurais' teachings live on?,ABSTAIN,0,0,3,3,RERANK,RETRIEVE_MORE,1,5,lichens,0.2795,0.0933,0.0,0.0,0.1757,0.4381,0.0757,0.9756,0.9067,0.1795,0.8946,0.9067,0.7205,0.8205
phase5_H_more_selective_predictions.json,17,17,decision_loop,more_selective,More Selective,policy_sweep,Where do samurais' teachings live on?,ABSTAIN,0,0,4,4,STOP,RERANK,1,3,lichens,0.3732,0.0933,0.0,0.0,0.2105,0.4385,0.1105,0.9956,0.9067,0.1894,0.8957,0.9067,0.6268,0.8106
phase5_H_more_selective_predictions.json,18,18,decision_loop,more_selective,More Selective,policy_sweep,How many years does the term of a Richmond city council representative last?,ANSWER,0,1,1,1,RETRIEVE_MORE,,2,3,4,0.5119,0.2008,0.1698,0.2008,0.3017,0.6209,0.3017,0.8945,0.7992,0.161,0.8302,0.7992,0.4881,0.839
phase5_H_more_selective_predictions.json,18,18,decision_loop,more_selective,More Selective,policy_sweep,How many years does the term of a Richmond city council representative last?,ANSWER,0,1,2,2,RERANK,RETRIEVE_MORE,1,5,4,0.384,0.2008,0.029,0.0,0.2789,0.417,0.1789,0.9144,0.7992,0.2708,0.8012,0.7992,0.616,0.7292
phase5_H_more_selective_predictions.json,18,18,decision_loop,more_selective,More Selective,policy_sweep,How many years does the term of a Richmond city council representative last?,ANSWER,0,1,3,3,STOP,RERANK,1,3,4,0.4318,0.2008,0.0,0.0,0.2862,0.4138,0.1862,0.9631,0.7992,0.2236,0.8251,0.7992,0.5682,0.7764
phase5_H_more_selective_predictions.json,19,19,decision_loop,more_selective,More Selective,policy_sweep,When did an investigation occur under school casualties?,ABSTAIN,0,0,1,1,RETRIEVE_MORE,,2,3,december 2008,0.4199,0.0844,0.0837,0.0844,0.2107,0.6045,0.2107,0.9852,0.9156,0.1286,0.9163,0.9156,0.5801,0.8714
phase5_H_more_selective_predictions.json,19,19,decision_loop,more_selective,More Selective,policy_sweep,When did an investigation occur under school casualties?,ABSTAIN,0,0,2,2,RERANK,RETRIEVE_MORE,1,5,december 2008,0.2883,0.0844,0.0341,0.0,0.1865,0.4474,0.0865,0.9792,0.9156,0.2383,0.8822,0.9156,0.7117,0.7617
phase5_H_more_selective_predictions.json,19,19,decision_loop,more_selective,More Selective,policy_sweep,When did an investigation occur under school casualties?,ABSTAIN,0,0,3,3,RETRIEVE_MORE,RERANK,1,3,december 2008,0.4199,0.0844,0.0109,0.0,0.2407,0.4343,0.1407,0.9852,0.9156,0.2786,0.8713,0.9156,0.5801,0.7214
phase5_H_more_selective_predictions.json,19,19,decision_loop,more_selective,More Selective,policy_sweep,When did an investigation occur under school casualties?,ABSTAIN,0,0,4,4,STOP,RETRIEVE_MORE,0,5,december 2008,0.2883,0.0844,0.0,0.0,0.1865,0.3088,-0.0135,0.9792,0.9156,0.2383,0.8822,0.9156,0.7117,0.7617
phase5_H_more_selective_predictions.json,20,20,decision_loop,more_selective,More Selective,policy_sweep,How did Liang Ji die?,ANSWER,0,1,1,1,RETRIEVE_MORE,,2,3,killed after deng mengnü resisted liang ji's attempts to control her,0.5017,0.0861,0.1241,0.0861,0.2609,0.6062,0.2609,0.9439,0.9139,0.2329,0.8759,0.9139,0.4983,0.7671
phase5_H_more_selective_predictions.json,20,20,decision_loop,more_selective,More Selective,policy_sweep,How did Liang Ji die?,ANSWER,0,1,2,2,RETRIEVE_MORE,RETRIEVE_MORE,1,5,killed after deng mengnü resisted liang ji's attempts to control her,0.413,0.0861,0.0443,0.0,0.2516,0.4338,0.1516,0.8859,0.9139,0.3417,0.8316,0.9139,0.587,0.6583
phase5_H_more_selective_predictions.json,20,20,decision_loop,more_selective,More Selective,policy_sweep,How did Liang Ji die?,ANSWER,0,1,3,3,STOP,RETRIEVE_MORE,0,5,killed after deng mengnü resisted liang ji's attempts to control her,0.3763,0.0861,0.0,0.0,0.2283,0.2998,0.0283,0.9315,0.9139,0.2893,0.8565,0.9139,0.6237,0.7107
phase5_H_more_selective_predictions.json,21,21,decision_loop,more_selective,More Selective,policy_sweep,Who supported the reaction against the government?,ANSWER,1,1,1,1,RETRIEVE_MORE,,2,3,durango,0.5666,0.2014,0.223,0.2014,0.3566,0.6111,0.3566,0.8956,0.7986,0.338,0.777,0.7986,0.4334,0.662
phase5_H_more_selective_predictions.json,21,21,decision_loop,more_selective,More Selective,policy_sweep,Who supported the reaction against the government?,ANSWER,1,1,2,2,RETRIEVE_MORE,RETRIEVE_MORE,1,5,durango,0.4236,0.2014,0.0162,0.0,0.3194,0.3978,0.2194,0.9116,0.7986,0.4027,0.7608,0.7986,0.5764,0.5973
phase5_H_more_selective_predictions.json,21,21,decision_loop,more_selective,More Selective,policy_sweep,Who supported the reaction against the government?,ANSWER,1,1,3,3,ANSWER,RETRIEVE_MORE,0,5,durango,0.42,0.2014,0.0052,0.0,0.314,0.2705,0.114,0.9102,0.7986,0.3818,0.7668,0.7986,0.58,0.6182
phase5_H_more_selective_predictions.json,22,22,decision_loop,more_selective,More Selective,policy_sweep,What influences role of minority leader?,ANSWER,1,1,1,1,RETRIEVE_MORE,,2,3,more partisan nature of the house,0.4117,0.1348,0.0833,0.1348,0.2104,0.6248,0.2104,0.9627,0.8652,0.0281,0.9167,0.8652,0.5883,0.9719
phase5_H_more_selective_predictions.json,22,22,decision_loop,more_selective,More Selective,policy_sweep,What influences role of minority leader?,ANSWER,1,1,2,2,RERANK,RETRIEVE_MORE,1,5,more partisan nature of the house,0.2603,0.1348,0.0382,0.0,0.1853,0.4477,0.0853,0.9813,0.8652,0.1678,0.8785,0.8652,0.7397,0.8322
phase5_H_more_selective_predictions.json,22,22,decision_loop,more_selective,More Selective,policy_sweep,What influences role of minority leader?,ANSWER,1,1,3,3,RETRIEVE_MORE,RERANK,1,3,personality and contextual factors,0.3734,0.154,0.0,0.0191,0.2093,0.4506,0.1093,0.9962,0.846,0.0464,0.9083,0.846,0.6266,0.9536
phase5_H_more_selective_predictions.json,22,22,decision_loop,more_selective,More Selective,policy_sweep,What influences role of minority leader?,ANSWER,1,1,4,4,STOP,RETRIEVE_MORE,0,5,personality and contextual factors,0.2818,0.154,0.049,0.0,0.2049,0.3204,0.0049,0.9592,0.846,0.185,0.8593,0.846,0.7182,0.815
phase5_H_more_selective_predictions.json,23,23,decision_loop,more_selective,More Selective,policy_sweep,What genre was 'LA 2017'?,ABSTAIN,0,0,1,1,RETRIEVE_MORE,,2,3,mp3,0.473,0.1279,0.1051,0.1279,0.2268,0.6143,0.2268,0.8217,0.8721,0.0185,0.8949,0.8721,0.527,0.9815
phase5_H_more_selective_predictions.json,23,23,decision_loop,more_selective,More Selective,policy_sweep,What genre was 'LA 2017'?,ABSTAIN,0,0,2,2,RERANK,RETRIEVE_MORE,1,5,mp3,0.3332,0.1279,0.0279,0.0,0.2068,0.4396,0.1068,0.8991,0.8721,0.163,0.867,0.8721,0.6668,0.837
phase5_H_more_selective_predictions.json,23,23,decision_loop,more_selective,More Selective,policy_sweep,What genre was 'LA 2017'?,ABSTAIN,0,0,3,3,STOP,RERANK,1,3,mp3,0.3959,0.1279,0.0,0.0,0.2292,0.4334,0.1292,0.9734,0.8721,0.1655,0.8811,0.8721,0.6041,0.8345
phase5_H_more_selective_predictions.json,24,24,decision_loop,more_selective,More Selective,policy_sweep,Who had issues with JFK's proposal?,ANSWER,1,1,1,1,RETRIEVE_MORE,,2,3,naacp,0.4797,0.1078,0.1236,0.1078,0.2572,0.6062,0.2572,0.9576,0.8922,0.2039,0.8764,0.8922,0.5203,0.7961
phase5_H_more_selective_predictions.json,24,24,decision_loop,more_selective,More Selective,policy_sweep,Who had issues with JFK's proposal?,ANSWER,1,1,2,2,RERANK,RETRIEVE_MORE,1,5,naacp,0.3389,0.1078,0.0262,0.0,0.2259,0.4331,0.1259,0.9618,0.8922,0.2941,0.8502,0.8922,0.6611,0.7059
phase5_H_more_selective_predictions.json,24,24,decision_loop,more_selective,More Selective,policy_sweep,Who had issues with JFK's proposal?,ANSWER,1,1,3,3,RETRIEVE_MORE,RERANK,1,3,naacp,0.4797,0.1078,0.0188,0.0,0.2872,0.4235,0.1872,0.9576,0.8922,0.3539,0.8314,0.8922,0.5203,0.6461
phase5_H_more_selective_predictions.json,24,24,decision_loop,more_selective,More Selective,policy_sweep,Who had issues with JFK's proposal?,ANSWER,1,1,4,4,STOP,RETRIEVE_MORE,0,5,naacp,0.3389,0.1078,0.0,0.0,0.2259,0.2976,0.0259,0.9618,0.8922,0.2941,0.8502,0.8922,0.6611,0.7059
phase5_H_more_selective_predictions.json,25,25,decision_loop,more_selective,More Selective,policy_sweep,What does CATOBAR allow for?,ANSWER,0,1,1,1,RETRIEVE_MORE,,2,3,catobar recovery,0.539,0.1252,0.1554,0.1252,0.2938,0.6078,0.2938,0.9026,0.8748,0.2443,0.8446,0.8748,0.461,0.7557
phase5_H_more_selective_predictions.json,25,25,decision_loop,more_selective,More Selective,policy_sweep,What does CATOBAR allow for?,ANSWER,0,1,2,2,RERANK,RETRIEVE_MORE,1,5,catobar recovery,0.3835,0.1252,0.0174,0.0,0.2553,0.4215,0.1553,0.935,0.8748,0.3238,0.8273,0.8748,0.6165,0.6762
phase5_H_more_selective_predictions.json,25,25,decision_loop,more_selective,More Selective,policy_sweep,What does CATOBAR allow for?,ANSWER,0,1,3,3,RETRIEVE_MORE,RERANK,1,3,catobar recovery,0.4922,0.1252,0.0117,0.0,0.3032,0.4151,0.2032,0.9504,0.8748,0.3731,0.8156,0.8748,0.5078,0.6269
phase5_H_more_selective_predictions.json,25,25,decision_loop,more_selective,More Selective,policy_sweep,What does CATOBAR allow for?,ANSWER,0,1,4,4,STOP,RETRIEVE_MORE,0,5,catobar recovery,0.3797,0.1252,0.0,0.0,0.2536,0.2895,0.0536,0.9317,0.8748,0.3221,0.8271,0.8748,0.6203,0.6779
phase5_H_more_selective_predictions.json,26,26,decision_loop,more_selective,More Selective,policy_sweep,Where were these forts commonly built?,ABSTAIN,0,0,1,1,RETRIEVE_MORE,,2,3,the swedes,0.4311,0.0863,0.0712,0.0863,0.2032,0.6096,0.2032,0.9609,0.9137,0.0674,0.9288,0.9137,0.5689,0.9326
phase5_H_more_selective_predictions.json,26,26,decision_loop,more_selective,More Selective,policy_sweep,Where were these forts commonly built?,ABSTAIN,0,0,2,2,RERANK,RETRIEVE_MORE,1,5,the swedes,0.3046,0.0863,0.0385,0.0,0.185,0.452,0.085,0.9638,0.9137,0.1976,0.8903,0.9137,0.6954,0.8024
phase5_H_more_selective_predictions.json,26,26,decision_loop,more_selective,More Selective,policy_sweep,Where were these forts commonly built?,ABSTAIN,0,0,3,3,STOP,RERANK,1,3,the swedes,0.4012,0.0863,0.0001,0.0,0.2218,0.4366,0.1218,0.9862,0.9137,0.2127,0.8903,0.9137,0.5988,0.7873
phase5_H_more_selective_predictions.json,27,27,decision_loop,more_selective,More Selective,policy_sweep,What bacteria is an exception to single circular chromosome rule?,ANSWER,0,1,1,1,RETRIEVE_MORE,,2,3,borrelia burgdorferi,0.5601,0.1645,0.2023,0.1645,0.337,0.6101,0.337,0.9018,0.8355,0.3345,0.7977,0.8355,0.4399,0.6655
phase5_H_more_selective_predictions.json,27,27,decision_loop,more_selective,More Selective,policy_sweep,What bacteria is an exception to single circular chromosome rule?,ANSWER,0,1,2,2,RETRIEVE_MORE,RETRIEVE_MORE,1,5,borrelia burgdorferi,0.4324,0.1645,0.0211,0.0,0.307,0.4053,0.207,0.9069,0.8355,0.4083,0.7766,0.8355,0.5676,0.5917
phase5_H_more_selective_predictions.json,27,27,decision_loop,more_selective,More Selective,policy_sweep,What bacteria is an exception to single circular chromosome rule?,ANSWER,0,1,3,3,ANSWER,RETRIEVE_MORE,0,5,borrelia burgdorferi,0.4308,0.1645,0.0119,0.0,0.3063,0.2766,0.1063,0.9063,0.8355,0.4073,0.7768,0.8355,0.5692,0.5927
phase5_H_more_selective_predictions.json,28,28,decision_loop,more_selective,More Selective,policy_sweep,Who made up most unions between Europeans and natives?,ABSTAIN,0,0,1,1,RETRIEVE_MORE,,2,3,africans,0.5093,0.0925,0.1344,0.0925,0.2707,0.6067,0.2707,0.94,0.9075,0.2539,0.8656,0.9075,0.4907,0.7461
phase5_H_more_selective_predictions.json,28,28,decision_loop,more_selective,More Selective,policy_sweep,Who made up most unions between Europeans and natives?,ABSTAIN,0,0,2,2,RERANK,RETRIEVE_MORE,1,5,africans,0.3444,0.0925,0.0139,0.0,0.2254,0.4286,0.1254,0.9635,0.9075,0.3159,0.8517,0.9075,0.6556,0.6841
phase5_H_more_selective_predictions.json,28,28,decision_loop,more_selective,More Selective,policy_sweep,Who made up most unions between Europeans and natives?,ABSTAIN,0,0,3,3,STOP,RERANK,1,3,africans,0.4454,0.0925,0.0,0.0,0.2504,0.4287,0.1504,0.9658,0.9075,0.2643,0.8676,0.9075,0.5546,0.7357
phase5_H_more_selective_predictions.json,29,29,decision_loop,more_selective,More Selective,policy_sweep,What did the Guardian name her?,ABSTAIN,0,0,1,1,RERANK,,2,3,beyoncé,0.3576,0.1055,0.0628,0.1055,0.1792,0.6202,0.1792,0.9988,0.8945,0.0328,0.9372,0.8945,0.6424,0.9672
phase5_H_more_selective_predictions.json,29,29,decision_loop,more_selective,More Selective,policy_sweep,What did the Guardian name her?,ABSTAIN,0,0,2,2,RETRIEVE_MORE,RERANK,2,3,beyoncé,0.4277,0.1312,0.0734,0.0257,0.2505,0.5817,0.2505,0.9604,0.8688,0.2089,0.8638,0.8688,0.5723,0.7911
phase5_H_more_selective_predictions.json,29,29,decision_loop,more_selective,More Selective,policy_sweep,What did the Guardian name her?,ABSTAIN,0,0,3,3,RERANK,RETRIEVE_MORE,1,5,beyoncé,0.3084,0.1312,0.0,0.0,0.2055,0.4284,0.1055,0.9513,0.8688,0.1924,0.8669,0.8688,0.6916,0.8076
phase5_H_more_selective_predictions.json,29,29,decision_loop,more_selective,More Selective,policy_sweep,What did the Guardian name her?,ABSTAIN,0,0,4,4,STOP,RERANK,1,3,beyoncé,0.3884,0.1312,0.0,0.0,0.2357,0.4301,0.1357,0.9914,0.8688,0.2034,0.8717,0.8688,0.6116,0.7966
phase5_H_more_selective_predictions.json,30,30,decision_loop,more_selective,More Selective,policy_sweep,The lower regions and larger towns of the Alps are well-served by what?,ANSWER,0,1,1,1,RETRIEVE_MORE,,2,3,motorways and main roads,0.4726,0.1368,0.1366,0.1368,0.2674,0.6069,0.2674,0.9622,0.8632,0.2023,0.8634,0.8632,0.5274,0.7977
phase5_H_more_selective_predictions.json,30,30,decision_loop,more_selective,More Selective,policy_sweep,The lower regions and larger towns of the Alps are well-served by what?,ANSWER,0,1,2,2,RERANK,RETRIEVE_MORE,1,5,motorways and main roads,0.3581,0.1368,0.0385,0.0,0.2475,0.4291,0.1475,0.9213,0.8632,0.3033,0.8249,0.8632,0.6419,0.6967
phase5_H_more_selective_predictions.json,30,30,decision_loop,more_selective,More Selective,policy_sweep,The lower regions and larger towns of the Alps are well-served by what?,ANSWER,0,1,3,3,STOP,RERANK,1,3,motorways and main roads,0.4726,0.1368,0.0065,0.0,0.2974,0.414,0.1974,0.9622,0.8632,0.3523,0.8184,0.8632,0.5274,0.6477
phase5_H_more_selective_predictions.json,31,31,decision_loop,more_selective,More Selective,policy_sweep,What does the French constitution state for the language in Aslace?,ABSTAIN,0,0,1,1,RERANK,,2,3,standardisation of dutch language,0.3588,0.0815,0.0446,0.0815,0.1644,0.617,0.1644,0.9965,0.9185,0.0105,0.9554,0.9185,0.6412,0.9895
phase5_H_more_selective_predictions.json,31,31,decision_loop,more_selective,More Selective,policy_sweep,What does the French constitution state for the language in Aslace?,ABSTAIN,0,0,2,2,RETRIEVE_MORE,RERANK,2,3,standardisation of dutch language,0.3588,0.0815,0.045,0.0,0.1944,0.5866,0.1944,0.9965,0.9185,0.1605,0.9104,0.9185,0.6412,0.8395
phase5_H_more_selective_predictions.json,31,31,decision_loop,more_selective,More Selective,policy_sweep,What does the French constitution state for the language in Aslace?,ABSTAIN,0,0,3,3,RERANK,RETRIEVE_MORE,1,5,standardisation of dutch language,0.2648,0.0815,0.0041,0.0,0.1609,0.4438,0.0609,0.9721,0.9185,0.1577,0.9064,0.9185,0.7352,0.8423
phase5_H_more_selective_predictions.json,31,31,decision_loop,more_selective,More Selective,policy_sweep,What does the French constitution state for the language in Aslace?,ABSTAIN,0,0,4,4,STOP,RERANK,1,3,standardisation of dutch language,0.3588,0.0815,0.0,0.0,0.1944,0.4436,0.0944,0.9965,0.9185,0.1605,0.9104,0.9185,0.6412,0.8395
phase5_H_more_selective_predictions.json,32,32,decision_loop,more_selective,More Selective,policy_sweep,Which BYU building features films in several languages?,ANSWER,1,1,1,1,RETRIEVE_MORE,,2,3,international cinema,0.5971,0.1829,0.228,0.1829,0.3641,0.6114,0.3641,0.8633,0.8171,0.3641,0.772,0.8171,0.4029,0.6359
phase5_H_more_selective_predictions.json,32,32,decision_loop,more_selective,More Selective,policy_sweep,Which BYU building features films in several languages?,ANSWER,1,1,2,2,STOP,RETRIEVE_MORE,1,5,international cinema,0.4362,0.1829,0.0065,0.0,0.3181,0.3955,0.2181,0.9086,0.8171,0.4159,0.7655,0.8171,0.5638,0.5841
phase5_H_more_selective_predictions.json,33,33,decision_loop,more_selective,More Selective,policy_sweep,What has helped geneologists researching slaves?,ABSTAIN,0,0,1,1,RERANK,,2,3,slave ships stopping at ports such as charleston,0.3812,0.0605,0.051,0.0605,0.1739,0.6063,0.1739,0.9953,0.9395,0.0661,0.949,0.9395,0.6188,0.9339
phase5_H_more_selective_predictions.json,33,33,decision_loop,more_selective,More Selective,policy_sweep,What has helped geneologists researching slaves?,ABSTAIN,0,0,2,2,RETRIEVE_MORE,RERANK,2,3,slave ships stopping at ports such as charleston,0.3812,0.0605,0.045,0.0,0.2039,0.5844,0.2039,0.9953,0.9395,0.2161,0.904,0.9395,0.6188,0.7839
phase5_H_more_selective_predictions.json,33,33,decision_loop,more_selective,More Selective,policy_sweep,What has helped geneologists researching slaves?,ABSTAIN,0,0,3,3,RERANK,RETRIEVE_MORE,1,5,slave ships stopping at ports such as charleston,0.2492,0.0605,0.0,0.0,0.1497,0.4449,0.0497,0.9851,0.9395,0.1762,0.9139,0.9395,0.7508,0.8238
phase5_H_more_selective_predictions.json,33,33,decision_loop,more_selective,More Selective,policy_sweep,What has helped geneologists researching slaves?,ABSTAIN,0,0,4,4,RETRIEVE_MORE,RERANK,1,3,treaties,0.4298,0.0777,0.0,0.0172,0.2044,0.4565,0.1044,0.9738,0.9223,0.0951,0.9274,0.9223,0.5702,0.9049
phase5_H_more_selective_predictions.json,33,33,decision_loop,more_selective,More Selective,policy_sweep,What has helped geneologists researching slaves?,ABSTAIN,0,0,5,5,STOP,RETRIEVE_MORE,0,5,treaties,0.3086,0.0777,0.0385,0.0,0.1866,0.3265,-0.0134,0.9662,0.9223,0.2183,0.8889,0.9223,0.6914,0.7817
phase5_H_more_selective_predictions.json,34,34,decision_loop,more_selective,More Selective,policy_sweep,When did the first free election take place?,ANSWER,1,1,1,1,RETRIEVE_MORE,,2,3,1492,0.5376,0.1743,0.1911,0.1743,0.3252,0.6096,0.3252,0.9194,0.8257,0.2929,0.8089,0.8257,0.4624,0.7071
phase5_H_more_selective_predictions.json,34,34,decision_loop,more_selective,More Selective,policy_sweep,When did the first free election take place?,ANSWER,1,1,2,2,RETRIEVE_MORE,RETRIEVE_MORE,1,5,1492,0.4015,0.1743,0.0208,0.0,0.2927,0.4091,0.1927,0.9292,0.8257,0.3687,0.7881,0.8257,0.5985,0.6313
phase5_H_more_selective_predictions.json,34,34,decision_loop,more_selective,More Selective,policy_sweep,When did the first free election take place?,ANSWER,1,1,3,3,ANSWER,RETRIEVE_MORE,0,5,1492,0.3995,0.1743,0.0089,0.0,0.2918,0.2794,0.0918,0.9279,0.8257,0.3677,0.7881,0.8257,0.6005,0.6323
phase5_H_more_selective_predictions.json,35,35,decision_loop,more_selective,More Selective,policy_sweep,Of what discipline is ethology a branch?,ANSWER,1,1,1,1,RETRIEVE_MORE,,2,3,zoology,0.451,0.1628,0.135,0.1628,0.2631,0.6179,0.2631,0.972,0.8372,0.16,0.865,0.8372,0.549,0.84
phase5_H_more_selective_predictions.json,35,35,decision_loop,more_selective,More Selective,policy_sweep,Of what discipline is ethology a branch?,ANSWER,1,1,2,2,RERANK,RETRIEVE_MORE,1,5,zoology,0.3276,0.1628,0.0111,0.0,0.2288,0.4283,0.1288,0.9829,0.8372,0.2041,0.8539,0.8372,0.6724,0.7959
phase5_H_more_selective_predictions.json,35,35,decision_loop,more_selective,More Selective,policy_sweep,Of what discipline is ethology a branch?,ANSWER,1,1,3,3,RETRIEVE_MORE,RERANK,1,3,zoology,0.451,0.1628,0.0339,0.0,0.2931,0.4256,0.1931,0.972,0.8372,0.31,0.82,0.8372,0.549,0.69
phase5_H_more_selective_predictions.json,35,35,decision_loop,more_selective,More Selective,policy_sweep,Of what discipline is ethology a branch?,ANSWER,1,1,4,4,STOP,RETRIEVE_MORE,0,5,zoology,0.3276,0.1628,0.0,0.0,0.2288,0.2989,0.0288,0.9829,0.8372,0.2041,0.8539,0.8372,0.6724,0.7959
phase5_H_more_selective_predictions.json,36,36,decision_loop,more_selective,More Selective,policy_sweep,What New Haven trial is known to be the longest in the history of Connecticut?,ABSTAIN,0,0,1,1,RERANK,,2,3,bridgeport,0.3993,0.1679,0.1099,0.1679,0.2313,0.6287,0.2313,0.9902,0.8321,0.0799,0.8901,0.8321,0.6007,0.9201
phase5_H_more_selective_predictions.json,36,36,decision_loop,more_selective,More Selective,policy_sweep,What New Haven trial is known to be the longest in the history of Connecticut?,ABSTAIN,0,0,2,2,RETRIEVE_MORE,RERANK,2,3,bridgeport,0.3893,0.1679,0.0269,0.0,0.244,0.5629,0.244,0.9778,0.8321,0.1611,0.8633,0.8321,0.6107,0.8389
phase5_H_more_selective_predictions.json,36,36,decision_loop,more_selective,More Selective,policy_sweep,What New Haven trial is known to be the longest in the history of Connecticut?,ABSTAIN,0,0,3,3,RERANK,RETRIEVE_MORE,1,5,bridgeport,0.2686,0.1679,0.0,0.0,0.2011,0.4276,0.1011,0.9787,0.8321,0.1576,0.8645,0.8321,0.7314,0.8424
phase5_H_more_selective_predictions.json,36,36,decision_loop,more_selective,More Selective,policy_sweep,What New Haven trial is known to be the longest in the history of Connecticut?,ABSTAIN,0,0,4,4,STOP,RERANK,1,3,bridgeport,0.3893,0.1679,0.0012,0.0,0.244,0.4276,0.144,0.9778,0.8321,0.1611,0.8633,0.8321,0.6107,0.8389
phase5_H_more_selective_predictions.json,37,37,decision_loop,more_selective,More Selective,policy_sweep,In what periodical was the new sovereign status of the Russian Federation first published?,ANSWER,1,1,1,1,RETRIEVE_MORE,,2,3,rossiyskaya gazeta,0.5032,0.1608,0.1678,0.1608,0.2993,0.6084,0.2993,0.9444,0.8392,0.2543,0.8322,0.8392,0.4968,0.7457
phase5_H_more_selective_predictions.json,37,37,decision_loop,more_selective,More Selective,policy_sweep,In what periodical was the new sovereign status of the Russian Federation first published?,ANSWER,1,1,2,2,RERANK,RETRIEVE_MORE,1,5,rossiyskaya gazeta,0.3688,0.1608,0.0249,0.0,0.2687,0.4175,0.1687,0.9432,0.8392,0.3364,0.8073,0.8392,0.6312,0.6636
phase5_H_more_selective_predictions.json,37,37,decision_loop,more_selective,More Selective,policy_sweep,In what periodical was the new sovereign status of the Russian Federation first published?,ANSWER,1,1,3,3,RETRIEVE_MORE,RERANK,1,3,rossiyskaya gazeta,0.5032,0.1608,0.0201,0.0,0.3293,0.4086,0.2293,0.9444,0.8392,0.4043,0.7872,0.8392,0.4968,0.5957
phase5_H_more_selective_predictions.json,37,37,decision_loop,more_selective,More Selective,policy_sweep,In what periodical was the new sovereign status of the Russian Federation first published?,ANSWER,1,1,4,4,STOP,RETRIEVE_MORE,0,5,rossiyskaya gazeta,0.3688,0.1608,0.0,0.0,0.2687,0.2826,0.0687,0.9432,0.8392,0.3364,0.8073,0.8392,0.6312,0.6636
phase5_H_more_selective_predictions.json,38,38,decision_loop,more_selective,More Selective,policy_sweep,The first ship to carry a human through space was called what?,ANSWER,0,1,1,1,RETRIEVE_MORE,,2,3,tardis,0.4063,0.1055,0.0872,0.1055,0.2112,0.6117,0.2112,0.9894,0.8945,0.1077,0.9128,0.8945,0.5937,0.8923
phase5_H_more_selective_predictions.json,38,38,decision_loop,more_selective,More Selective,policy_sweep,The first ship to carry a human through space was called what?,ANSWER,0,1,2,2,RERANK,RETRIEVE_MORE,1,5,tardis,0.2861,0.1055,0.0375,0.0,0.1928,0.4464,0.0928,0.979,0.8945,0.2258,0.8753,0.8945,0.7139,0.7742
phase5_H_more_selective_predictions.json,38,38,decision_loop,more_selective,More Selective,policy_sweep,The first ship to carry a human through space was called what?,ANSWER,0,1,3,3,RETRIEVE_MORE,RERANK,1,3,tardis,0.4816,0.1321,0.0435,0.0266,0.2879,0.4335,0.1879,0.9385,0.8679,0.2997,0.8318,0.8679,0.5184,0.7003
phase5_H_more_selective_predictions.json,38,38,decision_loop,more_selective,More Selective,policy_sweep,The first ship to carry a human through space was called what?,ANSWER,0,1,4,4,STOP,RETRIEVE_MORE,0,5,tardis,0.3445,0.1321,0.0,0.0,0.2314,0.2964,0.0314,0.9508,0.8679,0.2571,0.847,0.8679,0.6555,0.7429
phase5_H_more_selective_predictions.json,39,39,decision_loop,more_selective,More Selective,policy_sweep,What is an alloy?,ANSWER,0,1,1,1,RETRIEVE_MORE,,2,3,alloys,0.4483,0.1009,0.0915,0.1009,0.2246,0.6083,0.2246,0.9618,0.8991,0.1116,0.9085,0.8991,0.5517,0.8884
phase5_H_more_selective_predictions.json,39,39,decision_loop,more_selective,More Selective,policy_sweep,What is an alloy?,ANSWER,0,1,2,2,RERANK,RETRIEVE_MORE,1,5,alloys,0.3072,0.1009,0.0324,0.0,0.1982,0.4446,0.0982,0.9723,0.8991,0.2265,0.8761,0.8991,0.6928,0.7735
phase5_H_more_selective_predictions.json,39,39,decision_loop,more_selective,More Selective,policy_sweep,What is an alloy?,ANSWER,0,1,3,3,RETRIEVE_MORE,RERANK,1,3,alloys,0.4843,0.1195,0.0566,0.0187,0.2979,0.4345,0.1979,0.9558,0.8805,0.3728,0.8195,0.8805,0.5157,0.6272
phase5_H_more_selective_predictions.json,39,39,decision_loop,more_selective,More Selective,policy_sweep,What is an alloy?,ANSWER,0,1,4,4,STOP,RETRIEVE_MORE,0,5,alloys,0.3537,0.1195,0.0,0.0,0.2401,0.293,0.0401,0.954,0.8805,0.3128,0.8372,0.8805,0.6463,0.6872
phase5_H_more_selective_predictions.json,40,40,decision_loop,more_selective,More Selective,policy_sweep,Where was the Galilean village?,ANSWER,1,1,1,1,RETRIEVE_MORE,,2,3,nazareth,0.5174,0.1696,0.1734,0.1696,0.3075,0.6087,0.3075,0.9324,0.8304,0.2502,0.8266,0.8304,0.4826,0.7498
phase5_H_more_selective_predictions.json,40,40,decision_loop,more_selective,More Selective,policy_sweep,Where was the Galilean village?,ANSWER,1,1,2,2,RETRIEVE_MORE,RETRIEVE_MORE,1,5,nazareth,0.4018,0.1696,0.0311,0.0,0.2858,0.4159,0.1858,0.9178,0.8304,0.3443,0.7955,0.8304,0.5982,0.6557
phase5_H_more_selective_predictions.json,40,40,decision_loop,more_selective,More Selective,policy_sweep,Where was the Galilean village?,ANSWER,1,1,3,3,STOP,RETRIEVE_MORE,0,5,nazareth,0.3769,0.1696,0.0,0.0,0.2658,0.2853,0.0658,0.9314,0.8304,0.2876,0.8152,0.8304,0.6231,0.7124
phase5_H_more_selective_predictions.json,41,41,decision_loop,more_selective,More Selective,policy_sweep,A fifth terminal was opened in 2008 for which UK airline?,ANSWER,0,1,1,1,RETRIEVE_MORE,,2,3,london heathrow airport,0.4387,0.1389,0.1164,0.1389,0.2443,0.6148,0.2443,0.9773,0.8611,0.1413,0.8836,0.8611,0.5613,0.8587
phase5_H_more_selective_predictions.json,41,41,decision_loop,more_selective,More Selective,policy_sweep,A fifth terminal was opened in 2008 for which UK airline?,ANSWER,0,1,2,2,RERANK,RETRIEVE_MORE,1,5,london heathrow airport,0.3318,0.1389,0.0395,0.0,0.23,0.4362,0.13,0.9532,0.8611,0.2568,0.8442,0.8611,0.6682,0.7432
phase5_H_more_selective_predictions.json,41,41,decision_loop,more_selective,More Selective,policy_sweep,A fifth terminal was opened in 2008 for which UK airline?,ANSWER,0,1,3,3,STOP,RERANK,1,3,london heathrow airport,0.4332,0.1389,0.0,0.0,0.2617,0.4235,0.1617,0.9682,0.8611,0.2382,0.8527,0.8611,0.5668,0.7618
phase5_H_more_selective_predictions.json,42,42,decision_loop,more_selective,More Selective,policy_sweep,Does Florida benefit from taxes,ANSWER,0,1,1,1,RETRIEVE_MORE,,2,3,exemptions,0.5134,0.0871,0.1253,0.0871,0.2641,0.6063,0.2641,0.9304,0.9129,0.2262,0.8747,0.9129,0.4866,0.7738
phase5_H_more_selective_predictions.json,42,42,decision_loop,more_selective,More Selective,policy_sweep,Does Florida benefit from taxes,ANSWER,0,1,2,2,RETRIEVE_MORE,RETRIEVE_MORE,1,5,exemptions,0.4189,0.0871,0.0411,0.0,0.2527,0.4332,0.1527,0.8872,0.9129,0.3346,0.8335,0.9129,0.5811,0.6654
phase5_H_more_selective_predictions.json,42,42,decision_loop,more_selective,More Selective,policy_sweep,Does Florida benefit from taxes,ANSWER,0,1,3,3,STOP,RETRIEVE_MORE,0,5,exemptions,0.4441,0.104,0.0411,0.0169,0.2856,0.2975,0.0856,0.9,0.896,0.417,0.8029,0.896,0.5559,0.583
phase5_H_more_selective_predictions.json,43,43,decision_loop,more_selective,More Selective,policy_sweep,What two members of city council were convicted of extortion in 2005?,ANSWER,0,1,1,1,RETRIEVE_MORE,,2,3,the mayor and 10 city council members,0.4075,0.1404,0.0834,0.1404,0.2096,0.627,0.2096,0.9626,0.8596,0.0191,0.9166,0.8596,0.5925,0.9809
phase5_H_more_selective_predictions.json,43,43,decision_loop,more_selective,More Selective,policy_sweep,What two members of city council were convicted of extortion in 2005?,ANSWER,0,1,2,2,RERANK,RETRIEVE_MORE,1,5,the mayor and 10 city council members,0.2814,0.1404,0.0416,0.0,0.1943,0.4479,0.0943,0.9706,0.8596,0.1632,0.8749,0.8596,0.7186,0.8368
phase5_H_more_selective_predictions.json,43,43,decision_loop,more_selective,More Selective,policy_sweep,What two members of city council were convicted of extortion in 2005?,ANSWER,0,1,3,3,RETRIEVE_MORE,RERANK,1,3,the mayor and 10 city council members,0.4372,0.1644,0.0481,0.024,0.2847,0.4336,0.1847,0.9778,0.8356,0.2884,0.8268,0.8356,0.5628,0.7116
phase5_H_more_selective_predictions.json,43,43,decision_loop,more_selective,More Selective,policy_sweep,What two members of city council were convicted of extortion in 2005?,ANSWER,0,1,4,4,STOP,RETRIEVE_MORE,0,5,the mayor and 10 city council members,0.325,0.1644,0.0,0.0,0.2383,0.2919,0.0383,0.9601,0.8356,0.2529,0.8339,0.8356,0.675,0.7471
phase5_H_more_selective_predictions.json,44,44,decision_loop,more_selective,More Selective,policy_sweep,What can affect how a person is treated?,ANSWER,0,1,1,1,RETRIEVE_MORE,,2,3,sexual_orientation,0.5751,0.1823,0.1986,0.1823,0.3291,0.6099,0.3291,0.8061,0.8177,0.2289,0.8014,0.8177,0.4249,0.7711
phase5_H_more_selective_predictions.json,44,44,decision_loop,more_selective,More Selective,policy_sweep,What can affect how a person is treated?,ANSWER,0,1,2,2,RETRIEVE_MORE,RETRIEVE_MORE,1,5,sexual_orientation,0.4215,0.1823,0.0126,0.0,0.2931,0.4061,0.1931,0.8763,0.8177,0.3178,0.7888,0.8177,0.5785,0.6822
phase5_H_more_selective_predictions.json,44,44,decision_loop,more_selective,More Selective,policy_sweep,What can affect how a person is treated?,ANSWER,0,1,3,3,STOP,RETRIEVE_MORE,0,5,sexual_orientation,0.3605,0.1823,0.0,0.0,0.2669,0.2832,0.0669,0.9411,0.8177,0.2935,0.809,0.8177,0.6395,0.7065
phase5_H_more_selective_predictions.json,45,45,decision_loop,more_selective,More Selective,policy_sweep,What currency did the euro replace in Portugal?,ABSTAIN,0,0,1,1,RETRIEVE_MORE,,2,3,portuguese escudo,0.4241,0.158,0.1189,0.158,0.2439,0.6216,0.2439,0.9831,0.842,0.1216,0.8811,0.842,0.5759,0.8784
phase5_H_more_selective_predictions.json,45,45,decision_loop,more_selective,More Selective,policy_sweep,What currency did the euro replace in Portugal?,ABSTAIN,0,0,2,2,RERANK,RETRIEVE_MORE,1,5,greek drachma,0.3657,0.158,0.0,0.0,0.2077,0.4382,0.1077,0.9338,0.842,0.0431,0.8948,0.842,0.6343,0.9569
phase5_H_more_selective_predictions.json,45,45,decision_loop,more_selective,More Selective,policy_sweep,What currency did the euro replace in Portugal?,ABSTAIN,0,0,3,3,RETRIEVE_MORE,RERANK,1,3,portuguese escudo,0.4241,0.158,0.0137,0.0,0.2439,0.4389,0.1439,0.9831,0.842,0.1216,0.8811,0.842,0.5759,0.8784
phase5_H_more_selective_predictions.json,45,45,decision_loop,more_selective,More Selective,policy_sweep,What currency did the euro replace in Portugal?,ABSTAIN,0,0,4,4,STOP,RETRIEVE_MORE,0,5,greek drachma,0.3657,0.158,0.0,0.0,0.2077,0.3132,0.0077,0.9338,0.842,0.0431,0.8948,0.842,0.6343,0.9569
phase5_H_more_selective_predictions.json,46,46,decision_loop,more_selective,More Selective,policy_sweep,"Which Chinese suffix means ""area, district, region, ward""?",ABSTAIN,0,0,1,1,RETRIEVE_MORE,,2,3,q,0.5021,0.078,0.1035,0.078,0.2415,0.6052,0.2415,0.9078,0.922,0.1535,0.8965,0.922,0.4979,0.8465
phase5_H_more_selective_predictions.json,46,46,decision_loop,more_selective,More Selective,policy_sweep,"Which Chinese suffix means ""area, district, region, ward""?",ABSTAIN,0,0,2,2,RERANK,RETRIEVE_MORE,1,5,q,0.3011,0.078,0.0117,0.0,0.186,0.4394,0.086,0.9606,0.922,0.2275,0.8849,0.922,0.6989,0.7725
phase5_H_more_selective_predictions.json,46,46,decision_loop,more_selective,More Selective,policy_sweep,"Which Chinese suffix means ""area, district, region, ward""?",ABSTAIN,0,0,3,3,STOP,RERANK,1,3,jackson,0.3766,0.0798,0.0,0.0018,0.1695,0.4599,0.0695,0.9869,0.9202,0.0087,0.9549,0.9202,0.6234,0.9913
phase5_H_more_selective_predictions.json,47,47,decision_loop,more_selective,More Selective,policy_sweep,What was another goal of the invasion of Saxony?,ANSWER,0,1,1,1,RERANK,,2,3,recapture normandy,0.3946,0.0814,0.0488,0.0814,0.1762,0.6155,0.1762,0.9708,0.9186,0.0074,0.9512,0.9186,0.6054,0.9926
phase5_H_more_selective_predictions.json,47,47,decision_loop,more_selective,More Selective,policy_sweep,What was another goal of the invasion of Saxony?,ANSWER,0,1,2,2,RETRIEVE_MORE,RERANK,2,3,recapture normandy,0.4673,0.099,0.0988,0.0177,0.2675,0.5879,0.2675,0.9551,0.901,0.2969,0.8524,0.901,0.5327,0.7031
phase5_H_more_selective_predictions.json,47,47,decision_loop,more_selective,More Selective,policy_sweep,What was another goal of the invasion of Saxony?,ANSWER,0,1,3,3,RERANK,RETRIEVE_MORE,1,5,recapture normandy,0.3291,0.099,0.0,0.0,0.2104,0.4285,0.1104,0.9635,0.901,0.2535,0.8672,0.901,0.6709,0.7465
phase5_H_more_selective_predictions.json,47,47,decision_loop,more_selective,More Selective,policy_sweep,What was another goal of the invasion of Saxony?,ANSWER,0,1,4,4,STOP,RERANK,1,3,recapture normandy,0.4464,0.099,0.0093,0.0,0.2589,0.429,0.1589,0.9722,0.901,0.2904,0.8578,0.901,0.5536,0.7096
phase5_H_more_selective_predictions.json,48,48,decision_loop,more_selective,More Selective,policy_sweep,In what year was War on the Floor released?,ANSWER,0,1,1,1,RETRIEVE_MORE,,2,3,2013,0.6326,0.1751,0.2376,0.1751,0.3722,0.6119,0.3722,0.7894,0.8249,0.3598,0.7624,0.8249,0.3674,0.6402
phase5_H_more_selective_predictions.json,48,48,decision_loop,more_selective,More Selective,policy_sweep,In what year was War on the Floor released?,ANSWER,0,1,2,2,STOP,RETRIEVE_MORE,1,5,2013,0.4543,0.1751,0.0,0.0,0.3195,0.3929,0.2195,0.8771,0.8249,0.4084,0.7653,0.8249,0.5457,0.5916
phase5_H_more_selective_predictions.json,49,49,decision_loop,more_selective,More Selective,policy_sweep,Who was the main opponent that began to argue that the flat canvas did not support Cubism?,ANSWER,0,1,1,1,RETRIEVE_MORE,,2,3,nasser,0.4028,0.091,0.0739,0.091,0.1994,0.6106,0.1994,0.9896,0.909,0.0876,0.9261,0.909,0.5972,0.9124
phase5_H_more_selective_predictions.json,49,49,decision_loop,more_selective,More Selective,policy_sweep,Who was the main opponent that began to argue that the flat canvas did not support Cubism?,ANSWER,0,1,2,2,RERANK,RETRIEVE_MORE,1,5,nasser,0.2996,0.091,0.0437,0.0,0.1889,0.4513,0.0889,0.9625,0.909,0.2151,0.8825,0.909,0.7004,0.7849
phase5_H_more_selective_predictions.json,49,49,decision_loop,more_selective,More Selective,policy_sweep,Who was the main opponent that began to argue that the flat canvas did not support Cubism?,ANSWER,0,1,3,3,RETRIEVE_MORE,RERANK,1,3,nasser,0.4634,0.1071,0.044,0.0161,0.278,0.4361,0.178,0.9669,0.8929,0.3379,0.8385,0.8929,0.5366,0.6621
phase5_H_more_selective_predictions.json,49,49,decision_loop,more_selective,More Selective,policy_sweep,Who was the main opponent that began to argue that the flat canvas did not support Cubism?,ANSWER,0,1,4,4,STOP,RETRIEVE_MORE,0,5,nasser,0.3467,0.1071,0.0,0.0,0.2277,0.2972,0.0277,0.9491,0.8929,0.2906,0.8491,0.8929,0.6533,0.7094
phase5_predictions.json,0,0,decision_loop,phase5_default,Phase5 Default,compare_small,What poet wrote a long poem describing Roman religious holidays?,ANSWER,1,1,1,1,RETRIEVE_MORE,,2,3,ovid,0.6484,0.1815,0.2627,0.1815,0.3977,0.6131,0.3977,0.8082,0.8185,0.4453,0.7373,0.8185,0.3516,0.5547
phase5_predictions.json,0,0,decision_loop,phase5_default,Phase5 Default,compare_small,What poet wrote a long poem describing Roman religious holidays?,ANSWER,1,1,2,2,STOP,RETRIEVE_MORE,1,5,ovid,0.4733,0.1815,0.0,0.0,0.3315,0.3892,0.2315,0.8595,0.8185,0.4208,0.7549,0.8185,0.5267,0.5792
phase5_predictions.json,1,1,decision_loop,phase5_default,Phase5 Default,compare_small,What is the form of hydrogen and carbon called?,ANSWER,0,1,1,1,RETRIEVE_MORE,,2,3,ortho-para,0.409,0.1404,0.0941,0.1404,0.2199,0.6232,0.2199,0.9822,0.8596,0.0678,0.9059,0.8596,0.591,0.9322
phase5_predictions.json,1,1,decision_loop,phase5_default,Phase5 Default,compare_small,What is the form of hydrogen and carbon called?,ANSWER,0,1,2,2,RERANK,RETRIEVE_MORE,1,5,ortho-para,0.2859,0.1404,0.0404,0.0,0.2028,0.4441,0.1028,0.9746,0.8596,0.1974,0.8655,0.8596,0.7141,0.8026
phase5_predictions.json,1,1,decision_loop,phase5_default,Phase5 Default,compare_small,What is the form of hydrogen and carbon called?,ANSWER,0,1,3,3,RETRIEVE_MORE,RERANK,1,3,ortho-para,0.4489,0.1645,0.0475,0.0241,0.2942,0.4303,0.1942,0.9736,0.8355,0.3151,0.818,0.8355,0.5511,0.6849
phase5_predictions.json,1,1,decision_loop,phase5_default,Phase5 Default,compare_small,What is the form of hydrogen and carbon called?,ANSWER,0,1,4,4,STOP,RETRIEVE_MORE,0,5,ortho-para,0.3298,0.1645,0.0,0.0,0.2437,0.29,0.0437,0.9611,0.8355,0.2713,0.8286,0.8355,0.6702,0.7287
phase5_predictions.json,2,2,decision_loop,phase5_default,Phase5 Default,compare_small,What adjective did Lawrence Toppman use to describe Craig's portrayal of James Bond?,ANSWER,1,1,1,1,RETRIEVE_MORE,,2,3,bored,0.6383,0.3308,0.3315,0.3308,0.4592,0.6166,0.4592,0.8213,0.6692,0.4346,0.6685,0.6692,0.3617,0.5654
phase5_predictions.json,2,2,decision_loop,phase5_default,Phase5 Default,compare_small,What adjective did Lawrence Toppman use to describe Craig's portrayal of James Bond?,ANSWER,1,1,2,2,ANSWER,RETRIEVE_MORE,1,5,bored,0.5064,0.3308,0.0131,0.0,0.425,0.3596,0.325,0.8458,0.6692,0.4948,0.6553,0.6692,0.4936,0.5052
phase5_predictions.json,3,3,decision_loop,phase5_default,Phase5 Default,compare_small,To what two islands does the ferry service connect?,ANSWER,0,1,1,1,RETRIEVE_MORE,,2,3,east cowes and cowes,0.4183,0.12,0.0982,0.12,0.2239,0.6136,0.2239,0.9854,0.88,0.1175,0.9018,0.88,0.5817,0.8825
phase5_predictions.json,3,3,decision_loop,phase5_default,Phase5 Default,compare_small,To what two islands does the ferry service connect?,ANSWER,0,1,2,2,RERANK,RETRIEVE_MORE,1,5,east cowes and cowes,0.3123,0.12,0.0405,0.0,0.2109,0.4427,0.1109,0.9631,0.88,0.2377,0.8613,0.88,0.6877,0.7623
phase5_predictions.json,3,3,decision_loop,phase5_default,Phase5 Default,compare_small,To what two islands does the ferry service connect?,ANSWER,0,1,3,3,STOP,RERANK,1,3,east cowes and cowes,0.4183,0.12,0.0045,0.0,0.2539,0.4267,0.1539,0.9854,0.88,0.2675,0.8568,0.88,0.5817,0.7325
phase5_predictions.json,4,4,decision_loop,phase5_default,Phase5 Default,compare_small,What took the place of Mac's Xserve server?,ANSWER,1,1,1,1,RETRIEVE_MORE,,2,3,mac mini and mac pro,0.471,0.1313,0.1278,0.1313,0.2601,0.6078,0.2601,0.9609,0.8687,0.181,0.8722,0.8687,0.529,0.819
phase5_predictions.json,4,4,decision_loop,phase5_default,Phase5 Default,compare_small,What took the place of Mac's Xserve server?,ANSWER,1,1,2,2,RERANK,RETRIEVE_MORE,1,5,mac mini and mac pro,0.3318,0.1313,0.0281,0.0,0.2307,0.4317,0.1307,0.9649,0.8687,0.2775,0.8441,0.8687,0.6682,0.7225
phase5_predictions.json,4,4,decision_loop,phase5_default,Phase5 Default,compare_small,What took the place of Mac's Xserve server?,ANSWER,1,1,3,3,RETRIEVE_MORE,RERANK,1,3,mac mini and mac pro,0.471,0.1313,0.0169,0.0,0.2901,0.4213,0.1901,0.9609,0.8687,0.331,0.8272,0.8687,0.529,0.669
phase5_predictions.json,4,4,decision_loop,phase5_default,Phase5 Default,compare_small,What took the place of Mac's Xserve server?,ANSWER,1,1,4,4,STOP,RETRIEVE_MORE,0,5,mac mini and mac pro,0.3318,0.1313,0.0,0.0,0.2307,0.2954,0.0307,0.9649,0.8687,0.2775,0.8441,0.8687,0.6682,0.7225
phase5_predictions.json,5,5,decision_loop,phase5_default,Phase5 Default,compare_small,What is one example of an application that videoconferencing manufacturers have begun to offer?,ANSWER,0,1,1,1,RETRIEVE_MORE,,2,3,live and still image streaming,0.4617,0.0789,0.0852,0.0789,0.2208,0.6043,0.2208,0.9491,0.9211,0.1185,0.9148,0.9211,0.5383,0.8815
phase5_predictions.json,5,5,decision_loop,phase5_default,Phase5 Default,compare_small,What is one example of an application that videoconferencing manufacturers have begun to offer?,ANSWER,0,1,2,2,RERANK,RETRIEVE_MORE,1,5,live and still image streaming,0.2899,0.0789,0.0265,0.0,0.1818,0.4465,0.0818,0.9753,0.9211,0.2244,0.8883,0.9211,0.7101,0.7756
phase5_predictions.json,5,5,decision_loop,phase5_default,Phase5 Default,compare_small,What is one example of an application that videoconferencing manufacturers have begun to offer?,ANSWER,0,1,3,3,STOP,RERANK,1,3,live and still image streaming,0.3854,0.0789,0.0,0.0,0.2118,0.439,0.1118,0.9933,0.9211,0.2073,0.897,0.9211,0.6146,0.7927
phase5_predictions.json,6,6,decision_loop,phase5_default,Phase5 Default,compare_small,What are Italian dialects termed in the Italian language?,ANSWER,0,1,1,1,RETRIEVE_MORE,,2,3,dialects,0.6918,0.1319,0.2028,0.1319,0.3782,0.6101,0.3782,0.8911,0.8681,0.3837,0.7972,0.8681,0.3082,0.6163
phase5_predictions.json,6,6,decision_loop,phase5_default,Phase5 Default,compare_small,What are Italian dialects termed in the Italian language?,ANSWER,0,1,2,2,STOP,RETRIEVE_MORE,1,5,dialects,0.4657,0.1319,0.0018,0.0,0.304,0.4041,0.204,0.919,0.8681,0.4082,0.7954,0.8681,0.5343,0.5918
phase5_predictions.json,7,7,decision_loop,phase5_default,Phase5 Default,compare_small,"Along with exhibition and distribution, what business did the Universal Film Manufacturing Company engage in?",ANSWER,1,1,1,1,RETRIEVE_MORE,,2,3,movie production,0.5062,0.1815,0.1596,0.1815,0.2932,0.6168,0.2932,0.9133,0.8185,0.1715,0.8404,0.8185,0.4938,0.8285
phase5_predictions.json,7,7,decision_loop,phase5_default,Phase5 Default,compare_small,"Along with exhibition and distribution, what business did the Universal Film Manufacturing Company engage in?",ANSWER,1,1,2,2,RERANK,RETRIEVE_MORE,1,5,movie production,0.3761,0.1815,0.0288,0.0,0.2688,0.4206,0.1688,0.928,0.8185,0.2774,0.8116,0.8185,0.6239,0.7226
phase5_predictions.json,7,7,decision_loop,phase5_default,Phase5 Default,compare_small,"Along with exhibition and distribution, what business did the Universal Film Manufacturing Company engage in?",ANSWER,1,1,3,3,STOP,RERANK,1,3,movie production,0.4559,0.1815,0.0,0.0,0.2915,0.4132,0.1915,0.9474,0.8185,0.2512,0.8234,0.8185,0.5441,0.7488
phase5_predictions.json,8,8,decision_loop,phase5_default,Phase5 Default,compare_small,Whose life was 'Schindler's List' based on?,ANSWER,1,1,1,1,RETRIEVE_MORE,,2,3,oskar schindler,0.6628,0.2277,0.2912,0.2277,0.4236,0.6146,0.4236,0.7817,0.7723,0.4457,0.7088,0.7723,0.3372,0.5543
phase5_predictions.json,8,8,decision_loop,phase5_default,Phase5 Default,compare_small,Whose life was 'Schindler's List' based on?,ANSWER,1,1,2,2,STOP,RETRIEVE_MORE,1,5,oskar schindler,0.5082,0.2277,0.0,0.0,0.3613,0.3829,0.2613,0.8603,0.7723,0.4048,0.7368,0.7723,0.4918,0.5952
phase5_predictions.json,9,9,decision_loop,phase5_default,Phase5 Default,compare_small,In what presidential election year did Schwarzenegger make a name for himself as a prominent Republican?,ABSTAIN,0,0,1,1,RERANK,,2,3,2008,0.3674,0.1548,0.081,0.1548,0.1995,0.6336,0.1995,0.9919,0.8452,0.0065,0.919,0.8452,0.6326,0.9935
phase5_predictions.json,9,9,decision_loop,phase5_default,Phase5 Default,compare_small,In what presidential election year did Schwarzenegger make a name for himself as a prominent Republican?,ABSTAIN,0,0,2,2,RETRIEVE_MORE,RERANK,2,3,2008,0.3674,0.1548,0.045,0.0,0.2295,0.5739,0.2295,0.9919,0.8452,0.1565,0.874,0.8452,0.6326,0.8435
phase5_predictions.json,9,9,decision_loop,phase5_default,Phase5 Default,compare_small,In what presidential election year did Schwarzenegger make a name for himself as a prominent Republican?,ABSTAIN,0,0,3,3,RERANK,RETRIEVE_MORE,1,5,2006,0.3614,0.1548,0.0,0.0,0.2154,0.4343,0.1154,0.9497,0.8452,0.0962,0.8837,0.8452,0.6386,0.9038
phase5_predictions.json,9,9,decision_loop,phase5_default,Phase5 Default,compare_small,In what presidential election year did Schwarzenegger make a name for himself as a prominent Republican?,ABSTAIN,0,0,4,4,STOP,RERANK,1,3,2008,0.3674,0.1548,0.0,0.0,0.1995,0.4467,0.0995,0.9919,0.8452,0.0065,0.919,0.8452,0.6326,0.9935
single_shot_abstain_predictions.json,0,0,single_shot_abstain,none,None,compare_small,What poet wrote a long poem describing Roman religious holidays?,ABSTAIN,0,0,1,1,ABSTAIN,,0,3,,,,,,,,,,,,0.7373,0.8185,0.3516,0.5547
single_shot_abstain_predictions.json,1,1,single_shot_abstain,none,None,compare_small,What is the form of hydrogen and carbon called?,ABSTAIN,0,0,1,1,ABSTAIN,,0,3,,,,,,,,,,,,0.9059,0.8596,0.591,0.9322
single_shot_abstain_predictions.json,2,2,single_shot_abstain,none,None,compare_small,What adjective did Lawrence Toppman use to describe Craig's portrayal of James Bond?,ABSTAIN,0,0,1,1,ABSTAIN,,0,3,,,,,,,,,,,,0.6685,0.6692,0.3617,0.5654
single_shot_abstain_predictions.json,3,3,single_shot_abstain,none,None,compare_small,To what two islands does the ferry service connect?,ABSTAIN,0,0,1,1,ABSTAIN,,0,3,,,,,,,,,,,,0.9018,0.88,0.5817,0.8825
single_shot_abstain_predictions.json,4,4,single_shot_abstain,none,None,compare_small,What took the place of Mac's Xserve server?,ABSTAIN,0,0,1,1,ABSTAIN,,0,3,,,,,,,,,,,,0.8722,0.8687,0.529,0.819
single_shot_abstain_predictions.json,5,5,single_shot_abstain,none,None,compare_small,What is one example of an application that videoconferencing manufacturers have begun to offer?,ABSTAIN,0,0,1,1,ABSTAIN,,0,3,,,,,,,,,,,,0.9148,0.9211,0.5383,0.8815
single_shot_abstain_predictions.json,6,6,single_shot_abstain,none,None,compare_small,What are Italian dialects termed in the Italian language?,ABSTAIN,0,0,1,1,ABSTAIN,,0,3,,,,,,,,,,,,0.7972,0.8681,0.3082,0.6163
single_shot_abstain_predictions.json,7,7,single_shot_abstain,none,None,compare_small,"Along with exhibition and distribution, what business did the Universal Film Manufacturing Company engage in?",ABSTAIN,0,0,1,1,ABSTAIN,,0,3,,,,,,,,,,,,0.8404,0.8185,0.4938,0.8285
single_shot_abstain_predictions.json,8,8,single_shot_abstain,none,None,compare_small,Whose life was 'Schindler's List' based on?,ABSTAIN,0,0,1,1,ABSTAIN,,0,3,,,,,,,,,,,,0.7088,0.7723,0.3372,0.5543
single_shot_abstain_predictions.json,9,9,single_shot_abstain,none,None,compare_small,In what presidential election year did Schwarzenegger make a name for himself as a prominent Republican?,ABSTAIN,0,0,1,1,ABSTAIN,,0,3,,,,,,,,,,,,0.919,0.8452,0.6326,0.9935
single_shot_predictions.json,0,0,single_shot,none,None,compare_small,What poet wrote a long poem describing Roman religious holidays?,ANSWER,0,1,1,1,SINGLE_SHOT_ANSWER,,0,3,,,,,,,,,,,,0.7373,0.8185,0.3516,0.5547
single_shot_predictions.json,1,1,single_shot,none,None,compare_small,What is the form of hydrogen and carbon called?,ANSWER,0,1,1,1,SINGLE_SHOT_ANSWER,,0,3,,,,,,,,,,,,0.9059,0.8596,0.591,0.9322
single_shot_predictions.json,2,2,single_shot,none,None,compare_small,What adjective did Lawrence Toppman use to describe Craig's portrayal of James Bond?,ANSWER,1,1,1,1,SINGLE_SHOT_ANSWER,,0,3,,,,,,,,,,,,0.6685,0.6692,0.3617,0.5654
single_shot_predictions.json,3,3,single_shot,none,None,compare_small,To what two islands does the ferry service connect?,ANSWER,0,1,1,1,SINGLE_SHOT_ANSWER,,0,3,,,,,,,,,,,,0.9018,0.88,0.5817,0.8825
single_shot_predictions.json,4,4,single_shot,none,None,compare_small,What took the place of Mac's Xserve server?,ANSWER,0,1,1,1,SINGLE_SHOT_ANSWER,,0,3,,,,,,,,,,,,0.8722,0.8687,0.529,0.819
single_shot_predictions.json,5,5,single_shot,none,None,compare_small,What is one example of an application that videoconferencing manufacturers have begun to offer?,ANSWER,0,1,1,1,SINGLE_SHOT_ANSWER,,0,3,,,,,,,,,,,,0.9148,0.9211,0.5383,0.8815
single_shot_predictions.json,6,6,single_shot,none,None,compare_small,What are Italian dialects termed in the Italian language?,ANSWER,0,1,1,1,SINGLE_SHOT_ANSWER,,0,3,,,,,,,,,,,,0.7972,0.8681,0.3082,0.6163
single_shot_predictions.json,7,7,single_shot,none,None,compare_small,"Along with exhibition and distribution, what business did the Universal Film Manufacturing Company engage in?",ANSWER,0,1,1,1,SINGLE_SHOT_ANSWER,,0,3,,,,,,,,,,,,0.8404,0.8185,0.4938,0.8285
single_shot_predictions.json,8,8,single_shot,none,None,compare_small,Whose life was 'Schindler's List' based on?,ANSWER,0,1,1,1,SINGLE_SHOT_ANSWER,,0,3,,,,,,,,,,,,0.7088,0.7723,0.3372,0.5543
single_shot_predictions.json,9,9,single_shot,none,None,compare_small,In what presidential election year did Schwarzenegger make a name for himself as a prominent Republican?,ANSWER,0,1,1,1,SINGLE_SHOT_ANSWER,,0,3,,,,,,,,,,,,0.919,0.8452,0.6326,0.9935
single_shot_rerank_predictions.json,0,0,single_shot_rerank,none,None,compare_small,What poet wrote a long poem describing Roman religious holidays?,ANSWER,0,1,1,1,RETRIEVE,,0,5,,,,,,,,,,,,0.7999,0.8185,0.5267,0.7292
single_shot_rerank_predictions.json,0,0,single_shot_rerank,none,None,compare_small,What poet wrote a long poem describing Roman religious holidays?,ANSWER,0,1,2,2,RERANK_ANSWER,,0,3,,,,,,,,,,,,0.8266,0.8185,0.475,0.7856
single_shot_rerank_predictions.json,1,1,single_shot_rerank,none,None,compare_small,What is the form of hydrogen and carbon called?,ANSWER,0,1,1,1,RETRIEVE,,0,5,,,,,,,,,,,,0.9105,0.8596,0.7141,0.9526
single_shot_rerank_predictions.json,1,1,single_shot_rerank,none,None,compare_small,What is the form of hydrogen and carbon called?,ANSWER,0,1,2,2,RERANK_ANSWER,,0,3,,,,,,,,,,,,0.863,0.8355,0.5511,0.8349
single_shot_rerank_predictions.json,2,2,single_shot_rerank,none,None,compare_small,What adjective did Lawrence Toppman use to describe Craig's portrayal of James Bond?,ANSWER,1,1,1,1,RETRIEVE,,0,5,,,,,,,,,,,,0.7003,0.6692,0.4936,0.6552
single_shot_rerank_predictions.json,2,2,single_shot_rerank,none,None,compare_small,What adjective did Lawrence Toppman use to describe Craig's portrayal of James Bond?,ANSWER,1,1,2,2,RERANK_ANSWER,,0,3,,,,,,,,,,,,0.6787,0.6692,0.3846,0.581
single_shot_rerank_predictions.json,3,3,single_shot_rerank,none,None,compare_small,To what two islands does the ferry service connect?,ANSWER,0,1,1,1,RETRIEVE,,0,5,,,,,,,,,,,,0.9063,0.88,0.6877,0.9123
single_shot_rerank_predictions.json,3,3,single_shot_rerank,none,None,compare_small,To what two islands does the ferry service connect?,ANSWER,0,1,2,2,RERANK_ANSWER,,0,3,,,,,,,,,,,,0.9018,0.88,0.5817,0.8825
single_shot_rerank_predictions.json,4,4,single_shot_rerank,none,None,compare_small,What took the place of Mac's Xserve server?,ANSWER,0,1,1,1,RETRIEVE,,0,5,,,,,,,,,,,,0.8891,0.8687,0.6682,0.8725
single_shot_rerank_predictions.json,4,4,single_shot_rerank,none,None,compare_small,What took the place of Mac's Xserve server?,ANSWER,0,1,2,2,RERANK_ANSWER,,0,3,,,,,,,,,,,,0.8722,0.8687,0.529,0.819
single_shot_rerank_predictions.json,5,5,single_shot_rerank,none,None,compare_small,What is one example of an application that videoconferencing manufacturers have begun to offer?,ANSWER,0,1,1,1,RETRIEVE,,0,5,,,,,,,,,,,,0.9333,0.9211,0.7101,0.9256
single_shot_rerank_predictions.json,5,5,single_shot_rerank,none,None,compare_small,What is one example of an application that videoconferencing manufacturers have begun to offer?,ANSWER,0,1,2,2,RERANK_ANSWER,,0,3,,,,,,,,,,,,0.942,0.9211,0.6146,0.9427
single_shot_rerank_predictions.json,6,6,single_shot_rerank,none,None,compare_small,What are Italian dialects termed in the Italian language?,ANSWER,0,1,1,1,RETRIEVE,,0,5,,,,,,,,,,,,0.8404,0.8681,0.5343,0.7418
single_shot_rerank_predictions.json,6,6,single_shot_rerank,none,None,compare_small,What are Italian dialects termed in the Italian language?,ANSWER,0,1,2,2,RERANK_ANSWER,,0,3,,,,,,,,,,,,0.8372,0.8681,0.3582,0.7164
single_shot_rerank_predictions.json,7,7,single_shot_rerank,none,None,compare_small,"Along with exhibition and distribution, what business did the Universal Film Manufacturing Company engage in?",ANSWER,0,1,1,1,RETRIEVE,,0,5,,,,,,,,,,,,0.8566,0.8185,0.6239,0.8726
single_shot_rerank_predictions.json,7,7,single_shot_rerank,none,None,compare_small,"Along with exhibition and distribution, what business did the Universal Film Manufacturing Company engage in?",ANSWER,0,1,2,2,RERANK_ANSWER,,0,3,,,,,,,,,,,,0.8684,0.8185,0.5441,0.8988
single_shot_rerank_predictions.json,8,8,single_shot_rerank,none,None,compare_small,Whose life was 'Schindler's List' based on?,ANSWER,0,1,1,1,RETRIEVE,,0,5,,,,,,,,,,,,0.7818,0.7723,0.4918,0.7452
single_shot_rerank_predictions.json,8,8,single_shot_rerank,none,None,compare_small,Whose life was 'Schindler's List' based on?,ANSWER,0,1,2,2,RERANK_ANSWER,,0,3,,,,,,,,,,,,0.7405,0.7723,0.4004,0.6043
single_shot_rerank_predictions.json,9,9,single_shot_rerank,none,None,compare_small,In what presidential election year did Schwarzenegger make a name for himself as a prominent Republican?,ANSWER,0,1,1,1,RETRIEVE,,0,5,,,,,,,,,,,,0.8837,0.8452,0.6386,0.9038
single_shot_rerank_predictions.json,9,9,single_shot_rerank,none,None,compare_small,In what presidential election year did Schwarzenegger make a name for himself as a prominent Republican?,ANSWER,0,1,2,2,RERANK_ANSWER,,0,3,,,,,,,,,,,,0.919,0.8452,0.6326,0.9935
